event_id,prog_id,athlete_id,full_name,country,finish_status,finish_position,swimtime,t1time,biketime,t2time,runtime,total_time,prog_name,prog_distance_category,event_name,event_date,cat_name,swim_distance,bike_distance,run_distance,swimtime_sec,t1time_sec,biketime_sec,t2time_sec,runtime_sec,total_time_sec,para_subclass,time_factor_sec,time_factor_year,time_factor_applied,swimtime_sec_adjusted,total_time_sec_adjusted,sum_splits_sec,total_time_sec_raw,swimtime_sec_raw,time_factor_segment_sec,distance_panel,swim_pace_s_per_100m,bike_pace_s_per_km,run_pace_s_per_km,bike_speed_kmh,bike_speed_mph,total_time_fmt,event_label,run_pace_s_per_km_outlier,swim_pace_s_per_100m_outlier,runtime_sec_outlier,bike_speed_kmh_outlier,swimtime_sec_outlier,bike_pace_s_per_km_outlier,t1time_sec_outlier,t2time_sec_outlier,biketime_sec_outlier
152698,452762,83022,Alison Peasgood B2,Great Britain,FINISH,3.0,00:13:24,00:02:34,00:33:44,00:00:45,00:19:16,01:13:28,PTVI Women,,AJ Bell 2021 World Triathlon Para Series Leeds,2021-06-05,World Para Series,,,,804.0,154.0,2024.0,45.0,1156.0,4408.0,B2,,,False,804.0,4408.0,4183.0,4183.0,804.0,225.0,Unknown,,,,,,1:13:28,AJ Bell 2021 World Triathlon Para Series Leeds,False,False,False,False,False,False,False,False,False
152698,452762,40701,Susana Rodriguez B1,Spain,FINISH,1.0,00:13:30,00:02:17,00:34:30,00:00:49,00:18:59,01:10:02,PTVI Women,,AJ Bell 2021 World Triathlon Para Series Leeds,2021-06-05,World Para Series,,,,810.0,137.0,2070.0,49.0,1139.0,4202.0,B1,,,False,810.0,4202.0,4205.0,4205.0,810.0,-3.0,Unknown,,,,,,1:10:02,AJ Bell 2021 World Triathlon Para Series Leeds,False,False,False,False,False,False,False,False,False
154584,453938,83022,Alison Peasgood B2,Great Britain,FINISH,1.0,00:11:22,00:01:34,00:34:25,00:01:31,00:21:37,01:14:19,PTVI Women,,2021 World Triathlon Para Cup Besancon,2021-06-13,World Para Cup,,,,682.0,94.0,2065.0,91.0,1297.0,4459.0,B2,,,False,682.0,4459.0,4229.0,4229.0,682.0,230.0,Unknown,,,,,,1:14:19,2021 World Triathlon Para Cup Besancon,False,False,False,False,False,False,False,False,False
154586,453968,40701,Susana Rodriguez B1,Spain,FINISH,1.0,00:13:47,00:01:23,00:33:01,00:01:51,00:20:25,01:10:27,PTVI Women,,2021 World Triathlon Para Cup A Coruna,2021-06-20,World Para Cup,,,,827.0,83.0,1981.0,111.0,1225.0,4227.0,B1,,,False,827.0,4227.0,4227.0,4227.0,827.0,0.0,Unknown,,,,,,1:10:27,2021 World Triathlon Para Cup A Coruna,False,False,False,False,False,False,False,False,False
131301,508226,40701,Susana Rodriguez B1,Spain,FINISH,1.0,00:12:29,00:01:17,00:31:36,00:00:57,00:20:56,01:07:15,PTVI Women,,Tokyo 2020 Paralympic Games,2021-08-24,Major Games,,,,749.0,77.0,1896.0,57.0,1256.0,4035.0,B1,,,False,749.0,4035.0,4035.0,4035.0,749.0,0.0,Unknown,,,,,,1:07:15,Tokyo 2020 Paralympic Games,False,False,False,False,False,False,False,False,False
131301,508226,83022,Alison Peasgood B2,Great Britain,FINISH,4.0,00:12:28,00:01:22,00:31:41,00:01:01,00:21:27,01:11:47,PTVI Women,,Tokyo 2020 Paralympic Games,2021-08-24,Major Games,,,,748.0,82.0,1901.0,61.0,1287.0,4307.0,B2,,,False,748.0,4307.0,4079.0,4079.0,748.0,228.0,Unknown,,,,,,1:11:47,Tokyo 2020 Paralympic Games,False,False,False,False,False,False,False,False,False
155520,500570,40701,Susana Rodriguez B1,Spain,FINISH,1.0,00:10:21,00:01:28,00:31:31,00:01:00,00:20:49,01:05:09,PTVI Women,,2021 World Triathlon Para Cup Alhandra,2021-10-30,World Para Cup,,,,621.0,88.0,1891.0,60.0,1249.0,3909.0,B1,,,False,621.0,3909.0,3909.0,3909.0,621.0,0.0,Unknown,,,,,,1:05:09,2021 World Triathlon Para Cup Alhandra,False,False,False,False,False,False,False,False,False
155520,500570,129626,Judith MacCombe B3,Ireland,DSQ,,00:13:29,00:01:44,00:33:13,00:01:14,00:21:33,DSQ,PTVI Women,,2021 World Triathlon Para Cup Alhandra,2021-10-30,World Para Cup,,,,,,,,,,B3,,,False,,,,,,,Unknown,,,,,,,2021 World Triathlon Para Cup Alhandra,False,False,False,False,False,False,False,False,False
155520,500570,129627,Chloe MacCombe B3,Ireland,FINISH,3.0,00:11:50,00:01:39,00:31:17,00:00:59,00:21:57,01:11:30,PTVI Women,,2021 World Triathlon Para Cup Alhandra,2021-10-30,World Para Cup,,,,710.0,99.0,1877.0,59.0,1317.0,4290.0,B3,,,False,710.0,4290.0,4062.0,4062.0,710.0,228.0,Unknown,,,,,,1:11:30,2021 World Triathlon Para Cup Alhandra,False,False,False,False,False,False,False,False,False
162511,526357,129627,Chloe MacCombe B3,Ireland,FINISH,8.0,00:15:04,00:01:32,00:30:38,00:01:02,00:22:33,01:14:34,PTVI Women,,2021 World Triathlon Para Championships Abu Dhabi,2021-11-05,World Championships,,,,904.0,92.0,1838.0,62.0,1353.0,4474.0,B3,,,False,904.0,4474.0,4249.0,4249.0,904.0,225.0,Unknown,,,,,,1:14:34,2021 World Triathlon Para Championships Abu Dhabi,False,False,False,False,False,False,False,False,False
162511,526357,83022,Alison Peasgood B2,Great Britain,FINISH,3.0,00:11:53,00:01:27,00:30:13,00:00:59,00:21:21,01:09:40,PTVI Women,,2021 World Triathlon Para Championships Abu Dhabi,2021-11-05,World Championships,,,,713.0,87.0,1813.0,59.0,1281.0,4180.0,B2,,,False,713.0,4180.0,3953.0,3953.0,713.0,227.0,Unknown,,,,,,1:09:40,2021 World Triathlon Para Championships Abu Dhabi,False,False,False,False,False,False,False,False,False
162511,526357,40701,Susana Rodriguez B1,Spain,FINISH,1.0,00:12:46,00:01:25,00:29:56,00:01:00,00:21:21,01:06:26,PTVI Women,,2021 World Triathlon Para Championships Abu Dhabi,2021-11-05,World Championships,,,,766.0,85.0,1796.0,60.0,1281.0,3986.0,B1,,,False,766.0,3986.0,3988.0,3988.0,766.0,-2.0,Unknown,,,,,,1:06:26,2021 World Triathlon Para Championships Abu Dhabi,False,False,False,False,False,False,False,False,False
163470,544227,40701,Susana Rodriguez B1,Spain,FINISH,1.0,00:12:27,00:01:35,00:29:51,00:00:56,00:20:41,01:05:30,PTVI Women,sprint,2022 World Triathlon Para Series Yokohama,2022-05-14,World Para Series,750.0,20000.0,5000.0,747.0,95.0,1791.0,56.0,1241.0,3930.0,B1,,,False,747.0,3930.0,3930.0,3930.0,747.0,0.0,Sprint,99.6,89.55,248.2,40.20100502512563,24.97973869346734,1:05:30,2022 World Triathlon Para Series Yokohama,False,False,False,False,False,False,False,False,False
163473,545488,83022,Alison Peasgood B2,Great Britain,FINISH,1.0,00:12:18,00:01:16,00:34:18,00:01:24,00:20:43,01:13:20,PTVI Women,sprint,2022 World Triathlon Para Cup Besancon,2022-06-11,World Para Cup,,,,738.0,76.0,2058.0,84.0,1243.0,4400.0,B2,,,False,738.0,4400.0,4199.0,4199.0,738.0,201.0,Sprint,,,,,,1:13:20,2022 World Triathlon Para Cup Besancon,False,False,False,False,False,False,False,False,False
163473,545488,166501,Francesca Tarantello B3,Italy,FINISH,2.0,00:11:43,00:01:18,00:36:57,00:01:16,00:21:03,01:15:39,PTVI Women,sprint,2022 World Triathlon Para Cup Besancon,2022-06-11,World Para Cup,,,,703.0,78.0,2217.0,76.0,1263.0,4539.0,B3,,,False,703.0,4539.0,4337.0,4337.0,703.0,202.0,Sprint,,,,,,1:15:39,2022 World Triathlon Para Cup Besancon,False,False,False,False,False,False,False,False,False
163485,545444,129626,Judith MacCombe B3,Ireland,FINISH,3.0,00:19:20,00:01:45,00:36:33,00:01:24,00:21:04,01:23:26,PTVI Women,sprint,2022 World Triathlon Para Cup A Coruna,2022-06-19,World Para Cup,750.0,20800.0,5050.0,1160.0,105.0,2193.0,84.0,1264.0,5006.0,B3,,,False,1160.0,5006.0,4806.0,4806.0,1160.0,200.0,Sprint,154.66666666666666,105.4326923076923,250.2970297029703,34.14500683994528,21.21671704514364,1:23:26,2022 World Triathlon Para Cup A Coruna,False,False,False,False,False,False,False,False,False
163485,545444,40701,Susana Rodriguez B1,Spain,FINISH,1.0,00:13:33,00:01:24,00:32:49,00:00:59,00:20:51,01:09:38,PTVI Women,sprint,2022 World Triathlon Para Cup A Coruna,2022-06-19,World Para Cup,750.0,20800.0,5050.0,813.0,84.0,1969.0,59.0,1251.0,4178.0,B1,,,False,813.0,4178.0,4176.0,4176.0,813.0,2.0,Sprint,108.4,94.66346153846153,247.72277227722773,38.029456576942614,23.630401462671408,1:09:38,2022 World Triathlon Para Cup A Coruna,False,False,False,False,False,False,False,False,False
163485,545444,129627,Chloe MacCombe B3,Ireland,FINISH,2.0,00:17:08,00:01:40,00:35:10,00:01:15,00:20:56,01:19:31,PTVI Women,sprint,2022 World Triathlon Para Cup A Coruna,2022-06-19,World Para Cup,750.0,20800.0,5050.0,1028.0,100.0,2110.0,75.0,1256.0,4771.0,B3,,,False,1028.0,4771.0,4569.0,4569.0,1028.0,202.0,Sprint,137.06666666666666,101.4423076923077,248.71287128712873,35.48815165876777,22.05130828436019,1:19:31,2022 World Triathlon Para Cup A Coruna,False,False,False,False,False,False,False,False,False
166221,553021,40701,Susana Rodriguez B1,Spain,FINISH,1.0,00:11:59,00:01:08,00:33:06,00:00:47,00:20:26,01:07:24,PTVI Women,,2022 World Triathlon Para Series Montreal,2022-07-08,World Para Series,750.0,22500.0,5000.0,719.0,68.0,1986.0,47.0,1226.0,4044.0,B1,,,False,719.0,4044.0,4046.0,4046.0,719.0,-2.0,Sprint,95.86666666666666,88.26666666666667,245.2,40.78549848942598,25.342925981873112,1:07:24,2022 World Triathlon Para Series Montreal,False,False,False,False,False,False,False,False,False
166221,553021,166501,Francesca Tarantello B3,Italy,FINISH,2.0,00:10:47,00:00:55,00:36:00,00:00:45,00:20:41,01:12:25,PTVI Women,,2022 World Triathlon Para Series Montreal,2022-07-08,World Para Series,750.0,22500.0,5000.0,647.0,55.0,2160.0,45.0,1241.0,4345.0,B3,,,False,647.0,4345.0,4148.0,4148.0,647.0,197.0,Sprint,86.26666666666667,96.0,248.2,37.5,23.3014125,1:12:25,2022 World Triathlon Para Series Montreal,False,False,False,False,False,False,False,False,False
163477,546898,129627,Chloe MacCombe B3,Ireland,FINISH,6.0,00:14:24,00:01:52,00:32:38,00:00:58,00:20:10,01:13:19,PTVI Women,sprint,2022 World Triathlon Para Series Swansea,2022-08-06,World Para Series,750.0,19500.0,5000.0,864.0,112.0,1958.0,58.0,1210.0,4399.0,B3,,,False,864.0,4399.0,4202.0,4202.0,864.0,197.0,Sprint,115.2,100.41025641025641,242.0,35.85291113381001,22.27795924412666,1:13:19,2022 World Triathlon Para Series Swansea,False,False,False,False,False,False,False,False,False
163477,546898,166501,Francesca Tarantello B3,Italy,FINISH,5.0,00:14:24,00:01:13,00:33:34,00:00:42,00:19:38,01:12:48,PTVI Women,sprint,2022 World Triathlon Para Series Swansea,2022-08-06,World Para Series,750.0,19500.0,5000.0,864.0,73.0,2014.0,42.0,1178.0,4368.0,B3,,,False,864.0,4368.0,4171.0,4171.0,864.0,197.0,Sprint,115.2,103.28205128205128,235.6,34.856007944389276,21.658512512413107,1:12:48,2022 World Triathlon Para Series Swansea,False,False,False,False,False,False,False,False,False
165397,550704,129626,Judith MacCombe B3,Ireland,FINISH,4.0,00:43:27,00:01:34,00:32:34,00:01:33,00:20:26,01:42:53,PTVI Women,,2022 World Triathlon Para Cup Alhandra,2022-09-03,World Para Cup,,,,,94.0,1954.0,93.0,1226.0,6173.0,B3,,,False,2607.0,6173.0,5974.0,5974.0,2607.0,199.0,Unknown,,,,,,1:42:53,2022 World Triathlon Para Cup Alhandra,False,False,False,False,True,False,False,False,False
165397,550704,40701,Susana Rodriguez B1,Spain,FINISH,1.0,00:21:45,00:01:24,00:30:53,00:01:11,00:20:17,01:15:30,PTVI Women,,2022 World Triathlon Para Cup Alhandra,2022-09-03,World Para Cup,,,,1305.0,84.0,1853.0,71.0,1217.0,4530.0,B1,,,False,1305.0,4530.0,4530.0,4530.0,1305.0,0.0,Unknown,,,,,,1:15:30,2022 World Triathlon Para Cup Alhandra,False,False,False,False,False,False,False,False,False
165397,550704,142163,Leticia Freitas B1,Brazil,FINISH,3.0,00:22:23,00:01:33,00:34:36,00:01:23,00:22:40,01:25:54,PTVI Women,,2022 World Triathlon Para Cup Alhandra,2022-09-03,World Para Cup,,,,1343.0,93.0,2076.0,83.0,1360.0,5154.0,B1,,,False,1343.0,5154.0,4955.0,4955.0,1343.0,199.0,Unknown,,,,,,1:25:54,2022 World Triathlon Para Cup Alhandra,False,False,False,False,False,False,False,False,False
164701,550728,166501,Francesca Tarantello B3,Italy,FINISH,1.0,00:11:33,00:01:05,00:31:43,00:00:34,00:21:01,01:09:13,PTVI Women,sprint,2022 World Triathlon Para Cup Alanya,2022-10-15,World Para Cup,,,,693.0,65.0,1903.0,34.0,1261.0,4153.0,B3,,,False,693.0,4153.0,3956.0,3956.0,693.0,197.0,Sprint,,,,,,1:09:13,2022 World Triathlon Para Cup Alanya,False,False,False,False,False,False,False,False,False
164701,550728,129627,Chloe MacCombe B3,Ireland,FINISH,4.0,00:15:18,00:01:25,00:31:13,00:00:53,00:21:39,01:13:45,PTVI Women,sprint,2022 World Triathlon Para Cup Alanya,2022-10-15,World Para Cup,,,,918.0,85.0,1873.0,53.0,1299.0,4425.0,B3,,,False,918.0,4425.0,4228.0,4228.0,918.0,197.0,Sprint,,,,,,1:13:45,2022 World Triathlon Para Cup Alanya,False,False,False,False,False,False,False,False,False
164701,550728,129626,Judith MacCombe B3,Ireland,FINISH,7.0,00:18:59,00:01:34,00:32:32,00:01:00,00:21:31,01:18:53,PTVI Women,sprint,2022 World Triathlon Para Cup Alanya,2022-10-15,World Para Cup,,,,1139.0,94.0,1952.0,60.0,1291.0,4733.0,B3,,,False,1139.0,4733.0,4536.0,4536.0,1139.0,197.0,Sprint,,,,,,1:18:53,2022 World Triathlon Para Cup Alanya,False,False,False,False,False,False,False,False,False
184628,560537,83022,Alison Peasgood B2,Great Britain,FINISH,3.0,00:11:58,00:01:28,00:32:59,00:00:50,00:20:27,01:10:59,PTVI Women,sprint,2022 World Triathlon Para Championships Abu Dhabi,2022-11-24,World Championships,750.0,20002.0,5000.0,718.0,88.0,1979.0,50.0,1227.0,4259.0,B2,,,False,718.0,4259.0,4062.0,4062.0,718.0,197.0,Sprint,95.73333333333333,98.94010598940106,245.4,36.38564931783729,22.608987302273874,1:10:59,2022 World Triathlon Para Championships Abu Dhabi,False,False,False,False,False,False,False,False,False
184628,560537,40701,Susana Rodriguez B1,Spain,FINISH,1.0,00:13:14,00:01:33,00:32:10,00:00:48,00:20:28,01:08:11,PTVI Women,sprint,2022 World Triathlon Para Championships Abu Dhabi,2022-11-24,World Championships,750.0,20002.0,5000.0,794.0,93.0,1930.0,48.0,1228.0,4091.0,B1,,,False,794.0,4091.0,4093.0,4093.0,794.0,-2.0,Sprint,105.86666666666666,96.49035096490351,245.6,37.30943005181347,23.18299786072539,1:08:11,2022 World Triathlon Para Championships Abu Dhabi,False,False,False,False,False,False,False,False,False
184628,560537,166501,Francesca Tarantello B3,Italy,FINISH,2.0,00:11:07,00:01:16,00:32:31,00:00:39,00:19:53,01:08:43,PTVI Women,sprint,2022 World Triathlon Para Championships Abu Dhabi,2022-11-24,World Championships,750.0,20002.0,5000.0,667.0,76.0,1951.0,39.0,1193.0,4123.0,B3,,,False,667.0,4123.0,3926.0,3926.0,667.0,197.0,Sprint,88.93333333333334,97.54024597540247,238.6,36.90784213223987,22.933462773552023,1:08:43,2022 World Triathlon Para Championships Abu Dhabi,False,False,False,False,False,False,False,False,False
184628,560537,142163,Leticia Freitas B1,Brazil,FINISH,9.0,00:13:38,00:02:03,00:37:10,00:01:11,00:24:41,01:18:40,PTVI Women,sprint,2022 World Triathlon Para Championships Abu Dhabi,2022-11-24,World Championships,750.0,20002.0,5000.0,818.0,123.0,2230.0,71.0,1481.0,4720.0,B1,,,False,818.0,4720.0,4723.0,4723.0,818.0,-3.0,Sprint,109.06666666666666,111.48885111488852,296.2,32.29022421524663,20.064208910852013,1:18:40,2022 World Triathlon Para Championships Abu Dhabi,False,False,False,False,False,False,False,False,False
184628,560537,129627,Chloe MacCombe B3,Ireland,FINISH,5.0,00:14:04,00:01:42,00:33:00,00:00:57,00:21:01,01:14:01,PTVI Women,sprint,2022 World Triathlon Para Championships Abu Dhabi,2022-11-24,World Championships,750.0,20002.0,5000.0,844.0,102.0,1980.0,57.0,1261.0,4441.0,B3,,,False,844.0,4441.0,4244.0,4244.0,844.0,197.0,Sprint,112.53333333333333,98.99010098990101,252.2,36.36727272727272,22.597568621818176,1:14:01,2022 World Triathlon Para Championships Abu Dhabi,False,False,False,False,False,False,False,False,False
171973,576180,165205,McClain Hermes B1,United States,FINISH,2.0,00:12:43,00:01:25,00:30:51,00:00:55,00:24:18,01:10:12,PTVI Women,sprint,2023 World Triathlon Para Series Yokohama,2023-05-13,World Para Series,750.0,20000.0,4980.0,763.0,85.0,1851.0,55.0,1458.0,4212.0,B1,,,False,763.0,4212.0,4212.0,4212.0,763.0,0.0,Sprint,101.73333333333333,92.55,292.77108433734935,38.897893030794165,24.1700226904376,1:10:12,2023 World Triathlon Para Series Yokohama,False,False,False,False,False,False,False,False,False
171973,576180,40701,Susana Rodriguez B1,Spain,FINISH,1.0,00:12:29,00:01:25,00:29:19,00:00:52,00:19:54,01:03:59,PTVI Women,sprint,2023 World Triathlon Para Series Yokohama,2023-05-13,World Para Series,750.0,20000.0,4980.0,749.0,85.0,1759.0,52.0,1194.0,3839.0,B1,,,False,749.0,3839.0,3839.0,3839.0,749.0,0.0,Sprint,99.86666666666666,87.95,239.7590361445783,40.93234792495736,25.43417396247868,1:03:59,2023 World Triathlon Para Series Yokohama,False,False,False,False,False,False,False,False,False
171982,576229,40701,Susana Rodriguez B1,Spain,FINISH,1.0,00:12:40,00:01:18,00:32:22,00:01:43,00:19:41,01:07:46,PTVI Women,sprint,2023 World Triathlon Para Cup A Coruna,2023-07-01,World Para Cup,750.0,20800.0,5000.0,760.0,78.0,1942.0,103.0,1181.0,4066.0,B1,,,False,760.0,4066.0,4064.0,4064.0,760.0,2.0,Sprint,101.33333333333333,93.36538461538461,236.2,38.55818743563337,23.958939485066942,1:07:46,2023 World Triathlon Para Cup A Coruna,False,False,False,False,False,False,False,False,False
171982,576229,176849,Anja Renner B3,Germany,FINISH,3.0,00:12:30,00:01:46,00:33:01,00:01:55,00:21:48,01:14:12,PTVI Women,sprint,2023 World Triathlon Para Cup A Coruna,2023-07-01,World Para Cup,750.0,20800.0,5000.0,750.0,106.0,1981.0,115.0,1308.0,4452.0,B3,,,False,750.0,4452.0,4260.0,4260.0,750.0,192.0,Sprint,100.0,95.24038461538461,261.6,37.79909136799596,23.48725920242302,1:14:12,2023 World Triathlon Para Cup A Coruna,False,False,False,False,False,False,False,False,False
171982,576229,142163,Leticia Freitas B1,Brazil,FINISH,4.0,00:16:08,00:02:21,00:39:10,00:02:09,00:22:12,01:22:01,PTVI Women,sprint,2023 World Triathlon Para Cup A Coruna,2023-07-01,World Para Cup,750.0,20800.0,5000.0,968.0,141.0,2350.0,129.0,1332.0,4921.0,B1,,,False,968.0,4921.0,4920.0,4920.0,968.0,1.0,Sprint,129.06666666666666,112.98076923076923,266.4,31.863829787234042,19.799259778723403,1:22:01,2023 World Triathlon Para Cup A Coruna,False,False,False,False,False,False,False,False,False
174960,589250,165205,McClain Hermes B1,United States,FINISH,6.0,00:12:52,00:00:52,00:32:08,00:01:08,00:25:19,01:12:19,PTVI Women,sprint,2023 World Triathlon Para Series Montreal,2023-07-08,World Para Series,773.0,20200.0,5000.0,772.0,52.0,1928.0,68.0,1519.0,4339.0,B1,,,False,772.0,4339.0,4339.0,4339.0,772.0,0.0,Sprint,99.87063389391979,95.44554455445545,303.8,37.71784232365145,23.436773402489628,1:12:19,2023 World Triathlon Para Series Montreal,False,False,False,False,False,False,False,False,False
174960,589250,142163,Leticia Freitas B1,Brazil,FINISH,4.0,00:14:15,00:01:06,00:33:20,00:01:00,00:22:04,01:11:45,PTVI Women,sprint,2023 World Triathlon Para Series Montreal,2023-07-08,World Para Series,773.0,20200.0,5000.0,855.0,66.0,2000.0,60.0,1324.0,4305.0,B1,,,False,855.0,4305.0,4305.0,4305.0,855.0,0.0,Sprint,110.60802069857696,99.00990099009901,264.8,36.36,22.59304956,1:11:45,2023 World Triathlon Para Series Montreal,False,False,False,False,False,False,False,False,False
174960,589250,40701,Susana Rodriguez B1,Spain,FINISH,1.0,00:13:31,00:00:44,00:29:13,00:00:49,00:19:43,01:04:00,PTVI Women,sprint,2023 World Triathlon Para Series Montreal,2023-07-08,World Para Series,773.0,20200.0,5000.0,811.0,44.0,1753.0,49.0,1183.0,3840.0,B1,,,False,811.0,3840.0,3840.0,3840.0,811.0,0.0,Sprint,104.91591203104785,86.78217821782178,236.6,41.48317170564746,25.776439885909866,1:04:00,2023 World Triathlon Para Series Montreal,False,False,False,False,False,False,False,False,False
174960,589250,129627,Chloe MacCombe B3,Ireland,FINISH,2.0,00:14:27,00:00:44,00:29:58,00:00:56,00:20:35,01:09:51,PTVI Women,sprint,2023 World Triathlon Para Series Montreal,2023-07-08,World Para Series,773.0,20200.0,5000.0,867.0,44.0,1798.0,56.0,1235.0,4191.0,B3,,,False,867.0,4191.0,4000.0,4000.0,867.0,191.0,Sprint,112.16041397153946,89.00990099009901,247.0,40.44493882091212,25.131312080088986,1:09:51,2023 World Triathlon Para Series Montreal,False,False,False,False,False,False,False,False,False
173647,582584,165205,McClain Hermes B1,United States,FINISH,2.0,00:12:29,00:02:35,00:32:35,00:01:03,00:24:36,01:13:16,PTVI Women,sprint,2023 World Triathlon Para Cup Long Beach,2023-07-14,World Para Cup,750.0,20000.0,5000.0,749.0,155.0,1955.0,63.0,1476.0,4396.0,B1,,,False,749.0,4396.0,4398.0,4398.0,749.0,-2.0,Sprint,99.86666666666666,97.75,295.2,36.828644501278774,22.884251662404093,1:13:16,2023 World Triathlon Para Cup Long Beach,False,False,False,False,False,False,False,False,False
173647,582584,142163,Leticia Freitas B1,Brazil,FINISH,4.0,00:14:20,00:03:11,00:33:27,00:00:58,00:21:36,01:13:30,PTVI Women,sprint,2023 World Triathlon Para Cup Long Beach,2023-07-14,World Para Cup,750.0,20000.0,5000.0,860.0,191.0,2007.0,58.0,1296.0,4410.0,B1,,,False,860.0,4410.0,4412.0,4412.0,860.0,-2.0,Sprint,114.66666666666667,100.35,259.2,35.874439461883405,22.291336322869952,1:13:30,2023 World Triathlon Para Cup Long Beach,False,False,False,False,False,False,False,False,False
171976,582603,166501,Francesca Tarantello B3,Italy,FINISH,1.0,00:10:27,00:01:33,n/a,n/a,00:20:15,00:32:14,PTVI Women,sprint,2023 World Triathlon Para Series Swansea,2023-07-15,World Para Series,750.0,,5000.0,627.0,93.0,,,1215.0,1934.0,B3,,,False,627.0,1934.0,,,627.0,,Sprint,83.6,,243.0,,,32:14,2023 World Triathlon Para Series Swansea,False,False,False,False,False,False,False,False,False
171976,582603,129627,Chloe MacCombe B3,Ireland,FINISH,6.0,00:13:33,00:01:49,n/a,n/a,00:19:54,00:35:15,PTVI Women,sprint,2023 World Triathlon Para Series Swansea,2023-07-15,World Para Series,750.0,,5000.0,813.0,109.0,,,1194.0,2115.0,B3,,,False,813.0,2115.0,,,813.0,,Sprint,108.4,,238.8,,,35:15,2023 World Triathlon Para Series Swansea,False,False,False,False,False,False,False,False,False
171976,582603,40701,Susana Rodriguez B1,Spain,FINISH,2.0,00:12:13,00:01:41,n/a,n/a,00:19:57,00:33:50,PTVI Women,sprint,2023 World Triathlon Para Series Swansea,2023-07-15,World Para Series,750.0,,5000.0,733.0,101.0,,,1197.0,2030.0,B1,,,False,733.0,2030.0,,,733.0,,Sprint,97.73333333333333,,239.4,,,33:50,2023 World Triathlon Para Series Swansea,False,False,False,False,False,False,False,False,False
171976,582603,176849,Anja Renner B3,Germany,FINISH,4.0,00:12:22,00:02:18,n/a,n/a,00:20:31,00:35:11,PTVI Women,sprint,2023 World Triathlon Para Series Swansea,2023-07-15,World Para Series,750.0,,5000.0,742.0,138.0,,,1231.0,2111.0,B3,,,False,742.0,2111.0,,,742.0,,Sprint,98.93333333333334,,246.2,,,35:11,2023 World Triathlon Para Series Swansea,False,False,False,False,False,False,False,False,False
172816,582644,166501,Francesca Tarantello B3,Italy,FINISH,3.0,00:09:25,00:00:35,00:30:42,00:00:34,00:20:22,01:04:33,PTVI Women,sprint,2023 World Triathlon Para Cup Paris,2023-08-19,World Para Cup,,18500.0,,565.0,35.0,1842.0,34.0,1222.0,3873.0,B3,,,False,565.0,3873.0,3698.0,3698.0,565.0,175.0,Sprint,,99.56756756756756,,36.156351791530945,22.466508469055373,1:04:33,2023 World Triathlon Para Cup Paris,False,False,False,False,False,False,False,False,False
172816,582644,129627,Chloe MacCombe B3,Ireland,FINISH,5.0,00:10:17,00:00:46,00:30:41,00:00:49,00:20:44,01:06:12,PTVI Women,sprint,2023 World Triathlon Para Cup Paris,2023-08-19,World Para Cup,,18500.0,,617.0,46.0,1841.0,49.0,1244.0,3972.0,B3,,,False,617.0,3972.0,3797.0,3797.0,617.0,175.0,Sprint,,99.51351351351352,,36.17599130907116,22.478711895708855,1:06:12,2023 World Triathlon Para Cup Paris,False,False,False,False,False,False,False,False,False
172816,582644,142163,Leticia Freitas B1,Brazil,FINISH,7.0,00:10:47,00:00:56,00:32:17,00:00:50,00:22:36,01:07:24,PTVI Women,sprint,2023 World Triathlon Para Cup Paris,2023-08-19,World Para Cup,,18500.0,,647.0,56.0,1937.0,50.0,1356.0,4044.0,B1,,,False,647.0,4044.0,4046.0,4046.0,647.0,-2.0,Sprint,,104.70270270270271,,34.3830665978317,21.36464047496128,1:07:24,2023 World Triathlon Para Cup Paris,False,False,False,False,False,False,False,False,False
172816,582644,176849,Anja Renner B3,Germany,FINISH,1.0,00:09:16,00:00:36,00:29:16,00:00:43,00:20:30,01:03:16,PTVI Women,sprint,2023 World Triathlon Para Cup Paris,2023-08-19,World Para Cup,,18500.0,,556.0,36.0,1756.0,43.0,1230.0,3796.0,B3,,,False,556.0,3796.0,3621.0,3621.0,556.0,175.0,Sprint,,94.91891891891892,,37.92710706150342,23.56680444191344,1:03:16,2023 World Triathlon Para Cup Paris,False,False,False,False,False,False,False,False,False
173746,582727,40701,Susana Rodriguez B1,Spain,FINISH,2.0,00:12:59,00:01:36,00:31:45,00:01:41,00:19:53,01:07:51,PTVI Women,sprint,2023 World Triathlon Para Championships Pontevedra,2023-09-22,World Championships,750.0,19600.0,5000.0,779.0,96.0,1905.0,101.0,1193.0,4071.0,B1,,,False,779.0,4071.0,4074.0,4074.0,779.0,-3.0,Sprint,103.86666666666666,97.1938775510204,238.6,37.03937007874016,23.015190425196852,1:07:51,2023 World Triathlon Para Championships Pontevedra,False,False,False,False,False,False,False,False,False
173746,582727,129627,Chloe MacCombe B3,Ireland,FINISH,5.0,00:14:06,00:01:35,00:32:12,00:01:41,00:19:53,01:12:37,PTVI Women,sprint,2023 World Triathlon Para Championships Pontevedra,2023-09-22,World Championships,750.0,19600.0,5000.0,846.0,95.0,1932.0,101.0,1193.0,4357.0,B3,,,False,846.0,4357.0,4167.0,4167.0,846.0,190.0,Sprint,112.8,98.57142857142857,238.6,36.52173913043479,22.693549565217396,1:12:37,2023 World Triathlon Para Championships Pontevedra,False,False,False,False,False,False,False,False,False
173746,582727,142163,Leticia Freitas B1,Brazil,FINISH,9.0,00:14:01,00:02:06,00:33:56,00:02:11,00:24:10,01:16:24,PTVI Women,sprint,2023 World Triathlon Para Championships Pontevedra,2023-09-22,World Championships,750.0,19600.0,5000.0,841.0,126.0,2036.0,131.0,1450.0,4584.0,B1,,,False,841.0,4584.0,4584.0,4584.0,841.0,0.0,Sprint,112.13333333333334,103.87755102040816,290.0,34.656188605108056,21.5343505697446,1:16:24,2023 World Triathlon Para Championships Pontevedra,False,False,False,False,False,False,False,False,False
173746,582727,165205,McClain Hermes B1,United States,FINISH,8.0,00:13:14,00:02:06,00:34:44,00:01:43,00:24:29,01:16:14,PTVI Women,sprint,2023 World Triathlon Para Championships Pontevedra,2023-09-22,World Championships,750.0,19600.0,5000.0,794.0,126.0,2084.0,103.0,1469.0,4574.0,B1,,,False,794.0,4574.0,4576.0,4576.0,794.0,-2.0,Sprint,105.86666666666666,106.3265306122449,293.8,33.85796545105566,21.03835785028791,1:16:14,2023 World Triathlon Para Championships Pontevedra,False,False,False,False,False,False,False,False,False
173746,582727,166501,Francesca Tarantello B3,Italy,FINISH,1.0,00:10:30,00:01:24,00:31:09,00:01:41,00:19:26,01:07:19,PTVI Women,sprint,2023 World Triathlon Para Championships Pontevedra,2023-09-22,World Championships,750.0,19600.0,5000.0,630.0,84.0,1869.0,101.0,1166.0,4039.0,B3,,,False,630.0,4039.0,3850.0,3850.0,630.0,189.0,Sprint,84.0,95.35714285714285,233.2,37.752808988764045,23.458500674157303,1:07:19,2023 World Triathlon Para Championships Pontevedra,False,False,False,False,False,False,False,False,False
173746,582727,176849,Anja Renner B3,Germany,FINISH,4.0,00:13:37,00:01:54,00:31:03,00:01:38,00:19:26,01:10:46,PTVI Women,sprint,2023 World Triathlon Para Championships Pontevedra,2023-09-22,World Championships,750.0,19600.0,5000.0,817.0,114.0,1863.0,98.0,1166.0,4246.0,B3,,,False,817.0,4246.0,4058.0,4058.0,817.0,188.0,Sprint,108.93333333333334,95.05102040816325,233.2,37.874396135265705,23.534051400966188,1:10:46,2023 World Triathlon Para Championships Pontevedra,False,False,False,False,False,False,False,False,False
175735,596447,176849,Anja Renner B3,Germany,FINISH,1.0,00:11:56,00:00:47,00:29:07,00:00:00,00:19:09,01:04:10,PTVI Women,sprint,2023 World Triathlon Para Cup Alhandra,2023-10-07,World Para Cup,750.0,19950.0,4930.0,716.0,47.0,1747.0,,1149.0,3850.0,B3,,,False,716.0,3850.0,,,716.0,,Sprint,95.46666666666667,87.56892230576442,233.0628803245436,41.110475100171726,25.544857023468804,1:04:10,2023 World Triathlon Para Cup Alhandra,False,False,False,False,False,False,False,False,False
175735,596447,166501,Francesca Tarantello B3,Italy,FINISH,3.0,00:10:06,00:00:46,00:30:37,00:00:00,00:20:24,01:05:04,PTVI Women,sprint,2023 World Triathlon Para Cup Alhandra,2023-10-07,World Para Cup,750.0,19950.0,4930.0,606.0,46.0,1837.0,,1224.0,3904.0,B3,,,False,606.0,3904.0,,,606.0,,Sprint,80.8,92.08020050125313,248.27586206896552,39.096352749047355,24.293339804028303,1:05:04,2023 World Triathlon Para Cup Alhandra,False,False,False,False,False,False,False,False,False
175735,596447,142163,Leticia Freitas B1,Brazil,FINISH,5.0,00:13:19,00:01:05,00:35:25,00:00:00,00:20:55,01:10:44,PTVI Women,sprint,2023 World Triathlon Para Cup Alhandra,2023-10-07,World Para Cup,750.0,19950.0,4930.0,799.0,65.0,2125.0,,1255.0,4244.0,B1,,,False,799.0,4244.0,,,799.0,,Sprint,106.53333333333333,106.51629072681705,254.56389452332658,33.79764705882353,21.000877750588234,1:10:44,2023 World Triathlon Para Cup Alhandra,False,False,False,False,False,False,False,False,False
183281,622237,40701,Susana Rodriguez B1,Spain,FINISH,1.0,00:12:15,00:01:13,00:33:47,00:00:49,00:18:32,01:06:38,PTVI Women,sprint,2023 World Triathlon Para Cup Malaga,2023-10-21,World Para Cup,750.0,20000.0,5000.0,735.0,73.0,2027.0,49.0,1112.0,3998.0,B1,,,False,735.0,3998.0,3996.0,3996.0,735.0,2.0,Sprint,98.0,101.35,222.4,35.52047360631475,22.071392205229404,1:06:38,2023 World Triathlon Para Cup Malaga,False,False,False,False,False,False,False,False,False
183281,622237,129626,Judith MacCombe B3,Ireland,FINISH,3.0,00:11:40,00:01:28,00:34:14,00:01:00,00:20:19,01:11:54,PTVI Women,sprint,2023 World Triathlon Para Cup Malaga,2023-10-21,World Para Cup,750.0,20000.0,5000.0,700.0,88.0,2054.0,60.0,1219.0,4314.0,B3,,,False,700.0,4314.0,4121.0,4121.0,700.0,193.0,Sprint,93.33333333333333,102.7,243.8,35.05355404089581,21.781261927945472,1:11:54,2023 World Triathlon Para Cup Malaga,False,False,False,False,False,False,False,False,False
183649,624252,129626,Judith MacCombe B3,Ireland,FINISH,2.0,00:13:12,00:01:07,00:33:58,00:00:51,00:18:38,01:10:59,PTVI Women,sprint,2023 World Triathlon Para Cup Taranto,2023-10-29,World Para Cup,750.0,21000.0,5000.0,792.0,67.0,2038.0,51.0,1118.0,4259.0,B3,,,False,792.0,4259.0,4066.0,4066.0,792.0,193.0,Sprint,105.6,97.04761904761905,223.6,37.09519136408243,23.049876153091265,1:10:59,2023 World Triathlon Para Cup Taranto,False,False,False,False,False,False,False,False,False
183780,628091,176849,Anja Renner B3,Germany,FINISH,1.0,00:12:28,00:01:09,00:32:04,00:01:19,00:19:52,01:10:05,PTVI Women,sprint,2024 World Triathlon Para Series Devonport,2024-03-15,World Para Series,750.0,20000.0,5000.0,748.0,69.0,1924.0,79.0,1192.0,4205.0,B3,191.0,2024.0,True,748.0,4205.0,4012.0,4012.0,748.0,193.0,Sprint,99.73333333333333,96.2,238.4,37.42203742203742,23.252968814968813,1:10:05,2024 World Triathlon Para Series Devonport,False,False,False,False,False,False,False,False,False
183780,628091,165205,McClain Hermes B1,United States,FINISH,7.0,00:12:26,00:01:25,00:35:56,00:01:32,00:25:42,01:17:02,PTVI Women,sprint,2024 World Triathlon Para Series Devonport,2024-03-15,World Para Series,750.0,20000.0,5000.0,746.0,85.0,2156.0,92.0,1542.0,4622.0,B1,191.0,2024.0,False,746.0,4622.0,4621.0,4621.0,746.0,1.0,Sprint,99.46666666666667,107.8,308.4,33.39517625231911,20.750794063079777,1:17:02,2024 World Triathlon Para Series Devonport,False,False,False,False,False,False,False,False,False
183780,628091,129626,Judith MacCombe B3,Ireland,FINISH,3.0,00:13:16,00:01:10,00:33:30,00:01:27,00:18:46,01:11:22,PTVI Women,sprint,2024 World Triathlon Para Series Devonport,2024-03-15,World Para Series,750.0,20000.0,5000.0,796.0,70.0,2010.0,87.0,1126.0,4282.0,B3,191.0,2024.0,True,796.0,4282.0,4089.0,4089.0,796.0,193.0,Sprint,106.13333333333334,100.5,225.2,35.82089552238806,22.258065671641788,1:11:22,2024 World Triathlon Para Series Devonport,False,False,False,False,False,False,False,False,False
183780,628091,83022,Alison Peasgood B2,Great Britain,FINISH,2.0,00:11:58,00:01:09,00:33:11,00:01:16,00:20:22,01:11:08,PTVI Women,sprint,2024 World Triathlon Para Series Devonport,2024-03-15,World Para Series,750.0,20000.0,5000.0,718.0,69.0,1991.0,76.0,1222.0,4268.0,B2,191.0,2024.0,True,718.0,4268.0,4076.0,4076.0,718.0,192.0,Sprint,95.73333333333333,99.55,244.4,36.16273229532898,22.47047312908086,1:11:08,2024 World Triathlon Para Series Devonport,False,False,False,False,False,False,False,False,False
185647,631972,166501,Francesca Tarantello B3,Italy,FINISH,1.0,00:10:27,00:01:06,00:30:49,00:00:49,00:19:33,01:05:52,PTVI Women,sprint,2024 World Triathlon Para Cup Yenisehir,2024-04-21,World Para Cup,750.0,20300.0,5000.0,627.0,66.0,1849.0,49.0,1173.0,3952.0,B3,191.0,2024.0,True,627.0,3952.0,3764.0,3764.0,627.0,188.0,Sprint,83.6,91.08374384236453,234.6,39.52406706327745,24.559109075175773,1:05:52,2024 World Triathlon Para Cup Yenisehir,False,False,False,False,False,False,False,False,False
183781,630332,129627,Chloe MacCombe B3,Ireland,FINISH,3.0,00:12:49,00:01:28,00:29:38,00:01:00,00:19:27,01:07:33,PTVI Women,sprint,2024 World Triathlon Para Series Yokohama,2024-05-11,World Para Series,,20000.0,4980.0,769.0,88.0,1778.0,60.0,1167.0,4053.0,B3,191.0,2024.0,True,769.0,4053.0,3862.0,3862.0,769.0,191.0,Sprint,,88.9,234.33734939759034,40.49493813273341,25.16238020247469,1:07:33,2024 World Triathlon Para Series Yokohama,False,False,False,False,False,False,False,False,False
183781,630332,40701,Susana Rodriguez B1,Spain,FINISH,2.0,00:11:45,00:01:26,00:30:54,00:00:54,00:19:35,01:04:34,PTVI Women,sprint,2024 World Triathlon Para Series Yokohama,2024-05-11,World Para Series,,20000.0,4980.0,705.0,86.0,1854.0,54.0,1175.0,3874.0,B1,191.0,2024.0,False,705.0,3874.0,3874.0,3874.0,705.0,0.0,Sprint,,92.7,235.94377510040158,38.83495145631068,24.130912621359222,1:04:34,2024 World Triathlon Para Series Yokohama,False,False,False,False,False,False,False,False,False
183781,630332,129626,Judith MacCombe B3,Ireland,FINISH,4.0,00:13:24,00:01:18,00:30:07,00:00:52,00:18:48,01:07:40,PTVI Women,sprint,2024 World Triathlon Para Series Yokohama,2024-05-11,World Para Series,,20000.0,4980.0,804.0,78.0,1807.0,52.0,1128.0,4060.0,B3,191.0,2024.0,True,804.0,4060.0,3869.0,3869.0,804.0,191.0,Sprint,,90.35,226.50602409638552,39.84504703929164,24.758556723851687,1:07:40,2024 World Triathlon Para Series Yokohama,False,False,False,False,False,False,False,False,False
183781,630332,166501,Francesca Tarantello B3,Italy,FINISH,1.0,00:10:16,00:01:08,00:30:18,00:00:49,00:18:48,01:04:30,PTVI Women,sprint,2024 World Triathlon Para Series Yokohama,2024-05-11,World Para Series,,20000.0,4980.0,616.0,68.0,1818.0,49.0,1128.0,3870.0,B3,191.0,2024.0,True,616.0,3870.0,3679.0,3679.0,616.0,191.0,Sprint,,90.9,226.50602409638552,39.603960396039604,24.608752475247524,1:04:30,2024 World Triathlon Para Series Yokohama,False,False,False,False,False,False,False,False,False
183781,630332,142163,Leticia Freitas B1,Brazil,FINISH,8.0,00:12:35,00:01:55,00:33:33,00:01:06,00:21:09,01:10:18,PTVI Women,sprint,2024 World Triathlon Para Series Yokohama,2024-05-11,World Para Series,,20000.0,4980.0,755.0,115.0,2013.0,66.0,1269.0,4218.0,B1,191.0,2024.0,False,755.0,4218.0,4218.0,4218.0,755.0,0.0,Sprint,,100.65,254.8192771084337,35.76751117734724,22.22489418777943,1:10:18,2024 World Triathlon Para Series Yokohama,False,False,False,False,False,False,False,False,False
183782,631798,129626,Judith MacCombe B3,Ireland,FINISH,1.0,00:12:56,00:01:06,00:26:40,00:00:57,00:19:45,01:05:02,PTVI Women,sprint,2024 World Triathlon Para Cup Samarkand,2024-05-18,World Para Cup,750.0,19000.0,5000.0,776.0,66.0,1600.0,57.0,1185.0,3902.0,B3,191.0,2024.0,True,776.0,3902.0,3684.0,3684.0,776.0,218.0,Sprint,103.46666666666667,84.21052631578948,237.0,42.75,26.56361025,1:05:02,2024 World Triathlon Para Cup Samarkand,False,False,False,False,False,False,False,False,False
183782,631798,165205,McClain Hermes B1,United States,FINISH,5.0,00:12:10,00:01:20,00:28:32,00:01:02,00:25:11,01:08:15,PTVI Women,sprint,2024 World Triathlon Para Cup Samarkand,2024-05-18,World Para Cup,750.0,19000.0,5000.0,730.0,80.0,1712.0,62.0,1511.0,4095.0,B1,191.0,2024.0,False,730.0,4095.0,4095.0,4095.0,730.0,0.0,Sprint,97.33333333333333,90.10526315789474,302.2,39.953271028037385,24.825803971962618,1:08:15,2024 World Triathlon Para Cup Samarkand,False,False,False,False,False,False,False,False,False
183782,631798,83022,Alison Peasgood B2,Great Britain,FINISH,3.0,00:11:23,00:01:10,00:27:20,00:00:49,00:21:55,01:06:15,PTVI Women,sprint,2024 World Triathlon Para Cup Samarkand,2024-05-18,World Para Cup,750.0,19000.0,5000.0,683.0,70.0,1640.0,49.0,1315.0,3975.0,B2,191.0,2024.0,True,683.0,3975.0,3757.0,3757.0,683.0,218.0,Sprint,91.06666666666666,86.3157894736842,263.0,41.707317073170735,25.915717317073174,1:06:15,2024 World Triathlon Para Cup Samarkand,False,False,False,False,False,False,False,False,False
183782,631798,142163,Leticia Freitas B1,Brazil,FINISH,4.0,00:13:11,00:01:32,00:29:46,00:01:03,00:21:23,01:06:55,PTVI Women,sprint,2024 World Triathlon Para Cup Samarkand,2024-05-18,World Para Cup,750.0,19000.0,5000.0,791.0,92.0,1786.0,63.0,1283.0,4015.0,B1,191.0,2024.0,False,791.0,4015.0,4015.0,4015.0,791.0,0.0,Sprint,105.46666666666667,94.0,256.6,38.297872340425535,23.797187234042557,1:06:55,2024 World Triathlon Para Cup Samarkand,False,False,False,False,False,False,False,False,False
185648,631992,40701,Susana Rodriguez B1,Spain,DNF,,00:13:17,00:02:07,00:00:00,00:00:00,00:00:00,DNF,PTVI Women,sprint,2024 World Triathlon Para Cup Vigo,2024-06-01,World Para Cup,750.0,20000.0,5.0,,,,,,,B1,191.0,2024.0,False,,,,,,,Sprint,,,,,,,2024 World Triathlon Para Cup Vigo,False,False,False,False,False,False,False,False,False
183784,634144,83022,Alison Peasgood B2,Great Britain,FINISH,3.0,00:11:19,00:01:36,00:35:08,00:00:45,00:19:44,01:11:44,PTVI Women,sprint,2024 World Triathlon Para Series Swansea,2024-06-22,World Para Series,750.0,19480.0,5000.0,679.0,96.0,2108.0,45.0,1184.0,4304.0,B2,191.0,2024.0,True,679.0,4304.0,4112.0,4112.0,679.0,192.0,Sprint,90.53333333333333,108.2135523613963,236.8,33.267552182163186,20.671492166982922,1:11:44,2024 World Triathlon Para Series Swansea,False,False,False,False,False,False,False,False,False
183784,634144,142163,Leticia Freitas B1,Brazil,FINISH,5.0,00:13:18,00:02:36,00:37:23,00:00:54,00:20:42,01:14:54,PTVI Women,sprint,2024 World Triathlon Para Series Swansea,2024-06-22,World Para Series,750.0,19480.0,5000.0,798.0,156.0,2243.0,54.0,1242.0,4494.0,B1,191.0,2024.0,False,798.0,4494.0,4493.0,4493.0,798.0,1.0,Sprint,106.4,115.14373716632443,248.4,31.2652697280428,19.427331916183682,1:14:54,2024 World Triathlon Para Series Swansea,False,False,False,False,False,False,False,False,False
183784,634144,129627,Chloe MacCombe B3,Ireland,FINISH,1.0,00:12:23,00:01:45,00:33:00,00:00:50,00:18:52,01:10:03,PTVI Women,sprint,2024 World Triathlon Para Series Swansea,2024-06-22,World Para Series,750.0,19480.0,5000.0,743.0,105.0,1980.0,50.0,1132.0,4203.0,B3,191.0,2024.0,True,743.0,4203.0,4010.0,4010.0,743.0,193.0,Sprint,99.06666666666666,101.64271047227926,226.4,35.418181818181814,22.007831054545452,1:10:03,2024 World Triathlon Para Series Swansea,False,False,False,False,False,False,False,False,False
183785,634246,40701,Susana Rodriguez B1,Spain,FINISH,1.0,00:12:25,00:01:12,00:30:07,00:00:48,00:19:54,01:04:26,PTVI Women,sprint,2024 World Triathlon Para Series Montreal,2024-06-29,World Para Series,760.0,20200.0,5000.0,745.0,72.0,1807.0,48.0,1194.0,3866.0,B1,191.0,2024.0,False,745.0,3866.0,3866.0,3866.0,745.0,0.0,Sprint,98.02631578947368,89.45544554455446,238.8,40.24349750968456,25.006142291090203,1:04:26,2024 World Triathlon Para Series Montreal,False,False,False,False,False,False,False,False,False
183785,634246,83022,Alison Peasgood B2,Great Britain,FINISH,5.0,00:00:12,00:01:12,00:31:01,00:00:54,00:20:19,01:08:18,PTVI Women,sprint,2024 World Triathlon Para Series Montreal,2024-06-29,World Para Series,760.0,20200.0,5000.0,12.0,72.0,1861.0,54.0,1219.0,4098.0,B2,191.0,2024.0,True,12.0,4098.0,3218.0,3218.0,12.0,880.0,Sprint,1.5789473684210527,92.12871287128714,243.8,39.07576571735626,24.28054761955938,1:08:18,2024 World Triathlon Para Series Montreal,False,False,False,False,False,False,False,False,False
183785,634246,129627,Chloe MacCombe B3,Ireland,FINISH,3.0,00:13:16,00:01:08,00:30:30,00:00:50,00:19:17,01:08:12,PTVI Women,sprint,2024 World Triathlon Para Series Montreal,2024-06-29,World Para Series,760.0,20200.0,5000.0,796.0,68.0,1830.0,50.0,1157.0,4092.0,B3,191.0,2024.0,True,796.0,4092.0,3901.0,3901.0,796.0,191.0,Sprint,104.73684210526316,90.5940594059406,231.4,39.73770491803279,24.691857442622954,1:08:12,2024 World Triathlon Para Series Montreal,False,False,False,False,False,False,False,False,False
183785,634246,142163,Leticia Freitas B1,Brazil,FINISH,4.0,00:12:25,00:01:21,00:32:47,00:00:55,00:20:45,01:08:13,PTVI Women,sprint,2024 World Triathlon Para Series Montreal,2024-06-29,World Para Series,760.0,20200.0,5000.0,745.0,81.0,1967.0,55.0,1245.0,4093.0,B1,191.0,2024.0,False,745.0,4093.0,4093.0,4093.0,745.0,0.0,Sprint,98.02631578947368,97.37623762376238,249.0,36.97000508388408,22.972089028978136,1:08:13,2024 World Triathlon Para Series Montreal,False,False,False,False,False,False,False,False,False
183785,634246,166501,Francesca Tarantello B3,Italy,FINISH,2.0,00:10:41,00:00:59,00:32:08,00:00:49,00:19:10,01:06:58,PTVI Women,sprint,2024 World Triathlon Para Series Montreal,2024-06-29,World Para Series,760.0,20200.0,5000.0,641.0,59.0,1928.0,49.0,1150.0,4018.0,B3,191.0,2024.0,True,641.0,4018.0,3827.0,3827.0,641.0,191.0,Sprint,84.3421052631579,95.44554455445545,230.0,37.71784232365145,23.436773402489628,1:06:58,2024 World Triathlon Para Series Montreal,False,False,False,False,False,False,False,False,False
184833,634291,165205,McClain Hermes B1,United States,FINISH,1.0,00:12:50,00:01:22,00:30:12,00:01:24,00:25:36,01:11:23,PTVI Women,sprint,2024 World Triathlon Para Cup Tata,2024-07-13,World Para Cup,750.0,18000.0,5000.0,770.0,82.0,1812.0,84.0,1536.0,4283.0,B1,191.0,2024.0,False,770.0,4283.0,4284.0,4284.0,770.0,-1.0,Sprint,102.66666666666667,100.66666666666667,307.2,35.76158940397351,22.221214569536425,1:11:23,2024 World Triathlon Para Cup Tata,False,False,False,False,False,False,False,False,False
163894,658390,40701,Susana Rodriguez B1,Spain,FINISH,1.0,00:12:20,00:01:02,00:31:01,00:00:42,00:19:14,01:04:19,PTVI Women,sprint,Paris 2024 Paralympic Games,2024-09-02,Major Games,750.0,20000.0,5000.0,740.0,62.0,1861.0,42.0,1154.0,3859.0,B1,191.0,2024.0,False,740.0,3859.0,3859.0,3859.0,740.0,0.0,Sprint,98.66666666666667,93.05,230.8,38.68887694787749,24.040146157979585,1:04:19,Paris 2024 Paralympic Games,False,False,False,False,False,False,False,False,False
163894,658390,129626,Judith MacCombe B3,Ireland,FINISH,8.0,00:14:36,00:01:12,00:30:52,00:00:44,00:20:42,01:11:17,PTVI Women,sprint,Paris 2024 Paralympic Games,2024-09-02,Major Games,750.0,20000.0,5000.0,876.0,72.0,1852.0,44.0,1242.0,4277.0,B3,191.0,2024.0,True,876.0,4277.0,4086.0,4086.0,876.0,191.0,Sprint,116.8,92.6,248.4,38.87688984881209,24.156971922246218,1:11:17,Paris 2024 Paralympic Games,False,False,False,False,False,False,False,False,False
163894,658390,129627,Chloe MacCombe B3,Ireland,FINISH,6.0,00:14:19,00:01:13,00:30:55,00:00:45,00:20:09,01:10:32,PTVI Women,sprint,Paris 2024 Paralympic Games,2024-09-02,Major Games,750.0,20000.0,5000.0,859.0,73.0,1855.0,45.0,1209.0,4232.0,B3,191.0,2024.0,True,859.0,4232.0,4041.0,4041.0,859.0,191.0,Sprint,114.53333333333333,92.75,241.8,38.81401617250674,24.117904043126686,1:10:32,Paris 2024 Paralympic Games,False,False,False,False,False,False,False,False,False
163894,658390,142163,Leticia Freitas B1,Brazil,FINISH,9.0,00:13:31,00:01:30,00:35:14,00:00:38,00:20:27,01:11:20,PTVI Women,sprint,Paris 2024 Paralympic Games,2024-09-02,Major Games,750.0,20000.0,5000.0,811.0,90.0,2114.0,38.0,1227.0,4280.0,B1,191.0,2024.0,False,811.0,4280.0,4280.0,4280.0,811.0,0.0,Sprint,108.13333333333334,105.7,245.4,34.058656575212865,21.163061494796594,1:11:20,Paris 2024 Paralympic Games,False,False,False,False,False,False,False,False,False
163894,658390,166501,Francesca Tarantello B3,Italy,FINISH,2.0,00:11:08,00:01:00,00:31:28,00:00:39,00:19:17,01:06:43,PTVI Women,sprint,Paris 2024 Paralympic Games,2024-09-02,Major Games,750.0,20000.0,5000.0,668.0,60.0,1888.0,39.0,1157.0,4003.0,B3,191.0,2024.0,True,668.0,4003.0,3812.0,3812.0,668.0,191.0,Sprint,89.06666666666666,94.4,231.4,38.13559322033898,23.696351694915254,1:06:43,Paris 2024 Paralympic Games,False,False,False,False,False,False,False,False,False
163894,658390,176849,Anja Renner B3,Germany,FINISH,3.0,00:13:16,00:01:05,00:30:49,00:00:38,00:19:22,01:08:21,PTVI Women,sprint,Paris 2024 Paralympic Games,2024-09-02,Major Games,750.0,20000.0,5000.0,796.0,65.0,1849.0,38.0,1162.0,4101.0,B3,191.0,2024.0,True,796.0,4101.0,3910.0,3910.0,796.0,191.0,Sprint,106.13333333333334,92.45,232.4,38.93996755002704,24.196166576527855,1:08:21,Paris 2024 Paralympic Games,False,False,False,False,False,False,False,False,False
163894,658390,83022,Alison Peasgood B2,Great Britain,FINISH,4.0,00:12:27,00:01:05,00:31:31,00:00:41,00:20:26,01:09:21,PTVI Women,sprint,Paris 2024 Paralympic Games,2024-09-02,Major Games,750.0,20000.0,5000.0,747.0,65.0,1891.0,41.0,1226.0,4161.0,B2,191.0,2024.0,True,747.0,4161.0,3970.0,3970.0,747.0,191.0,Sprint,99.6,94.55,245.2,38.07509254362771,23.658758328926496,1:09:21,Paris 2024 Paralympic Games,False,False,False,False,False,False,False,False,False
185650,632040,165205,McClain Hermes B1,United States,FINISH,2.0,00:13:47,00:01:25,00:32:07,00:01:00,00:23:03,01:11:20,PTVI Women,sprint,2024 World Triathlon Para Cup Alhandra,2024-10-12,World Para Cup,750.0,19000.0,5000.0,827.0,85.0,1927.0,60.0,1383.0,4280.0,B1,191.0,2024.0,False,827.0,4280.0,4282.0,4282.0,827.0,-2.0,Sprint,110.26666666666667,101.42105263157895,276.6,35.495588998443175,22.055929631551635,1:11:20,2024 World Triathlon Para Cup Alhandra,False,False,False,False,False,False,False,False,False
185650,632040,142163,Leticia Freitas B1,Brazil,FINISH,1.0,00:13:04,00:01:30,00:30:50,00:01:04,00:20:44,01:07:13,PTVI Women,sprint,2024 World Triathlon Para Cup Alhandra,2024-10-12,World Para Cup,750.0,19000.0,5000.0,784.0,90.0,1850.0,64.0,1244.0,4033.0,B1,191.0,2024.0,False,784.0,4033.0,4032.0,4032.0,784.0,1.0,Sprint,104.53333333333333,97.36842105263158,248.8,36.972972972972975,22.97393318918919,1:07:13,2024 World Triathlon Para Cup Alhandra,False,False,False,False,False,False,False,False,False
183787,635492,165205,McClain Hermes B1,United States,FINISH,11.0,00:13:25,00:03:30,00:32:18,00:01:09,00:23:58,01:14:20,PTVI Women,sprint,2024 World Triathlon Para Championships Torremolinos-Andalucia,2024-10-17,World Championships,750.0,19100.0,5000.0,805.0,210.0,1938.0,69.0,1438.0,4460.0,B1,191.0,2024.0,False,805.0,4460.0,4460.0,4460.0,805.0,0.0,Sprint,107.33333333333333,101.46596858638743,287.6,35.47987616099071,22.04616613003096,1:14:20,2024 World Triathlon Para Championships Torremolinos-Andalucia,False,False,False,False,False,False,False,False,False
183787,635492,40701,Susana Rodriguez B1,Spain,FINISH,1.0,00:12:35,00:03:00,00:29:54,00:01:10,00:19:08,01:05:47,PTVI Women,sprint,2024 World Triathlon Para Championships Torremolinos-Andalucia,2024-10-17,World Championships,750.0,19100.0,5000.0,755.0,180.0,1794.0,70.0,1148.0,3947.0,B1,191.0,2024.0,False,755.0,3947.0,3947.0,3947.0,755.0,0.0,Sprint,100.66666666666667,93.92670157068062,229.6,38.32775919732442,23.81575806020067,1:05:47,2024 World Triathlon Para Championships Torremolinos-Andalucia,False,False,False,False,False,False,False,False,False
183787,635492,83022,Alison Peasgood B2,Great Britain,FINISH,7.0,00:12:52,00:02:39,00:30:16,00:00:54,00:19:59,01:09:50,PTVI Women,sprint,2024 World Triathlon Para Championships Torremolinos-Andalucia,2024-10-17,World Championships,750.0,19100.0,5000.0,772.0,159.0,1816.0,54.0,1199.0,4190.0,B2,191.0,2024.0,True,772.0,4190.0,4000.0,4000.0,772.0,190.0,Sprint,102.93333333333334,95.07853403141361,239.8,37.863436123348016,23.52724116740088,1:09:50,2024 World Triathlon Para Championships Torremolinos-Andalucia,False,False,False,False,False,False,False,False,False
183787,635492,129626,Judith MacCombe B3,Ireland,FINISH,4.0,00:14:25,00:02:42,00:28:42,00:00:57,00:17:53,01:07:50,PTVI Women,sprint,2024 World Triathlon Para Championships Torremolinos-Andalucia,2024-10-17,World Championships,750.0,19100.0,5000.0,865.0,162.0,1722.0,57.0,1073.0,4070.0,B3,191.0,2024.0,True,865.0,4070.0,3879.0,3879.0,865.0,191.0,Sprint,115.33333333333333,90.15706806282722,214.6,39.930313588850176,24.811538885017423,1:07:50,2024 World Triathlon Para Championships Torremolinos-Andalucia,False,False,False,False,False,False,False,False,False
183787,635492,142163,Leticia Freitas B1,Brazil,FINISH,3.0,00:12:15,00:03:30,00:31:34,00:01:00,00:19:26,01:07:45,PTVI Women,sprint,2024 World Triathlon Para Championships Torremolinos-Andalucia,2024-10-17,World Championships,750.0,19100.0,5000.0,735.0,210.0,1894.0,60.0,1166.0,4065.0,B1,191.0,2024.0,False,735.0,4065.0,4065.0,4065.0,735.0,0.0,Sprint,98.0,99.16230366492145,233.2,36.30411826821542,22.558326272439285,1:07:45,2024 World Triathlon Para Championships Torremolinos-Andalucia,False,False,False,False,False,False,False,False,False
183787,635492,166501,Francesca Tarantello B3,Italy,FINISH,2.0,00:11:18,00:02:42,00:30:51,00:00:58,00:18:31,01:07:31,PTVI Women,sprint,2024 World Triathlon Para Championships Torremolinos-Andalucia,2024-10-17,World Championships,750.0,19100.0,5000.0,678.0,162.0,1851.0,58.0,1111.0,4051.0,B3,191.0,2024.0,True,678.0,4051.0,3860.0,3860.0,678.0,191.0,Sprint,90.4,96.9109947643979,222.2,37.14748784440843,23.082371669367912,1:07:31,2024 World Triathlon Para Championships Torremolinos-Andalucia,False,False,False,False,False,False,False,False,False
183787,635492,176849,Anja Renner B3,Germany,FINISH,5.0,00:12:58,00:02:55,00:29:23,00:00:58,00:18:31,01:07:56,PTVI Women,sprint,2024 World Triathlon Para Championships Torremolinos-Andalucia,2024-10-17,World Championships,750.0,19100.0,5000.0,778.0,175.0,1763.0,58.0,1111.0,4076.0,B3,191.0,2024.0,True,778.0,4076.0,3885.0,3885.0,778.0,191.0,Sprint,103.73333333333333,92.30366492146597,222.2,39.00170164492343,24.234526352807716,1:07:56,2024 World Triathlon Para Championships Torremolinos-Andalucia,False,False,False,False,False,False,False,False,False
194196,671111,129627,Chloe MacCombe B3,Ireland,FINISH,1.0,00:12:32,00:01:35,00:31:31,00:00:55,00:20:27,01:10:11,PTVI Women,sprint,2025 World Triathlon Para Cup Abu Dhabi,2025-02-15,World Para Cup,,19980.0,750.0,752.0,95.0,1891.0,55.0,1227.0,4211.0,B3,191.0,2025.0,True,752.0,4211.0,4020.0,4020.0,752.0,191.0,Sprint,,94.64464464464464,,38.03701745108409,23.63509957059757,1:10:11,2025 World Triathlon Para Cup Abu Dhabi,True,False,False,False,False,False,False,False,False
194210,671142,40701,Susana Rodriguez B1,Spain,FINISH,1.0,00:11:53,00:01:15,00:33:42,00:01:05,00:19:56,01:07:53,PTVI Women,sprint,2025 World Triathlon Para Series Devonport,2025-03-14,World Para Series,750.0,20000.0,5000.0,713.0,75.0,2022.0,65.0,1196.0,4073.0,B1,191.0,2025.0,False,713.0,4073.0,4071.0,4071.0,713.0,2.0,Sprint,95.06666666666666,101.1,239.2,35.60830860534125,22.125970326409497,1:07:53,2025 World Triathlon Para Series Devonport,False,False,False,False,False,False,False,False,False
194210,671142,129627,Chloe MacCombe B3,Ireland,FINISH,3.0,00:13:10,00:01:17,00:34:28,00:01:16,00:20:19,01:13:53,PTVI Women,sprint,2025 World Triathlon Para Series Devonport,2025-03-14,World Para Series,750.0,20000.0,5000.0,790.0,77.0,2068.0,76.0,1219.0,4433.0,B3,191.0,2025.0,True,790.0,4433.0,4230.0,4230.0,790.0,203.0,Sprint,105.33333333333333,103.4,243.8,34.81624758220503,21.63380657640232,1:13:53,2025 World Triathlon Para Series Devonport,False,False,False,False,False,False,False,False,False
194191,674093,166501,Francesca Tarantello B3,Italy,FINISH,1.0,00:10:05,00:01:23,00:32:57,00:00:46,00:19:28,01:08:00,PTVI Women,sprint,2025 World Triathlon Para Series Yokohama,2025-05-17,World Para Series,750.0,21220.0,5000.0,605.0,83.0,1977.0,46.0,1168.0,4080.0,B3,191.0,2025.0,True,605.0,4080.0,3879.0,3879.0,605.0,201.0,Sprint,80.66666666666667,93.16682375117814,233.6,38.64036418816388,24.010001735963577,1:08:00,2025 World Triathlon Para Series Yokohama,False,False,False,False,False,False,False,False,False
194191,674093,129627,Chloe MacCombe B3,Ireland,FINISH,4.0,00:12:35,00:01:34,00:34:30,00:01:03,00:19:42,01:12:45,PTVI Women,sprint,2025 World Triathlon Para Series Yokohama,2025-05-17,World Para Series,750.0,21220.0,5000.0,755.0,94.0,2070.0,63.0,1182.0,4365.0,B3,191.0,2025.0,True,755.0,4365.0,4164.0,4164.0,755.0,201.0,Sprint,100.66666666666667,97.54948162111216,236.4,36.904347826086955,22.931291513043476,1:12:45,2025 World Triathlon Para Series Yokohama,False,False,False,False,False,False,False,False,False
194191,674093,176849,Anja Renner B3,Germany,FINISH,2.0,00:11:47,00:01:39,00:32:13,00:00:47,00:20:49,01:10:36,PTVI Women,sprint,2025 World Triathlon Para Series Yokohama,2025-05-17,World Para Series,750.0,21220.0,5000.0,707.0,99.0,1933.0,47.0,1249.0,4236.0,B3,191.0,2025.0,True,707.0,4236.0,4035.0,4035.0,707.0,201.0,Sprint,94.26666666666667,91.0933081998115,249.8,39.51991722710812,24.556530487325396,1:10:36,2025 World Triathlon Para Series Yokohama,False,False,False,False,False,False,False,False,False
194212,674470,40701,Susana Rodriguez B1,Spain,FINISH,1.0,00:11:49,00:00:37,00:32:56,00:00:43,00:20:06,01:06:13,PTVI Women,sprint,2025 World Triathlon Para Series Taranto,2025-06-07,World Para Series,750.0,21000.0,5000.0,709.0,37.0,1976.0,43.0,1206.0,3973.0,B1,191.0,2025.0,False,709.0,3973.0,3971.0,3971.0,709.0,2.0,Sprint,94.53333333333333,94.0952380952381,241.2,38.25910931174089,23.77310101214575,1:06:13,2025 World Triathlon Para Series Taranto,False,False,False,False,False,False,False,False,False
194212,674470,176849,Anja Renner B3,Germany,FINISH,4.0,00:12:46,00:00:40,00:34:03,00:00:50,00:19:26,01:11:07,PTVI Women,sprint,2025 World Triathlon Para Series Taranto,2025-06-07,World Para Series,750.0,21000.0,5000.0,766.0,40.0,2043.0,50.0,1166.0,4267.0,B3,191.0,2025.0,True,766.0,4267.0,4065.0,4065.0,766.0,202.0,Sprint,102.13333333333334,97.28571428571429,233.2,37.00440528634361,22.993464317180617,1:11:07,2025 World Triathlon Para Series Taranto,False,False,False,False,False,False,False,False,False
194212,674470,166501,Francesca Tarantello B3,Italy,FINISH,2.0,00:10:50,00:00:34,00:34:07,00:00:40,00:19:17,01:08:50,PTVI Women,sprint,2025 World Triathlon Para Series Taranto,2025-06-07,World Para Series,750.0,21000.0,5000.0,650.0,34.0,2047.0,40.0,1157.0,4130.0,B3,191.0,2025.0,True,650.0,4130.0,3928.0,3928.0,650.0,202.0,Sprint,86.66666666666667,97.47619047619048,231.4,36.932095749877874,22.948533268197366,1:08:50,2025 World Triathlon Para Series Taranto,False,False,False,False,False,False,False,False,False
194212,674470,129626,Judith MacCombe B3,Ireland,FINISH,3.0,00:13:52,00:00:40,00:32:19,00:00:44,00:19:26,01:10:24,PTVI Women,sprint,2025 World Triathlon Para Series Taranto,2025-06-07,World Para Series,750.0,21000.0,5000.0,832.0,40.0,1939.0,44.0,1166.0,4224.0,B3,191.0,2025.0,True,832.0,4224.0,4021.0,4021.0,832.0,203.0,Sprint,110.93333333333334,92.33333333333333,233.2,38.98916967509025,24.226739350180505,1:10:24,2025 World Triathlon Para Series Taranto,False,False,False,False,False,False,False,False,False
194213,674450,142163,Leticia Freitas B1,Brazil,FINISH,2.0,00:11:12,00:01:38,00:34:36,00:01:04,00:22:10,01:10:40,PTVI Women,sprint,2025 World Triathlon Para Cup Magog,2025-07-12,World Para Cup,750.0,18900.0,5000.0,672.0,98.0,2076.0,64.0,1330.0,4240.0,B1,191.0,2025.0,False,672.0,4240.0,4240.0,4240.0,672.0,0.0,Sprint,89.6,109.84126984126985,266.0,32.774566473988436,20.36516514450867,1:10:40,2025 World Triathlon Para Cup Magog,False,False,False,False,False,False,False,False,False
194213,674450,176849,Anja Renner B3,Germany,FINISH,1.0,00:11:39,00:01:17,00:32:41,00:00:56,00:20:01,01:09:55,PTVI Women,sprint,2025 World Triathlon Para Cup Magog,2025-07-12,World Para Cup,750.0,18900.0,5000.0,699.0,77.0,1961.0,56.0,1201.0,4195.0,B3,191.0,2025.0,True,699.0,4195.0,3994.0,3994.0,699.0,201.0,Sprint,93.2,103.75661375661376,240.2,34.69658337582866,21.55945070882203,1:09:55,2025 World Triathlon Para Cup Magog,False,False,False,False,False,False,False,False,False
194213,674450,165205,McClain Hermes B1,United States,FINISH,3.0,00:10:57,00:01:36,00:38:35,00:01:22,00:21:44,01:14:14,PTVI Women,sprint,2025 World Triathlon Para Cup Magog,2025-07-12,World Para Cup,750.0,18900.0,5000.0,657.0,96.0,2315.0,82.0,1304.0,4454.0,B1,191.0,2025.0,False,657.0,4454.0,4454.0,4454.0,657.0,0.0,Sprint,87.6,122.4867724867725,260.8,29.39092872570194,18.26267077321814,1:14:14,2025 World Triathlon Para Cup Magog,False,False,False,False,False,False,False,False,False
194208,674528,129627,Chloe MacCombe B3,Ireland,FINISH,3.0,00:12:56,00:00:52,00:29:33,00:00:57,00:19:23,01:07:02,PTVI Women,sprint,2025 World Triathlon Para Series Montreal,2025-07-19,World Para Series,750.0,20400.0,5000.0,776.0,52.0,1773.0,57.0,1163.0,4022.0,B3,191.0,2025.0,True,776.0,4022.0,3821.0,3821.0,776.0,201.0,Sprint,103.46666666666667,86.91176470588236,232.6,41.421319796954315,25.7380069035533,1:07:02,2025 World Triathlon Para Series Montreal,False,False,False,False,False,False,False,False,False
194208,674528,142163,Leticia Freitas B1,Brazil,FINISH,1.0,00:12:10,00:00:52,00:31:21,00:00:53,00:20:31,01:05:47,PTVI Women,sprint,2025 World Triathlon Para Series Montreal,2025-07-19,World Para Series,750.0,20400.0,5000.0,730.0,52.0,1881.0,53.0,1231.0,3947.0,B1,191.0,2025.0,False,730.0,3947.0,3947.0,3947.0,730.0,0.0,Sprint,97.33333333333333,92.20588235294119,246.2,39.04306220095694,24.260226602870816,1:05:47,2025 World Triathlon Para Series Montreal,False,False,False,False,False,False,False,False,False
194208,674528,176849,Anja Renner B3,Germany,FINISH,2.0,00:12:09,00:00:59,00:29:43,00:00:54,00:19:23,01:06:29,PTVI Women,sprint,2025 World Triathlon Para Series Montreal,2025-07-19,World Para Series,750.0,20400.0,5000.0,729.0,59.0,1783.0,54.0,1163.0,3989.0,B3,191.0,2025.0,True,729.0,3989.0,3788.0,3788.0,729.0,201.0,Sprint,97.2,87.40196078431373,232.6,41.18900729108245,25.59365464946719,1:06:29,2025 World Triathlon Para Series Montreal,False,False,False,False,False,False,False,False,False
194855,674882,165205,McClain Hermes B1,United States,FINISH,1.0,00:11:37,00:01:35,00:31:14,00:01:07,00:21:18,01:06:50,PTVI Women,sprint,2025 World Triathlon Para Cup Tata,2025-07-19,World Para Cup,750.0,18000.0,5000.0,697.0,95.0,1874.0,67.0,1278.0,4010.0,B1,191.0,2025.0,False,697.0,4010.0,4011.0,4011.0,697.0,-1.0,Sprint,92.93333333333334,104.11111111111111,255.6,34.57844183564568,21.48604098185699,1:06:50,2025 World Triathlon Para Cup Tata,False,False,False,False,False,False,False,False,False
194208,674528,129626,Judith MacCombe B3,Ireland,FINISH,4.0,00:13:58,00:00:41,00:29:41,00:00:53,00:19:48,01:08:22,PTVI Women,sprint,2025 World Triathlon Para Series Montreal,2025-07-19,World Para Series,750.0,20400.0,5000.0,838.0,41.0,1781.0,53.0,1188.0,4102.0,B3,191.0,2025.0,True,838.0,4102.0,3901.0,3901.0,838.0,201.0,Sprint,111.73333333333333,87.30392156862746,237.6,41.23526108927568,25.62239541830432,1:08:22,2025 World Triathlon Para Series Montreal,False,False,False,False,False,False,False,False,False
194856,674902,129627,Chloe MacCombe B3,Ireland,FINISH,3.0,00:18:30,00:01:27,00:29:48,00:01:16,00:19:48,01:14:11,PTVI Women,sprint,2025 World Triathlon Para Cup Alhandra,2025-09-06,World Para Cup,,19100.0,5000.0,1110.0,87.0,1788.0,76.0,1188.0,4451.0,B3,191.0,2025.0,True,1110.0,4451.0,4249.0,4249.0,1110.0,202.0,Sprint,,93.61256544502618,237.6,38.45637583892618,23.895676711409397,1:14:11,2025 World Triathlon Para Cup Alhandra,False,False,False,False,False,False,False,False,False
188993,674964,176849,Anja Renner B3,Germany,FINISH,3.0,00:11:16,00:01:08,00:32:31,00:00:43,00:19:10,01:08:09,PTVI Women,standard,2025 World Triathlon Para Championships Wollongong,2025-10-15,World Championships,,,,676.0,68.0,1951.0,43.0,1150.0,4089.0,B3,191.0,2025.0,True,676.0,4089.0,3888.0,3888.0,676.0,201.0,Standard,,,,,,1:08:09,2025 World Triathlon Para Championships Wollongong,False,False,False,False,False,False,False,False,False
188993,674964,166501,Francesca Tarantello B3,Italy,FINISH,2.0,00:10:04,00:01:06,00:32:54,00:00:34,00:18:56,01:06:57,PTVI Women,standard,2025 World Triathlon Para Championships Wollongong,2025-10-15,World Championships,,,,604.0,66.0,1974.0,34.0,1136.0,4017.0,B3,191.0,2025.0,True,604.0,4017.0,3814.0,3814.0,604.0,203.0,Standard,,,,,,1:06:57,2025 World Triathlon Para Championships Wollongong,False,False,False,False,False,False,False,False,False
188993,674964,165205,McClain Hermes B1,United States,FINISH,4.0,00:11:12,00:01:17,00:35:14,00:00:40,00:20:39,01:09:02,PTVI Women,standard,2025 World Triathlon Para Championships Wollongong,2025-10-15,World Championships,,,,672.0,77.0,2114.0,40.0,1239.0,4142.0,B1,191.0,2025.0,False,672.0,4142.0,4142.0,4142.0,672.0,0.0,Standard,,,,,,1:09:02,2025 World Triathlon Para Championships Wollongong,False,False,False,False,False,False,False,False,False
188993,674964,142163,Leticia Freitas B1,Brazil,FINISH,5.0,00:11:16,00:01:18,00:35:44,00:00:38,00:20:36,01:09:33,PTVI Women,standard,2025 World Triathlon Para Championships Wollongong,2025-10-15,World Championships,,,,676.0,78.0,2144.0,38.0,1236.0,4173.0,B1,191.0,2025.0,False,676.0,4173.0,4172.0,4172.0,676.0,1.0,Standard,,,,,,1:09:33,2025 World Triathlon Para Championships Wollongong,False,False,False,False,False,False,False,False,False
188993,674964,129627,Chloe MacCombe B3,Ireland,FINISH,8.0,00:12:19,00:01:05,00:34:15,00:00:45,00:19:39,01:11:23,PTVI Women,standard,2025 World Triathlon Para Championships Wollongong,2025-10-15,World Championships,,,,739.0,65.0,2055.0,45.0,1179.0,4283.0,B3,191.0,2025.0,True,739.0,4283.0,4083.0,4083.0,739.0,200.0,Standard,,,,,,1:11:23,2025 World Triathlon Para Championships Wollongong,False,False,False,False,False,False,False,False,False
188993,674964,129626,Judith MacCombe B3,Ireland,FINISH,6.0,00:12:40,00:01:10,00:32:09,00:00:47,00:19:32,01:09:39,PTVI Women,standard,2025 World Triathlon Para Championships Wollongong,2025-10-15,World Championships,,,,760.0,70.0,1929.0,47.0,1172.0,4179.0,B3,191.0,2025.0,True,760.0,4179.0,3978.0,3978.0,760.0,201.0,Standard,,,,,,1:09:39,2025 World Triathlon Para Championships Wollongong,False,False,False,False,False,False,False,False,False
188993,674964,40701,Susana Rodriguez B1,Spain,FINISH,1.0,00:11:08,00:01:10,00:32:18,00:00:40,00:19:25,01:04:42,PTVI Women,standard,2025 World Triathlon Para Championships Wollongong,2025-10-15,World Championships,,,,668.0,70.0,1938.0,40.0,1165.0,3882.0,B1,191.0,2025.0,False,668.0,3882.0,3881.0,3881.0,668.0,1.0,Standard,,,,,,1:04:42,2025 World Triathlon Para Championships Wollongong,False,False,False,False,False,False,False,False,False
