event_id,prog_id,athlete_id,full_name,country,finish_status,finish_position,swimtime,t1time,biketime,t2time,runtime,total_time,prog_name,prog_distance_category,event_name,event_date,cat_name,swim_distance,bike_distance,run_distance,swimtime_sec,t1time_sec,biketime_sec,t2time_sec,runtime_sec,total_time_sec,distance_panel,swim_pace_s_per_100m,bike_pace_s_per_km,run_pace_s_per_km,bike_speed_kmh,bike_speed_mph,total_time_fmt,event_label
152696,452695,83771,Kendall Gretsch H2,United States,FINISH,1.0,00:12:38,00:01:33,00:35:57,00:00:51,00:12:49,01:07:52,PTWC Women,,2021 World Triathlon Para Series Yokohama,2021-05-15,World Para Series,,,,758.0,93.0,2157.0,51.0,769.0,4072.0,Unknown,,,,,,1:07:52,2021 World Triathlon Para Series Yokohama
152698,452752,132337,Leanne Taylor H1,Canada,FINISH,6.0,00:16:12,00:04:14,00:56:57,00:01:13,00:17:56,01:36:31,PTWC Women,,AJ Bell 2021 World Triathlon Para Series Leeds,2021-06-05,World Para Series,,,,972.0,254.0,3417.0,73.0,1076.0,5791.0,Unknown,,,,,,1:36:31,AJ Bell 2021 World Triathlon Para Series Leeds
152698,452752,83771,Kendall Gretsch H2,United States,FINISH,1.0,00:12:49,00:03:37,00:43:46,00:00:43,00:14:42,01:19:40,PTWC Women,,AJ Bell 2021 World Triathlon Para Series Leeds,2021-06-05,World Para Series,,,,769.0,217.0,2626.0,43.0,882.0,4780.0,Unknown,,,,,,1:19:40,AJ Bell 2021 World Triathlon Para Series Leeds
154586,453958,132337,Leanne Taylor H1,Canada,FINISH,5.0,00:16:32,00:01:09,00:50:06,00:01:45,00:17:19,01:26:51,PTWC Women,,2021 World Triathlon Para Cup A Coruna,2021-06-20,World Para Cup,,,,992.0,69.0,3006.0,105.0,1039.0,5211.0,Unknown,,,,,,1:26:51,2021 World Triathlon Para Cup A Coruna
131301,508224,122515,Lauren Parker H1,Australia,FINISH,2.0,00:11:47,00:02:11,00:37:03,00:01:09,00:14:16,01:06:26,PTWC Women,,Tokyo 2020 Paralympic Games,2021-08-24,Major Games,,,,707.0,131.0,2223.0,69.0,856.0,3986.0,Unknown,,,,,,1:06:26,Tokyo 2020 Paralympic Games
131301,508224,83771,Kendall Gretsch H2,United States,FINISH,1.0,00:11:12,00:01:33,00:35:58,00:00:43,00:12:55,01:06:25,PTWC Women,,Tokyo 2020 Paralympic Games,2021-08-24,Major Games,,,,672.0,93.0,2158.0,43.0,775.0,3985.0,Unknown,,,,,,1:06:25,Tokyo 2020 Paralympic Games
163470,544239,132337,Leanne Taylor H1,Canada,FINISH,2.0,00:14:51,00:01:55,00:40:29,00:01:10,00:15:01,01:13:26,PTWC Women,sprint,2022 World Triathlon Para Series Yokohama,2022-05-14,World Para Series,750.0,20000.0,5000.0,891.0,115.0,2429.0,70.0,901.0,4406.0,Sprint,118.8,121.45,180.2,29.641827912721283,18.418572251955535,1:13:26,2022 World Triathlon Para Series Yokohama
163473,545478,132337,Leanne Taylor H1,Canada,FINISH,2.0,00:00:00,00:00:00,00:52:14,00:01:17,00:15:33,01:25:40,PTWC Women,sprint,2022 World Triathlon Para Cup Besancon,2022-06-11,World Para Cup,,,,,,3134.0,77.0,933.0,5140.0,Sprint,,,,,,1:25:40,2022 World Triathlon Para Cup Besancon
163485,545434,132337,Leanne Taylor H1,Canada,DNF,,00:00:00,00:00:00,00:00:00,00:00:00,00:00:00,DNF,PTWC Women,sprint,2022 World Triathlon Para Cup A Coruna,2022-06-19,World Para Cup,750.0,20800.0,5050.0,,,,,,,Sprint,,,,,,,2022 World Triathlon Para Cup A Coruna
166221,553015,122515,Lauren Parker H1,Australia,FINISH,1.0,00:13:22,00:00:00,00:37:00,00:01:05,00:13:43,01:05:08,PTWC Women,Sprint,2022 World Triathlon Para Series Montreal,2022-07-08,World Para Series,750.0,22500.0,5000.0,802.0,,2220.0,65.0,823.0,3908.0,Sprint,106.93333333333334,98.66666666666667,164.6,36.486486486486484,22.671644594594593,1:05:08,2022 World Triathlon Para Series Montreal
166221,553015,132337,Leanne Taylor H1,Canada,FINISH,3.0,00:15:17,00:00:00,00:43:15,00:00:52,00:13:18,01:12:40,PTWC Women,Sprint,2022 World Triathlon Para Series Montreal,2022-07-08,World Para Series,750.0,22500.0,5000.0,917.0,,2595.0,52.0,798.0,4360.0,Sprint,122.26666666666667,115.33333333333333,159.6,31.213872832369944,19.395395375722543,1:12:40,2022 World Triathlon Para Series Montreal
166221,553015,83771,Kendall Gretsch H2,United States,FINISH,2.0,00:12:25,00:00:00,00:41:54,00:00:55,00:12:56,01:11:50,PTWC Women,Sprint,2022 World Triathlon Para Series Montreal,2022-07-08,World Para Series,750.0,22500.0,5000.0,745.0,,2514.0,55.0,776.0,4310.0,Sprint,99.33333333333333,111.73333333333333,155.2,32.21957040572792,20.020306682577566,1:11:50,2022 World Triathlon Para Series Montreal
163477,546888,132337,Leanne Taylor H1,Canada,FINISH,5.0,00:13:55,00:02:21,00:41:22,00:00:55,00:15:11,01:13:42,PTWC Women,sprint,2022 World Triathlon Para Series Swansea,2022-08-06,World Para Series,750.0,19500.0,5000.0,835.0,141.0,2482.0,55.0,911.0,4422.0,Sprint,111.33333333333333,127.28205128205128,182.2,28.283642224012894,17.574635052377115,1:13:42,2022 World Triathlon Para Series Swansea
163477,546888,83771,Kendall Gretsch H2,United States,FINISH,2.0,00:11:23,00:01:43,00:38:48,00:00:45,00:15:01,01:11:20,PTWC Women,sprint,2022 World Triathlon Para Series Swansea,2022-08-06,World Para Series,750.0,19500.0,5000.0,683.0,103.0,2328.0,45.0,901.0,4280.0,Sprint,91.06666666666666,119.38461538461539,180.2,30.154639175257735,18.737218298969076,1:11:20,2022 World Triathlon Para Series Swansea
163477,546888,122515,Lauren Parker H1,Australia,FINISH,1.0,00:11:47,00:02:12,00:35:37,00:01:04,00:16:00,01:06:38,PTWC Women,sprint,2022 World Triathlon Para Series Swansea,2022-08-06,World Para Series,750.0,19500.0,5000.0,707.0,132.0,2137.0,64.0,960.0,3998.0,Sprint,94.26666666666667,109.58974358974359,192.0,32.84978942442677,20.411906504445486,1:06:38,2022 World Triathlon Para Series Swansea
171975,576202,122515,Lauren Parker H1,Australia,FINISH,1.0,00:12:18,00:01:53,00:39:45,00:01:43,00:14:12,01:09:49,PTWC Women,sprint,2023 World Triathlon Para Series Devonport,2023-03-18,World Para Series,750.0,20000.0,5000.0,738.0,113.0,2385.0,103.0,852.0,4189.0,Sprint,98.4,119.25,170.4,30.18867924528302,18.758369811320755,1:09:49,2023 World Triathlon Para Series Devonport
171973,576178,83771,Kendall Gretsch H2,United States,FINISH,2.0,00:12:09,00:01:35,00:35:43,00:01:03,00:14:05,01:08:13,PTWC Women,sprint,2023 World Triathlon Para Series Yokohama,2023-05-13,World Para Series,750.0,20000.0,5000.0,729.0,95.0,2143.0,63.0,845.0,4093.0,Sprint,97.2,107.15,169.0,33.59776014932338,20.876673821745218,1:08:13,2023 World Triathlon Para Series Yokohama
171973,576178,122515,Lauren Parker H1,Australia,FINISH,1.0,00:12:09,00:03:52,00:34:51,00:01:12,00:15:02,01:07:06,PTWC Women,sprint,2023 World Triathlon Para Series Yokohama,2023-05-13,World Para Series,750.0,20000.0,5000.0,729.0,232.0,2091.0,72.0,902.0,4026.0,Sprint,97.2,104.55,180.4,34.433285509325685,21.39584505021521,1:07:06,2023 World Triathlon Para Series Yokohama
171973,576178,132337,Leanne Taylor H1,Canada,FINISH,5.0,00:14:00,00:02:09,00:37:48,00:01:06,00:16:13,01:11:16,PTWC Women,sprint,2023 World Triathlon Para Series Yokohama,2023-05-13,World Para Series,750.0,20000.0,5000.0,840.0,129.0,2268.0,66.0,973.0,4276.0,Sprint,112.0,113.4,194.6,31.746031746031747,19.726063492063492,1:11:16,2023 World Triathlon Para Series Yokohama
174960,589244,122515,Lauren Parker H1,Australia,FINISH,1.0,00:12:16,00:01:40,00:34:26,00:01:14,00:13:56,01:03:32,PTWC Women,sprint,2023 World Triathlon Para Series Montreal,2023-07-08,World Para Series,773.0,20200.0,5000.0,736.0,100.0,2066.0,74.0,836.0,3812.0,Sprint,95.21345407503233,102.27722772277228,167.2,35.198451113262344,21.871296766698936,1:03:32,2023 World Triathlon Para Series Montreal
174960,589244,83771,Kendall Gretsch H2,United States,FINISH,2.0,00:11:46,00:01:30,00:35:43,00:00:44,00:12:50,01:06:11,PTWC Women,sprint,2023 World Triathlon Para Series Montreal,2023-07-08,World Para Series,773.0,20200.0,5000.0,706.0,90.0,2143.0,44.0,770.0,3971.0,Sprint,91.33247089262613,106.0891089108911,154.0,33.93373775081661,21.08544055996267,1:06:11,2023 World Triathlon Para Series Montreal
174960,589244,132337,Leanne Taylor H1,Canada,FINISH,4.0,00:13:07,00:01:28,00:38:49,00:01:09,00:13:47,01:08:20,PTWC Women,sprint,2023 World Triathlon Para Series Montreal,2023-07-08,World Para Series,773.0,20200.0,5000.0,787.0,88.0,2329.0,69.0,827.0,4100.0,Sprint,101.81112548512289,115.2970297029703,165.4,31.223701159295835,19.401502413052814,1:08:20,2023 World Triathlon Para Series Montreal
171976,582597,122515,Lauren Parker H1,Australia,DNS,,00:00:00,00:00:00,n/a,n/a,00:00:00,DNS,PTWC Women,sprint,2023 World Triathlon Para Series Swansea,2023-07-15,World Para Series,750.0,,5000.0,,,,,,,Sprint,,,,,,,2023 World Triathlon Para Series Swansea
172816,582639,122515,Lauren Parker H1,Australia,FINISH,1.0,00:07:35,00:00:52,00:34:59,00:01:01,00:14:47,00:59:14,PTWC Women,sprint,2023 World Triathlon Para Cup Paris,2023-08-19,World Para Cup,,18500.0,,455.0,52.0,2099.0,61.0,887.0,3554.0,Sprint,,113.45945945945945,,31.72939494997618,19.715725869461647,59:14,2023 World Triathlon Para Cup Paris
172816,582639,132337,Leanne Taylor H1,Canada,FINISH,4.0,00:08:13,00:00:48,00:40:00,00:01:01,00:14:29,01:04:30,PTWC Women,sprint,2023 World Triathlon Para Cup Paris,2023-08-19,World Para Cup,,18500.0,,493.0,48.0,2400.0,61.0,869.0,3870.0,Sprint,,129.72972972972974,,27.75,17.24304525,1:04:30,2023 World Triathlon Para Cup Paris
172816,582639,83771,Kendall Gretsch H2,United States,FINISH,2.0,00:06:56,00:00:39,00:35:29,00:00:45,00:13:42,01:00:44,PTWC Women,sprint,2023 World Triathlon Para Cup Paris,2023-08-19,World Para Cup,,18500.0,,416.0,39.0,2129.0,45.0,822.0,3644.0,Sprint,,115.08108108108108,,31.282292155941757,19.437909159229687,1:00:44,2023 World Triathlon Para Cup Paris
183781,630326,122515,Lauren Parker H1,Australia,FINISH,1.0,00:12:03,00:02:21,00:34:18,00:00:57,00:13:57,01:03:36,PTWC Women,sprint,2024 World Triathlon Para Series Yokohama,2024-05-11,World Para Series,,20000.0,5000.0,723.0,141.0,2058.0,57.0,837.0,3816.0,Sprint,,102.9,167.4,34.98542274052478,21.738927113702626,1:03:36,2024 World Triathlon Para Series Yokohama
183781,630326,83771,Kendall Gretsch H2,United States,FINISH,4.0,00:11:34,00:01:42,00:35:01,00:00:46,00:12:59,01:05:40,PTWC Women,sprint,2024 World Triathlon Para Series Yokohama,2024-05-11,World Para Series,,20000.0,5000.0,694.0,102.0,2101.0,46.0,779.0,3940.0,Sprint,,105.05,155.8,34.26939552594003,21.294008567348882,1:05:40,2024 World Triathlon Para Series Yokohama
183781,630326,132337,Leanne Taylor H1,Canada,FINISH,2.0,00:12:53,00:02:11,00:35:58,00:01:00,00:12:59,01:05:01,PTWC Women,sprint,2024 World Triathlon Para Series Yokohama,2024-05-11,World Para Series,,20000.0,5000.0,773.0,131.0,2158.0,60.0,779.0,3901.0,Sprint,,107.9,155.8,33.364226135310474,20.731562557924004,1:05:01,2024 World Triathlon Para Series Yokohama
183784,634138,83771,Kendall Gretsch H2,United States,FINISH,2.0,00:11:33,00:02:20,00:39:38,00:00:40,00:15:45,01:13:36,PTWC Women,sprint,2024 World Triathlon Para Series Swansea,2024-06-22,World Para Series,750.0,19480.0,5000.0,693.0,140.0,2378.0,40.0,945.0,4416.0,Sprint,92.4,122.07392197125256,189.0,29.490328006728344,18.3244346038688,1:13:36,2024 World Triathlon Para Series Swansea
183784,634138,132337,Leanne Taylor H1,Canada,FINISH,1.0,00:12:50,00:02:40,00:41:42,00:00:50,00:14:18,01:12:21,PTWC Women,sprint,2024 World Triathlon Para Series Swansea,2024-06-22,World Para Series,750.0,19480.0,5000.0,770.0,160.0,2502.0,50.0,858.0,4341.0,Sprint,102.66666666666667,128.4394250513347,171.6,28.02877697841727,17.41626917985612,1:12:21,2024 World Triathlon Para Series Swansea
183785,634240,132337,Leanne Taylor H1,Canada,FINISH,2.0,00:13:40,00:01:41,00:36:13,00:00:55,00:13:18,01:05:47,PTWC Women,sprint,2024 World Triathlon Para Series Montreal,2024-06-29,World Para Series,760.0,20200.0,5000.0,820.0,101.0,2173.0,55.0,798.0,3947.0,Sprint,107.89473684210527,107.57425742574257,159.6,33.46525540727105,20.79433921767142,1:05:47,2024 World Triathlon Para Series Montreal
183785,634240,83771,Kendall Gretsch H2,United States,FINISH,1.0,00:12:02,00:01:11,00:34:42,00:00:45,00:13:16,01:05:34,PTWC Women,sprint,2024 World Triathlon Para Series Montreal,2024-06-29,World Para Series,760.0,20200.0,5000.0,722.0,71.0,2082.0,45.0,796.0,3934.0,Sprint,95.0,103.06930693069307,159.2,34.92795389048991,21.703217636887604,1:05:34,2024 World Triathlon Para Series Montreal
163894,658386,132337,Leanne Taylor H1,Canada,FINISH,3.0,00:14:31,00:01:43,00:41:07,00:00:50,00:14:00,01:12:11,PTWC Women,sprint,Paris 2024 Paralympic Games,2024-09-02,Major Games,750.0,20000.0,5000.0,871.0,103.0,2467.0,50.0,840.0,4331.0,Sprint,116.13333333333334,123.35,168.0,29.18524523713012,18.134865018240777,1:12:11,Paris 2024 Paralympic Games
163894,658386,83771,Kendall Gretsch H2,United States,FINISH,2.0,00:12:41,00:01:13,00:36:28,00:00:33,00:13:13,01:07:46,PTWC Women,sprint,Paris 2024 Paralympic Games,2024-09-02,Major Games,750.0,20000.0,5000.0,761.0,73.0,2188.0,33.0,793.0,4066.0,Sprint,101.46666666666667,109.4,158.6,32.90676416819013,20.44730895795247,1:07:46,Paris 2024 Paralympic Games
163894,658386,122515,Lauren Parker H1,Australia,FINISH,1.0,00:13:19,00:01:48,00:36:39,00:00:49,00:13:48,01:06:23,PTWC Women,sprint,Paris 2024 Paralympic Games,2024-09-02,Major Games,750.0,20000.0,5000.0,799.0,108.0,2199.0,49.0,828.0,3983.0,Sprint,106.53333333333333,109.95,165.6,32.74215552523874,20.345025920873123,1:06:23,Paris 2024 Paralympic Games
194210,671136,122515,Lauren Parker H1,Australia,FINISH,1.0,00:13:04,00:02:02,00:38:42,00:01:25,00:13:31,01:08:45,PTWC Women,sprint,2025 World Triathlon Para Series Devonport,2025-03-14,World Para Series,750.0,20000.0,5000.0,784.0,122.0,2322.0,85.0,811.0,4125.0,Sprint,104.53333333333333,116.1,162.2,31.007751937984494,19.26731782945736,1:08:45,2025 World Triathlon Para Series Devonport
194191,674087,122515,Lauren Parker H1,Australia,FINISH,1.0,00:12:09,00:02:40,00:37:54,00:01:03,00:14:25,01:08:11,PTWC Women,sprint,2025 World Triathlon Para Series Yokohama,2025-05-17,World Para Series,750.0,21220.0,5000.0,729.0,160.0,2274.0,63.0,865.0,4091.0,Sprint,97.2,107.16305372290293,173.0,33.59366754617414,20.87413079683377,1:08:11,2025 World Triathlon Para Series Yokohama
194213,674443,122515,Lauren Parker H1,Australia,FINISH,1.0,00:12:02,00:01:32,00:37:54,00:00:48,00:13:56,01:06:12,PTWC Women,sprint,2025 World Triathlon Para Cup Magog,2025-07-12,World Para Cup,750.0,18900.0,5000.0,722.0,92.0,2274.0,48.0,836.0,3972.0,Sprint,96.26666666666667,120.31746031746033,167.2,29.920844327176777,18.59194496042216,1:06:12,2025 World Triathlon Para Cup Magog
194213,674443,83771,Kendall Gretsch H2,United States,FINISH,2.0,00:11:49,00:00:57,00:38:38,00:00:31,00:12:50,01:08:23,PTWC Women,sprint,2025 World Triathlon Para Cup Magog,2025-07-12,World Para Cup,750.0,18900.0,5000.0,709.0,57.0,2318.0,31.0,770.0,4103.0,Sprint,94.53333333333333,122.64550264550266,154.0,29.352890422778255,18.23903487489215,1:08:23,2025 World Triathlon Para Cup Magog
194208,674522,122515,Lauren Parker H1,Australia,FINISH,1.0,00:12:05,00:01:32,00:35:08,00:00:55,00:13:28,01:03:08,PTWC Women,sprint,2025 World Triathlon Para Series Montreal,2025-07-19,World Para Series,750.0,21500.0,5000.0,725.0,92.0,2108.0,55.0,808.0,3788.0,Sprint,96.66666666666667,98.04651162790698,161.6,36.71726755218216,22.81504525616698,1:03:08,2025 World Triathlon Para Series Montreal
194208,674522,83771,Kendall Gretsch H2,United States,FINISH,3.0,00:11:51,00:00:51,00:35:37,00:00:33,00:12:55,01:05:25,PTWC Women,sprint,2025 World Triathlon Para Series Montreal,2025-07-19,World Para Series,750.0,21500.0,5000.0,711.0,51.0,2137.0,33.0,775.0,3925.0,Sprint,94.8,99.3953488372093,155.0,36.21899859616285,22.505435376696305,1:05:25,2025 World Triathlon Para Series Montreal
