event_id,prog_id,athlete_id,full_name,country,finish_status,finish_position,swimtime,t1time,biketime,t2time,runtime,total_time,prog_name,prog_distance_category,event_name,event_date,cat_name,swim_distance,bike_distance,run_distance,swimtime_sec,t1time_sec,biketime_sec,t2time_sec,runtime_sec,total_time_sec,para_subclass,time_factor_sec,time_factor_year,time_factor_applied,swimtime_sec_adjusted,total_time_sec_adjusted,sum_splits_sec,total_time_sec_raw,swimtime_sec_raw,time_factor_segment_sec,distance_panel,swim_pace_s_per_100m,bike_pace_s_per_km,run_pace_s_per_km,bike_speed_kmh,bike_speed_mph,total_time_fmt,event_label,swimtime_sec_outlier,biketime_sec_outlier,run_pace_s_per_km_outlier,t1time_sec_outlier,bike_pace_s_per_km_outlier,runtime_sec_outlier,bike_speed_kmh_outlier,swim_pace_s_per_100m_outlier,t2time_sec_outlier
152696,452704,113760,Antoine Perel B1,France,FINISH,6.0,00:12:22,00:01:22,00:29:21,00:00:52,00:17:18,01:01:15,PTVI Men,,2021 World Triathlon Para Series Yokohama,2021-05-15,World Para Series,,,,742.0,82.0,1761.0,52.0,1038.0,3675.0,B1,,,False,742.0,3675.0,3675.0,3675.0,742.0,0.0,Unknown,,,,,,1:01:15,2021 World Triathlon Para Series Yokohama,False,False,False,False,False,False,False,False,False
152696,452704,136177,Thibaut Rigaudeau B3,France,FINISH,3.0,00:11:11,00:01:02,00:27:12,00:00:45,00:17:03,01:00:34,PTVI Men,,2021 World Triathlon Para Series Yokohama,2021-05-15,World Para Series,,,,671.0,62.0,1632.0,45.0,1023.0,3634.0,B3,,,False,671.0,3634.0,3433.0,3433.0,671.0,201.0,Unknown,,,,,,1:00:34,2021 World Triathlon Para Series Yokohama,False,False,False,False,False,False,False,False,False
152698,452761,136177,Thibaut Rigaudeau B3,France,FINISH,3.0,00:10:48,00:01:54,00:30:17,00:00:44,00:16:17,01:03:18,PTVI Men,,AJ Bell 2021 World Triathlon Para Series Leeds,2021-06-05,World Para Series,,,,648.0,114.0,1817.0,44.0,977.0,3798.0,B3,,,False,648.0,3798.0,3600.0,3600.0,648.0,198.0,Unknown,,,,,,1:03:18,AJ Bell 2021 World Triathlon Para Series Leeds,False,False,False,False,False,False,False,False,False
152698,452761,79400,Dave Ellis B3,Great Britain,FINISH,1.0,00:09:58,00:01:50,00:30:19,00:00:41,00:15:24,01:01:31,PTVI Men,,AJ Bell 2021 World Triathlon Para Series Leeds,2021-06-05,World Para Series,,,,598.0,110.0,1819.0,41.0,924.0,3691.0,B3,,,False,598.0,3691.0,3492.0,3492.0,598.0,199.0,Unknown,,,,,,1:01:31,AJ Bell 2021 World Triathlon Para Series Leeds,False,False,False,False,False,False,False,False,False
152698,452761,89631,Héctor Catalá Laparra B2,Spain,FINISH,2.0,00:10:46,00:01:47,00:30:29,00:00:43,00:16:00,01:03:04,PTVI Men,,AJ Bell 2021 World Triathlon Para Series Leeds,2021-06-05,World Para Series,,,,646.0,107.0,1829.0,43.0,960.0,3784.0,B2,,,False,646.0,3784.0,3585.0,3585.0,646.0,199.0,Unknown,,,,,,1:03:04,AJ Bell 2021 World Triathlon Para Series Leeds,False,False,False,False,False,False,False,False,False
152698,452761,113760,Antoine Perel B1,France,FINISH,6.0,00:12:08,00:02:15,00:32:10,00:00:45,00:17:11,01:04:26,PTVI Men,,AJ Bell 2021 World Triathlon Para Series Leeds,2021-06-05,World Para Series,,,,728.0,135.0,1930.0,45.0,1031.0,3866.0,B1,,,False,728.0,3866.0,3869.0,3869.0,728.0,-3.0,Unknown,,,,,,1:04:26,AJ Bell 2021 World Triathlon Para Series Leeds,False,False,False,False,False,False,False,False,False
154584,453937,89631,Héctor Catalá Laparra B2,Spain,FINISH,1.0,00:10:20,00:01:12,00:29:50,00:01:13,00:17:50,01:03:48,PTVI Men,,2021 World Triathlon Para Cup Besancon,2021-06-13,World Para Cup,,,,620.0,72.0,1790.0,73.0,1070.0,3828.0,B2,,,False,620.0,3828.0,3625.0,3625.0,620.0,203.0,Unknown,,,,,,1:03:48,2021 World Triathlon Para Cup Besancon,False,False,False,False,False,False,False,False,False
154584,453937,113760,Antoine Perel B1,France,FINISH,3.0,00:11:52,00:01:23,00:31:30,00:01:16,00:19:05,01:05:08,PTVI Men,,2021 World Triathlon Para Cup Besancon,2021-06-13,World Para Cup,,,,712.0,83.0,1890.0,76.0,1145.0,3908.0,B1,,,False,712.0,3908.0,3906.0,3906.0,712.0,2.0,Unknown,,,,,,1:05:08,2021 World Triathlon Para Cup Besancon,False,False,False,False,False,False,False,False,False
154584,453937,136177,Thibaut Rigaudeau B3,France,FINISH,2.0,00:10:18,00:01:17,00:29:50,00:01:13,00:18:19,01:04:20,PTVI Men,,2021 World Triathlon Para Cup Besancon,2021-06-13,World Para Cup,,,,618.0,77.0,1790.0,73.0,1099.0,3860.0,B3,,,False,618.0,3860.0,3657.0,3657.0,618.0,203.0,Unknown,,,,,,1:04:20,2021 World Triathlon Para Cup Besancon,False,False,False,False,False,False,False,False,False
131301,508223,113760,Antoine Perel B1,France,FINISH,6.0,00:12:23,00:01:14,00:30:07,00:00:50,00:19:15,01:03:49,PTVI Men,,Tokyo 2020 Paralympic Games,2021-08-24,Major Games,,,,743.0,74.0,1807.0,50.0,1155.0,3829.0,B1,,,False,743.0,3829.0,3829.0,3829.0,743.0,0.0,Unknown,,,,,,1:03:49,Tokyo 2020 Paralympic Games,False,False,False,False,False,False,False,False,False
131301,508223,136177,Thibaut Rigaudeau B3,France,FINISH,4.0,00:10:39,00:00:54,00:28:18,00:00:46,00:18:50,01:02:48,PTVI Men,,Tokyo 2020 Paralympic Games,2021-08-24,Major Games,,,,639.0,54.0,1698.0,46.0,1130.0,3768.0,B3,,,False,639.0,3768.0,3567.0,3567.0,639.0,201.0,Unknown,,,,,,1:02:48,Tokyo 2020 Paralympic Games,False,False,False,False,False,False,False,False,False
131301,508223,79400,Dave Ellis B3,Great Britain,DNF,,00:09:50,00:01:00,00:00:00,00:00:00,00:00:00,DNF,PTVI Men,,Tokyo 2020 Paralympic Games,2021-08-24,Major Games,,,,,,,,,,B3,,,False,,,,,,,Unknown,,,,,,,Tokyo 2020 Paralympic Games,False,False,False,False,False,False,False,False,False
131301,508223,89631,Héctor Catalá Laparra B2,Spain,FINISH,2.0,00:10:44,00:00:54,00:28:45,00:00:42,00:17:45,01:02:11,PTVI Men,,Tokyo 2020 Paralympic Games,2021-08-24,Major Games,,,,644.0,54.0,1725.0,42.0,1065.0,3731.0,B2,,,False,644.0,3731.0,3530.0,3530.0,644.0,201.0,Unknown,,,,,,1:02:11,Tokyo 2020 Paralympic Games,False,False,False,False,False,False,False,False,False
155520,500569,136177,Thibaut Rigaudeau B3,France,FINISH,1.0,00:08:30,00:00:59,00:26:01,00:00:37,00:16:53,00:56:21,PTVI Men,,2021 World Triathlon Para Cup Alhandra,2021-10-30,World Para Cup,,,,510.0,59.0,1561.0,37.0,1013.0,3381.0,B3,,,False,510.0,3381.0,3180.0,3180.0,510.0,201.0,Unknown,,,,,,56:21,2021 World Triathlon Para Cup Alhandra,False,False,False,False,False,False,False,False,False
162511,526356,89631,Héctor Catalá Laparra B2,Spain,FINISH,2.0,00:10:31,00:01:04,00:26:44,00:00:43,00:17:26,00:59:47,PTVI Men,,2021 World Triathlon Para Championships Abu Dhabi,2021-11-05,World Championships,,,,631.0,64.0,1604.0,43.0,1046.0,3587.0,B2,,,False,631.0,3587.0,3388.0,3388.0,631.0,199.0,Unknown,,,,,,59:47,2021 World Triathlon Para Championships Abu Dhabi,False,False,False,False,False,False,False,False,False
162511,526356,132450,Owen Cravens B3,United States,FINISH,5.0,00:11:28,00:01:14,00:26:55,00:00:54,00:18:11,01:02:01,PTVI Men,,2021 World Triathlon Para Championships Abu Dhabi,2021-11-05,World Championships,,,,688.0,74.0,1615.0,54.0,1091.0,3721.0,B3,,,False,688.0,3721.0,3522.0,3522.0,688.0,199.0,Unknown,,,,,,1:02:01,2021 World Triathlon Para Championships Abu Dhabi,False,False,False,False,False,False,False,False,False
162511,526356,79400,Dave Ellis B3,Great Britain,FINISH,1.0,00:09:50,00:01:09,00:26:26,00:00:50,00:16:56,00:58:29,PTVI Men,,2021 World Triathlon Para Championships Abu Dhabi,2021-11-05,World Championships,,,,590.0,69.0,1586.0,50.0,1016.0,3509.0,B3,,,False,590.0,3509.0,3311.0,3311.0,590.0,198.0,Unknown,,,,,,58:29,2021 World Triathlon Para Championships Abu Dhabi,False,False,False,False,False,False,False,False,False
163470,544228,132450,Owen Cravens B3,United States,FINISH,2.0,00:10:47,00:01:06,00:27:38,00:00:44,00:17:37,01:00:38,PTVI Men,sprint,2022 World Triathlon Para Series Yokohama,2022-05-14,World Para Series,750.0,20000.0,5000.0,647.0,66.0,1658.0,44.0,1057.0,3638.0,B3,,,False,647.0,3638.0,3472.0,3472.0,647.0,166.0,Sprint,86.26666666666667,82.9,211.4,43.42581423401689,26.983541616405308,1:00:38,2022 World Triathlon Para Series Yokohama,False,False,False,False,False,False,False,False,False
163473,545487,136177,Thibaut Rigaudeau B3,France,FINISH,2.0,00:10:15,00:01:14,00:30:07,00:01:14,00:18:25,01:04:03,PTVI Men,sprint,2022 World Triathlon Para Cup Besancon,2022-06-11,World Para Cup,,,,615.0,74.0,1807.0,74.0,1105.0,3843.0,B3,,,False,615.0,3843.0,3675.0,3675.0,615.0,168.0,Sprint,,,,,,1:04:03,2022 World Triathlon Para Cup Besancon,False,False,False,False,False,False,False,False,False
163473,545487,79400,Dave Ellis B3,Great Britain,FINISH,1.0,00:10:12,00:00:57,00:29:47,00:01:13,00:17:02,01:01:59,PTVI Men,sprint,2022 World Triathlon Para Cup Besancon,2022-06-11,World Para Cup,,,,612.0,57.0,1787.0,73.0,1022.0,3719.0,B3,,,False,612.0,3719.0,3551.0,3551.0,612.0,168.0,Sprint,,,,,,1:01:59,2022 World Triathlon Para Cup Besancon,False,False,False,False,False,False,False,False,False
163473,545487,113760,Antoine Perel B1,France,FINISH,5.0,00:12:25,00:01:27,00:33:21,00:01:21,00:20:04,01:08:41,PTVI Men,sprint,2022 World Triathlon Para Cup Besancon,2022-06-11,World Para Cup,,,,745.0,87.0,2001.0,81.0,1204.0,4121.0,B1,,,False,745.0,4121.0,4118.0,4118.0,745.0,3.0,Sprint,,,,,,1:08:41,2022 World Triathlon Para Cup Besancon,False,False,False,False,False,False,False,False,False
163473,545487,132450,Owen Cravens B3,United States,FINISH,3.0,00:10:55,00:01:22,00:30:45,00:01:13,00:19:19,01:06:21,PTVI Men,sprint,2022 World Triathlon Para Cup Besancon,2022-06-11,World Para Cup,,,,655.0,82.0,1845.0,73.0,1159.0,3981.0,B3,,,False,655.0,3981.0,3814.0,3814.0,655.0,167.0,Sprint,,,,,,1:06:21,2022 World Triathlon Para Cup Besancon,False,False,False,False,False,False,False,False,False
163485,545443,132450,Owen Cravens B3,United States,FINISH,2.0,00:11:24,00:01:21,00:28:42,00:00:50,00:17:46,01:02:51,PTVI Men,sprint,2022 World Triathlon Para Cup A Coruna,2022-06-19,World Para Cup,750.0,20800.0,5050.0,684.0,81.0,1722.0,50.0,1066.0,3771.0,B3,,,False,684.0,3771.0,3603.0,3603.0,684.0,168.0,Sprint,91.2,82.78846153846153,211.0891089108911,43.48432055749129,27.01989574912892,1:02:51,2022 World Triathlon Para Cup A Coruna,False,False,False,False,False,False,False,False,False
163485,545443,79400,Dave Ellis B3,Great Britain,FINISH,1.0,00:10:28,00:01:02,00:28:53,00:00:57,00:16:05,01:00:12,PTVI Men,sprint,2022 World Triathlon Para Cup A Coruna,2022-06-19,World Para Cup,750.0,20800.0,5050.0,628.0,62.0,1733.0,57.0,965.0,3612.0,B3,,,False,628.0,3612.0,3445.0,3445.0,628.0,167.0,Sprint,83.73333333333333,83.3173076923077,191.0891089108911,43.20830929024813,26.848390351990773,1:00:12,2022 World Triathlon Para Cup A Coruna,False,False,False,False,False,False,False,False,False
166221,553013,132450,Owen Cravens B3,United States,FINISH,7.0,00:10:24,00:00:44,00:37:13,00:00:37,00:17:34,01:09:15,PTVI Men,,2022 World Triathlon Para Series Montreal,2022-07-08,World Para Series,750.0,22500.0,5000.0,624.0,44.0,2233.0,37.0,1054.0,4155.0,B3,,,False,624.0,4155.0,3992.0,3992.0,624.0,163.0,Sprint,83.2,99.24444444444444,210.8,36.274070756829374,22.539655620241824,1:09:15,2022 World Triathlon Para Series Montreal,False,False,False,False,False,False,False,False,False
163477,546897,136177,Thibaut Rigaudeau B3,France,FINISH,2.0,00:10:12,00:01:01,00:27:15,00:00:35,00:17:31,00:59:19,PTVI Men,sprint,2022 World Triathlon Para Series Swansea,2022-08-06,World Para Series,750.0,19500.0,5000.0,612.0,61.0,1635.0,35.0,1051.0,3559.0,B3,,,False,612.0,3559.0,3394.0,3394.0,612.0,165.0,Sprint,81.6,83.84615384615384,210.2,42.935779816513765,26.679048440366977,59:19,2022 World Triathlon Para Series Swansea,False,False,False,False,False,False,False,False,False
163477,546897,132450,Owen Cravens B3,United States,FINISH,7.0,00:10:45,00:01:02,00:28:47,00:00:35,00:17:49,01:01:41,PTVI Men,sprint,2022 World Triathlon Para Series Swansea,2022-08-06,World Para Series,750.0,19500.0,5000.0,645.0,62.0,1727.0,35.0,1069.0,3701.0,B3,,,False,645.0,3701.0,3538.0,3538.0,645.0,163.0,Sprint,86.0,88.56410256410257,213.8,40.64852345107122,25.257813665315574,1:01:41,2022 World Triathlon Para Series Swansea,False,False,False,False,False,False,False,False,False
163477,546897,113760,Antoine Perel B1,France,FINISH,3.0,00:11:49,00:01:12,00:28:31,00:00:36,00:17:53,00:59:59,PTVI Men,sprint,2022 World Triathlon Para Series Swansea,2022-08-06,World Para Series,750.0,19500.0,5000.0,709.0,72.0,1711.0,36.0,1073.0,3599.0,B1,,,False,709.0,3599.0,3601.0,3601.0,709.0,-2.0,Sprint,94.53333333333333,87.74358974358974,214.6,41.02863822326125,25.494005961426065,59:59,2022 World Triathlon Para Series Swansea,False,False,False,False,False,False,False,False,False
163477,546897,79400,Dave Ellis B3,Great Britain,FINISH,1.0,00:09:38,00:01:03,00:27:07,00:00:40,00:16:27,00:57:40,PTVI Men,sprint,2022 World Triathlon Para Series Swansea,2022-08-06,World Para Series,750.0,19500.0,5000.0,578.0,63.0,1627.0,40.0,987.0,3460.0,B3,,,False,578.0,3460.0,3295.0,3295.0,578.0,165.0,Sprint,77.06666666666666,83.43589743589743,197.4,43.14689612784266,26.81022999385372,57:40,2022 World Triathlon Para Series Swansea,False,False,False,False,False,False,False,False,False
165397,550696,79400,Dave Ellis B3,Great Britain,FINISH,1.0,00:14:20,00:00:54,00:26:40,00:00:59,00:15:38,01:01:17,PTVI Men,,2022 World Triathlon Para Cup Alhandra,2022-09-03,World Para Cup,,,,860.0,54.0,1600.0,59.0,938.0,3677.0,B3,,,False,860.0,3677.0,3511.0,3511.0,860.0,166.0,Unknown,,,,,,1:01:17,2022 World Triathlon Para Cup Alhandra,False,False,False,False,False,False,False,False,False
165397,550696,89631,Héctor Catalá Laparra B2,Spain,FINISH,2.0,00:15:46,00:00:57,00:26:43,00:00:58,00:18:15,01:05:25,PTVI Men,,2022 World Triathlon Para Cup Alhandra,2022-09-03,World Para Cup,,,,946.0,57.0,1603.0,58.0,1095.0,3925.0,B2,,,False,946.0,3925.0,3759.0,3759.0,946.0,166.0,Unknown,,,,,,1:05:25,2022 World Triathlon Para Cup Alhandra,False,False,False,False,False,False,False,False,False
164701,550720,136177,Thibaut Rigaudeau B3,France,FINISH,1.0,00:10:42,00:00:57,00:26:20,00:00:34,00:17:39,00:58:55,PTVI Men,sprint,2022 World Triathlon Para Cup Alanya,2022-10-15,World Para Cup,,,,642.0,57.0,1580.0,34.0,1059.0,3535.0,B3,,,False,642.0,3535.0,3372.0,3372.0,642.0,163.0,Sprint,,,,,,58:55,2022 World Triathlon Para Cup Alanya,False,False,False,False,False,False,False,False,False
184628,560529,113760,Antoine Perel B1,France,FINISH,3.0,00:12:17,00:01:21,00:29:18,00:00:45,00:17:38,01:01:17,PTVI Men,sprint,2022 World Triathlon Para Championships Abu Dhabi,2022-11-24,World Championships,750.0,20002.0,5000.0,737.0,81.0,1758.0,45.0,1058.0,3677.0,B1,,,False,737.0,3677.0,3679.0,3679.0,737.0,-2.0,Sprint,98.26666666666667,87.89121087891212,211.6,40.95972696245733,25.451186502389074,1:01:17,2022 World Triathlon Para Championships Abu Dhabi,False,False,False,False,False,False,False,False,False
184628,560529,79400,Dave Ellis B3,Great Britain,FINISH,1.0,00:09:58,00:01:12,00:28:22,00:00:42,00:16:15,00:59:13,PTVI Men,sprint,2022 World Triathlon Para Championships Abu Dhabi,2022-11-24,World Championships,750.0,20002.0,5000.0,598.0,72.0,1702.0,42.0,975.0,3553.0,B3,,,False,598.0,3553.0,3389.0,3389.0,598.0,164.0,Sprint,79.73333333333333,85.09149085091491,195.0,42.30740305522914,26.288593343830783,59:13,2022 World Triathlon Para Championships Abu Dhabi,False,False,False,False,False,False,False,False,False
184628,560529,136177,Thibaut Rigaudeau B3,France,FINISH,2.0,00:10:38,00:01:12,00:27:41,00:00:41,00:17:22,01:00:17,PTVI Men,sprint,2022 World Triathlon Para Championships Abu Dhabi,2022-11-24,World Championships,750.0,20002.0,5000.0,638.0,72.0,1661.0,41.0,1042.0,3617.0,B3,,,False,638.0,3617.0,3454.0,3454.0,638.0,163.0,Sprint,85.06666666666666,83.04169583041697,208.4,43.35171583383504,26.93749901938591,1:00:17,2022 World Triathlon Para Championships Abu Dhabi,False,False,False,False,False,False,False,False,False
184628,560529,89631,Héctor Catalá Laparra B2,Spain,FINISH,4.0,00:10:41,00:01:12,00:28:41,00:00:37,00:17:35,01:01:29,PTVI Men,sprint,2022 World Triathlon Para Championships Abu Dhabi,2022-11-24,World Championships,750.0,20002.0,5000.0,641.0,72.0,1721.0,37.0,1055.0,3689.0,B2,,,False,641.0,3689.0,3526.0,3526.0,641.0,163.0,Sprint,85.46666666666667,86.04139586041396,211.0,41.84032539221383,25.998364829285297,1:01:29,2022 World Triathlon Para Championships Abu Dhabi,False,False,False,False,False,False,False,False,False
184628,560529,132450,Owen Cravens B3,United States,FINISH,8.0,00:10:50,00:01:14,00:29:37,00:00:40,00:18:16,01:03:21,PTVI Men,sprint,2022 World Triathlon Para Championships Abu Dhabi,2022-11-24,World Championships,750.0,20002.0,5000.0,650.0,74.0,1777.0,40.0,1096.0,3801.0,B3,,,False,650.0,3801.0,3637.0,3637.0,650.0,164.0,Sprint,86.66666666666667,88.84111588841117,219.2,40.521778277996624,25.17905789037704,1:03:21,2022 World Triathlon Para Championships Abu Dhabi,False,False,False,False,False,False,False,False,False
171975,576203,132450,Owen Cravens B3,United States,FINISH,7.0,00:10:07,00:01:00,00:35:42,00:01:06,00:18:32,01:09:07,PTVI Men,sprint,2023 World Triathlon Para Series Devonport,2023-03-18,World Para Series,750.0,20000.0,5000.0,607.0,60.0,2142.0,66.0,1112.0,4147.0,B3,,,False,607.0,4147.0,3987.0,3987.0,607.0,160.0,Sprint,80.93333333333334,107.1,222.4,33.61344537815126,20.88642016806723,1:09:07,2023 World Triathlon Para Series Devonport,False,False,False,False,False,False,False,False,False
171973,576179,132450,Owen Cravens B3,United States,FINISH,1.0,00:10:23,00:01:03,00:26:35,00:00:43,00:17:08,00:58:33,PTVI Men,sprint,2023 World Triathlon Para Series Yokohama,2023-05-13,World Para Series,750.0,20000.0,4980.0,623.0,63.0,1595.0,43.0,1028.0,3513.0,B3,,,False,623.0,3513.0,3352.0,3352.0,623.0,161.0,Sprint,83.06666666666666,79.75,206.42570281124497,45.141065830721004,28.049349216300943,58:33,2023 World Triathlon Para Series Yokohama,False,False,False,False,False,False,False,False,False
171981,576247,136177,Thibaut Rigaudeau B3,France,FINISH,1.0,00:10:42,00:01:01,00:29:11,00:01:21,00:18:21,01:03:19,PTVI Men,sprint,2023 World Triathlon Para Cup Besancon,2023-06-17,World Para Cup,750.0,20000.0,5000.0,642.0,61.0,1751.0,81.0,1101.0,3799.0,B3,,,False,642.0,3799.0,3636.0,3636.0,642.0,163.0,Sprint,85.6,87.55,220.2,41.11936036550543,25.550378069674473,1:03:19,2023 World Triathlon Para Cup Besancon,False,False,False,False,False,False,False,False,False
171982,576228,79400,Dave Ellis B3,Great Britain,FINISH,1.0,00:09:51,00:00:55,00:28:39,00:01:29,00:16:07,00:59:42,PTVI Men,sprint,2023 World Triathlon Para Cup A Coruna,2023-07-01,World Para Cup,750.0,20800.0,5000.0,591.0,55.0,1719.0,89.0,967.0,3582.0,B3,,,False,591.0,3582.0,3421.0,3421.0,591.0,161.0,Sprint,78.8,82.64423076923076,193.4,43.56020942408377,27.067050890052357,59:42,2023 World Triathlon Para Cup A Coruna,False,False,False,False,False,False,False,False,False
174960,589242,89631,Héctor Catalá Laparra B2,Spain,FINISH,1.0,00:10:59,00:00:32,00:25:56,00:00:58,00:17:46,00:58:52,PTVI Men,sprint,2023 World Triathlon Para Series Montreal,2023-07-08,World Para Series,773.0,20200.0,5000.0,659.0,32.0,1556.0,58.0,1066.0,3532.0,B2,,,False,659.0,3532.0,3371.0,3371.0,659.0,161.0,Sprint,85.2522639068564,77.02970297029704,213.2,46.73521850899743,29.03990946015424,58:52,2023 World Triathlon Para Series Montreal,False,False,False,False,False,False,False,False,False
174960,589242,132450,Owen Cravens B3,United States,DNS,,00:00:00,00:00:00,00:00:00,00:00:00,00:00:00,DNS,PTVI Men,sprint,2023 World Triathlon Para Series Montreal,2023-07-08,World Para Series,773.0,20200.0,5000.0,,,,,,,B3,,,False,,,,,,,Sprint,,,,,,,2023 World Triathlon Para Series Montreal,False,False,False,False,False,False,False,False,False
173647,582576,132450,Owen Cravens B3,United States,FINISH,1.0,00:10:07,00:01:51,00:25:50,00:00:42,00:18:09,00:59:17,PTVI Men,sprint,2023 World Triathlon Para Cup Long Beach,2023-07-14,World Para Cup,750.0,20000.0,5000.0,607.0,111.0,1550.0,42.0,1089.0,3557.0,B3,,,False,607.0,3557.0,3399.0,3399.0,607.0,158.0,Sprint,80.93333333333334,77.5,217.8,46.4516129032258,28.86368516129032,59:17,2023 World Triathlon Para Cup Long Beach,False,False,False,False,False,False,False,False,False
171976,582595,136177,Thibaut Rigaudeau B3,France,FINISH,3.0,00:10:11,00:01:32,n/a,n/a,00:16:54,00:28:36,PTVI Men,sprint,2023 World Triathlon Para Series Swansea,2023-07-15,World Para Series,750.0,,5000.0,611.0,92.0,,,1014.0,1716.0,B3,,,False,611.0,1716.0,,,611.0,,Sprint,81.46666666666667,,202.8,,,28:36,2023 World Triathlon Para Series Swansea,False,False,False,False,False,False,False,False,False
171976,582595,89631,Héctor Catalá Laparra B2,Spain,FINISH,5.0,00:10:17,00:01:21,n/a,n/a,00:17:53,00:29:30,PTVI Men,sprint,2023 World Triathlon Para Series Swansea,2023-07-15,World Para Series,750.0,,5000.0,617.0,81.0,,,1073.0,1770.0,B2,,,False,617.0,1770.0,,,617.0,,Sprint,82.26666666666667,,214.6,,,29:30,2023 World Triathlon Para Series Swansea,False,False,False,False,False,False,False,False,False
171976,582595,79400,Dave Ellis B3,Great Britain,FINISH,1.0,00:09:44,00:01:33,n/a,n/a,00:16:25,00:27:41,PTVI Men,sprint,2023 World Triathlon Para Series Swansea,2023-07-15,World Para Series,750.0,,5000.0,584.0,93.0,,,985.0,1661.0,B3,,,False,584.0,1661.0,,,584.0,,Sprint,77.86666666666666,,197.0,,,27:41,2023 World Triathlon Para Series Swansea,False,False,False,False,False,False,False,False,False
171976,582595,113760,Antoine Perel B1,France,FINISH,7.0,00:11:14,00:01:27,n/a,n/a,00:17:21,00:30:01,PTVI Men,sprint,2023 World Triathlon Para Series Swansea,2023-07-15,World Para Series,750.0,,5000.0,674.0,87.0,,,1041.0,1801.0,B1,,,False,674.0,1801.0,,,674.0,,Sprint,89.86666666666666,,208.2,,,30:01,2023 World Triathlon Para Series Swansea,False,False,False,False,False,False,False,False,False
172816,582637,79400,Dave Ellis B3,Great Britain,FINISH,1.0,00:07:49,00:00:29,00:25:57,00:00:35,00:16:21,00:53:39,PTVI Men,sprint,2023 World Triathlon Para Cup Paris,2023-08-19,World Para Cup,,18500.0,,469.0,29.0,1557.0,35.0,981.0,3219.0,B3,,,False,469.0,3219.0,3071.0,3071.0,469.0,148.0,Sprint,,84.16216216216216,,42.77456647398844,26.57887514450867,53:39,2023 World Triathlon Para Cup Paris,False,False,False,False,False,False,False,False,False
172816,582637,89631,Héctor Catalá Laparra B2,Spain,FINISH,8.0,00:08:27,00:00:39,00:28:06,00:00:36,00:18:05,00:58:21,PTVI Men,sprint,2023 World Triathlon Para Cup Paris,2023-08-19,World Para Cup,,18500.0,,507.0,39.0,1686.0,36.0,1085.0,3501.0,B2,,,False,507.0,3501.0,3353.0,3353.0,507.0,148.0,Sprint,,91.13513513513513,,39.50177935943061,24.545260142348756,58:21,2023 World Triathlon Para Cup Paris,False,False,False,False,False,False,False,False,False
172816,582637,132450,Owen Cravens B3,United States,FINISH,3.0,00:08:13,00:00:30,00:25:54,00:00:37,00:17:35,00:55:17,PTVI Men,sprint,2023 World Triathlon Para Cup Paris,2023-08-19,World Para Cup,,18500.0,,493.0,30.0,1554.0,37.0,1055.0,3317.0,B3,,,False,493.0,3317.0,3169.0,3169.0,493.0,148.0,Sprint,,84.0,,42.85714285714286,26.630185714285716,55:17,2023 World Triathlon Para Cup Paris,False,False,False,False,False,False,False,False,False
172816,582637,136177,Thibaut Rigaudeau B3,France,FINISH,6.0,00:08:02,00:00:32,00:28:00,00:00:37,00:17:03,00:56:41,PTVI Men,sprint,2023 World Triathlon Para Cup Paris,2023-08-19,World Para Cup,,18500.0,,482.0,32.0,1680.0,37.0,1023.0,3401.0,B3,,,False,482.0,3401.0,3254.0,3254.0,482.0,147.0,Sprint,,90.8108108108108,,39.64285714285714,24.632921785714284,56:41,2023 World Triathlon Para Cup Paris,False,False,False,False,False,False,False,False,False
173746,582719,89631,Héctor Catalá Laparra B2,Spain,FINISH,5.0,00:10:34,00:01:18,00:26:32,00:01:46,00:16:36,00:59:25,PTVI Men,sprint,2023 World Triathlon Para Championships Pontevedra,2023-09-22,World Championships,750.0,19600.0,5000.0,634.0,78.0,1592.0,106.0,996.0,3565.0,B2,,,False,634.0,3565.0,3406.0,3406.0,634.0,159.0,Sprint,84.53333333333333,81.22448979591836,199.2,44.321608040201006,27.54016190954774,59:25,2023 World Triathlon Para Championships Pontevedra,False,False,False,False,False,False,False,False,False
173746,582719,79400,Dave Ellis B3,Great Britain,FINISH,1.0,00:09:48,00:01:24,00:26:41,00:01:27,00:15:37,00:57:37,PTVI Men,sprint,2023 World Triathlon Para Championships Pontevedra,2023-09-22,World Championships,750.0,19600.0,5000.0,588.0,84.0,1601.0,87.0,937.0,3457.0,B3,,,False,588.0,3457.0,3297.0,3297.0,588.0,160.0,Sprint,78.4,81.68367346938776,187.4,44.07245471580262,27.38534525921299,57:37,2023 World Triathlon Para Championships Pontevedra,False,False,False,False,False,False,False,False,False
173746,582719,113760,Antoine Perel B1,France,FINISH,3.0,00:11:43,00:01:23,00:27:40,00:01:41,00:16:36,00:59:01,PTVI Men,sprint,2023 World Triathlon Para Championships Pontevedra,2023-09-22,World Championships,750.0,19600.0,5000.0,703.0,83.0,1660.0,101.0,996.0,3541.0,B1,,,False,703.0,3541.0,3543.0,3543.0,703.0,-2.0,Sprint,93.73333333333333,84.6938775510204,199.2,42.506024096385545,26.412010698795182,59:01,2023 World Triathlon Para Championships Pontevedra,False,False,False,False,False,False,False,False,False
173746,582719,132450,Owen Cravens B3,United States,FINISH,4.0,00:10:30,00:01:21,00:26:36,00:01:44,00:16:21,00:59:11,PTVI Men,sprint,2023 World Triathlon Para Championships Pontevedra,2023-09-22,World Championships,750.0,19600.0,5000.0,630.0,81.0,1596.0,104.0,981.0,3551.0,B3,,,False,630.0,3551.0,3392.0,3392.0,630.0,159.0,Sprint,84.0,81.42857142857142,196.2,44.21052631578947,27.47113894736842,59:11,2023 World Triathlon Para Championships Pontevedra,False,False,False,False,False,False,False,False,False
173746,582719,136177,Thibaut Rigaudeau B3,France,FINISH,2.0,00:10:13,00:01:16,00:26:22,00:01:19,00:16:53,00:58:42,PTVI Men,sprint,2023 World Triathlon Para Championships Pontevedra,2023-09-22,World Championships,750.0,19600.0,5000.0,613.0,76.0,1582.0,79.0,1013.0,3522.0,B3,,,False,613.0,3522.0,3363.0,3363.0,613.0,159.0,Sprint,81.73333333333333,80.71428571428571,202.6,44.60176991150443,27.71424637168142,58:42,2023 World Triathlon Para Championships Pontevedra,False,False,False,False,False,False,False,False,False
175735,596441,79400,Dave Ellis B3,Great Britain,FINISH,1.0,00:09:26,00:00:45,00:26:44,00:00:00,00:16:06,00:55:42,PTVI Men,sprint,2023 World Triathlon Para Cup Alhandra,2023-10-07,World Para Cup,750.0,19950.0,4930.0,566.0,45.0,1604.0,,966.0,3342.0,B3,,,False,566.0,3342.0,,,566.0,,Sprint,75.46666666666667,80.40100250626567,195.94320486815417,44.775561097256855,27.822235174563588,55:42,2023 World Triathlon Para Cup Alhandra,False,False,False,False,False,False,False,False,False
175735,596441,89631,Héctor Catalá Laparra B2,Spain,FINISH,3.0,00:09:56,00:00:42,00:27:50,00:00:00,00:17:40,00:58:49,PTVI Men,sprint,2023 World Triathlon Para Cup Alhandra,2023-10-07,World Para Cup,750.0,19950.0,4930.0,596.0,42.0,1670.0,,1060.0,3529.0,B2,,,False,596.0,3529.0,,,596.0,,Sprint,79.46666666666667,83.7092731829574,215.01014198782963,43.00598802395209,26.722673784431137,58:49,2023 World Triathlon Para Cup Alhandra,False,False,False,False,False,False,False,False,False
175735,596441,113760,Antoine Perel B1,France,DNS,,00:00:00,00:00:00,00:00:00,00:00:00,00:00:00,DNS,PTVI Men,sprint,2023 World Triathlon Para Cup Alhandra,2023-10-07,World Para Cup,750.0,19950.0,4930.0,,,,,,,B1,,,False,,,,,,,Sprint,,,,,,,2023 World Triathlon Para Cup Alhandra,False,False,False,False,False,False,False,False,False
175735,596441,136177,Thibaut Rigaudeau B3,France,FINISH,2.0,00:09:48,00:01:14,00:26:11,00:00:00,00:16:55,00:56:49,PTVI Men,sprint,2023 World Triathlon Para Cup Alhandra,2023-10-07,World Para Cup,750.0,19950.0,4930.0,588.0,74.0,1571.0,,1015.0,3409.0,B3,,,False,588.0,3409.0,,,588.0,,Sprint,78.4,78.7468671679198,205.8823529411765,45.716104392106935,28.40666150222788,56:49,2023 World Triathlon Para Cup Alhandra,False,False,False,False,False,False,False,False,False
183780,628083,113760,Antoine Perel B1,France,FINISH,1.0,00:11:39,00:01:06,00:30:04,00:01:08,00:17:18,01:01:17,PTVI Men,sprint,2024 World Triathlon Para Series Devonport,2024-03-15,World Para Series,750.0,20000.0,5000.0,699.0,66.0,1804.0,68.0,1038.0,3677.0,B1,161.0,2024.0,False,699.0,3677.0,3675.0,3675.0,699.0,2.0,Sprint,93.2,90.2,207.6,39.91130820399113,24.799729490022173,1:01:17,2024 World Triathlon Para Series Devonport,False,False,False,False,False,False,False,False,False
183781,630324,132450,Owen Cravens B3,United States,FINISH,3.0,00:10:10,00:01:02,00:26:26,00:00:45,00:16:33,00:57:37,PTVI Men,sprint,2024 World Triathlon Para Series Yokohama,2024-05-11,World Para Series,,20000.0,4980.0,610.0,62.0,1586.0,45.0,993.0,3457.0,B3,161.0,2024.0,True,610.0,3457.0,3296.0,3296.0,610.0,161.0,Sprint,,79.3,199.39759036144576,45.39722572509458,28.208519546027745,57:37,2024 World Triathlon Para Series Yokohama,False,False,False,False,False,False,False,False,False
183781,630324,136177,Thibaut Rigaudeau B3,France,FINISH,2.0,00:09:40,00:01:10,00:26:19,00:00:42,00:16:50,00:57:22,PTVI Men,sprint,2024 World Triathlon Para Series Yokohama,2024-05-11,World Para Series,,20000.0,4980.0,580.0,70.0,1579.0,42.0,1010.0,3442.0,B3,161.0,2024.0,True,580.0,3442.0,3281.0,3281.0,580.0,161.0,Sprint,,78.95,202.81124497991965,45.598480050664975,28.333573147561747,57:22,2024 World Triathlon Para Series Yokohama,False,False,False,False,False,False,False,False,False
183781,630324,79400,Dave Ellis B3,Great Britain,FINISH,1.0,00:09:30,00:01:04,00:26:18,00:00:50,00:16:02,00:56:25,PTVI Men,sprint,2024 World Triathlon Para Series Yokohama,2024-05-11,World Para Series,,20000.0,4980.0,570.0,64.0,1578.0,50.0,962.0,3385.0,B3,161.0,2024.0,True,570.0,3385.0,3224.0,3224.0,570.0,161.0,Sprint,,78.9,193.1726907630522,45.62737642585551,28.351528517110264,56:25,2024 World Triathlon Para Series Yokohama,False,False,False,False,False,False,False,False,False
183783,634040,136177,Thibaut Rigaudeau B3,France,FINISH,3.0,00:10:08,00:00:59,00:29:08,00:01:03,00:17:41,01:01:43,PTVI Men,sprint,2024 World Triathlon Para Cup Besancon,2024-06-15,World Para Cup,750.0,21340.0,5000.0,608.0,59.0,1748.0,63.0,1061.0,3703.0,B3,161.0,2024.0,True,608.0,3703.0,3539.0,3539.0,608.0,164.0,Sprint,81.06666666666666,81.91190253045923,212.2,43.94965675057208,27.309042164759724,1:01:43,2024 World Triathlon Para Cup Besancon,False,False,False,False,False,False,False,False,False
183783,634040,79400,Dave Ellis B3,Great Britain,FINISH,1.0,00:09:42,00:01:01,00:29:44,00:00:56,00:16:29,01:00:35,PTVI Men,sprint,2024 World Triathlon Para Cup Besancon,2024-06-15,World Para Cup,750.0,21340.0,5000.0,582.0,61.0,1784.0,56.0,989.0,3635.0,B3,161.0,2024.0,True,582.0,3635.0,3472.0,3472.0,582.0,163.0,Sprint,77.6,83.59887535145268,197.8,43.062780269058294,26.75796283856502,1:00:35,2024 World Triathlon Para Cup Besancon,False,False,False,False,False,False,False,False,False
183783,634040,113760,Antoine Perel B1,France,FINISH,2.0,00:12:02,00:01:04,00:29:17,00:01:09,00:17:34,01:01:08,PTVI Men,sprint,2024 World Triathlon Para Cup Besancon,2024-06-15,World Para Cup,750.0,21340.0,5000.0,722.0,64.0,1757.0,69.0,1054.0,3668.0,B1,161.0,2024.0,False,722.0,3668.0,3666.0,3666.0,722.0,2.0,Sprint,96.26666666666667,82.33364573570759,210.8,43.72453044963005,27.169155210017074,1:01:08,2024 World Triathlon Para Cup Besancon,False,False,False,False,False,False,False,False,False
183783,634040,132450,Owen Cravens B3,United States,FINISH,4.0,00:10:15,00:01:01,00:29:09,00:00:54,00:18:15,01:02:16,PTVI Men,sprint,2024 World Triathlon Para Cup Besancon,2024-06-15,World Para Cup,750.0,21340.0,5000.0,615.0,61.0,1749.0,54.0,1095.0,3736.0,B3,161.0,2024.0,True,615.0,3736.0,3574.0,3574.0,615.0,162.0,Sprint,82.0,81.95876288659794,219.0,43.924528301886795,27.2934280754717,1:02:16,2024 World Triathlon Para Cup Besancon,False,False,False,False,False,False,False,False,False
183784,634136,79400,Dave Ellis B3,Great Britain,FINISH,1.0,00:09:32,00:01:27,00:30:35,00:00:37,00:16:18,01:01:12,PTVI Men,sprint,2024 World Triathlon Para Series Swansea,2024-06-22,World Para Series,750.0,19480.0,5000.0,572.0,87.0,1835.0,37.0,978.0,3672.0,B3,161.0,2024.0,True,572.0,3672.0,3509.0,3509.0,572.0,163.0,Sprint,76.26666666666667,94.19917864476386,195.6,38.21689373297003,23.74686947574932,1:01:12,2024 World Triathlon Para Series Swansea,False,False,False,False,False,False,False,False,False
183784,634136,132450,Owen Cravens B3,United States,FINISH,2.0,00:10:04,00:01:16,00:29:40,00:00:40,00:16:56,01:01:19,PTVI Men,sprint,2024 World Triathlon Para Series Swansea,2024-06-22,World Para Series,750.0,19480.0,5000.0,604.0,76.0,1780.0,40.0,1016.0,3679.0,B3,161.0,2024.0,True,604.0,3679.0,3516.0,3516.0,604.0,163.0,Sprint,80.53333333333333,91.37577002053388,203.2,39.39775280898876,24.480621060674157,1:01:19,2024 World Triathlon Para Series Swansea,False,False,False,False,False,False,False,False,False
183785,634238,89631,Héctor Catalá Laparra B2,Spain,FINISH,5.0,00:10:20,00:00:50,00:27:10,00:00:42,00:17:50,00:59:33,PTVI Men,sprint,2024 World Triathlon Para Series Montreal,2024-06-29,World Para Series,760.0,20200.0,5000.0,620.0,50.0,1630.0,42.0,1070.0,3573.0,B2,161.0,2024.0,True,620.0,3573.0,3412.0,3412.0,620.0,161.0,Sprint,81.57894736842105,80.6930693069307,214.0,44.61349693251534,27.72153320245399,59:33,2024 World Triathlon Para Series Montreal,False,False,False,False,False,False,False,False,False
183785,634238,136177,Thibaut Rigaudeau B3,France,FINISH,1.0,00:10:15,00:00:46,00:26:10,00:00:37,00:17:00,00:57:29,PTVI Men,sprint,2024 World Triathlon Para Series Montreal,2024-06-29,World Para Series,760.0,20200.0,5000.0,615.0,46.0,1570.0,37.0,1020.0,3449.0,B3,161.0,2024.0,True,615.0,3449.0,3288.0,3288.0,615.0,161.0,Sprint,80.92105263157895,77.72277227722772,204.0,46.318471337579616,28.780954853503186,57:29,2024 World Triathlon Para Series Montreal,False,False,False,False,False,False,False,False,False
163894,658389,136177,Thibaut Rigaudeau B3,France,FINISH,2.0,00:10:57,00:00:41,00:27:37,00:00:32,00:17:37,01:00:05,PTVI Men,sprint,Paris 2024 Paralympic Games,2024-09-02,Major Games,750.0,20000.0,5000.0,657.0,41.0,1657.0,32.0,1057.0,3605.0,B3,161.0,2024.0,True,657.0,3605.0,3444.0,3444.0,657.0,161.0,Sprint,87.6,82.85,211.4,43.45202172601086,26.999826191913098,1:00:05,Paris 2024 Paralympic Games,False,False,False,False,False,False,False,False,False
163894,658389,79400,Dave Ellis B3,Great Britain,FINISH,1.0,00:10:10,00:00:51,00:28:11,00:00:30,00:16:18,00:58:41,PTVI Men,sprint,Paris 2024 Paralympic Games,2024-09-02,Major Games,750.0,20000.0,5000.0,610.0,51.0,1691.0,30.0,978.0,3521.0,B3,161.0,2024.0,True,610.0,3521.0,3360.0,3360.0,610.0,161.0,Sprint,81.33333333333333,84.55,195.6,42.57835600236547,26.456955647545833,58:41,Paris 2024 Paralympic Games,False,False,False,False,False,False,False,False,False
163894,658389,89631,Héctor Catalá Laparra B2,Spain,DNF,,00:11:03,00:00:58,00:00:00,00:00:00,00:00:00,DNF,PTVI Men,sprint,Paris 2024 Paralympic Games,2024-09-02,Major Games,750.0,20000.0,5000.0,,,,,,,B2,161.0,2024.0,True,,,,,,,Sprint,,,,,,,Paris 2024 Paralympic Games,False,False,False,False,False,False,False,False,False
163894,658389,113760,Antoine Perel B1,France,FINISH,3.0,00:12:44,00:00:52,00:28:15,00:00:32,00:18:02,01:00:25,PTVI Men,sprint,Paris 2024 Paralympic Games,2024-09-02,Major Games,750.0,20000.0,5000.0,764.0,52.0,1695.0,32.0,1082.0,3625.0,B1,161.0,2024.0,False,764.0,3625.0,3625.0,3625.0,764.0,0.0,Sprint,101.86666666666666,84.75,216.4,42.47787610619469,26.3945203539823,1:00:25,Paris 2024 Paralympic Games,False,False,False,False,False,False,False,False,False
163894,658389,132450,Owen Cravens B3,United States,FINISH,4.0,00:10:50,00:00:53,00:27:27,00:00:33,00:18:19,01:00:43,PTVI Men,sprint,Paris 2024 Paralympic Games,2024-09-02,Major Games,750.0,20000.0,5000.0,650.0,53.0,1647.0,33.0,1099.0,3643.0,B3,161.0,2024.0,True,650.0,3643.0,3482.0,3482.0,650.0,161.0,Sprint,86.66666666666667,82.35,219.8,43.71584699453552,27.16375956284153,1:00:43,Paris 2024 Paralympic Games,False,False,False,False,False,False,False,False,False
183787,635482,79400,Dave Ellis B3,Great Britain,FINISH,1.0,00:10:30,00:02:28,00:27:01,00:00:47,00:15:26,00:58:54,PTVI Men,sprint,2024 World Triathlon Para Championships Torremolinos-Andalucia,2024-10-17,World Championships,750.0,19100.0,5000.0,630.0,148.0,1621.0,47.0,926.0,3534.0,B3,161.0,2024.0,True,630.0,3534.0,3372.0,3372.0,630.0,162.0,Sprint,84.0,84.86910994764398,185.2,42.418260333127705,26.357476841455895,58:54,2024 World Triathlon Para Championships Torremolinos-Andalucia,False,False,False,False,False,False,False,False,False
183787,635482,89631,Héctor Catalá Laparra B2,Spain,FINISH,4.0,00:11:02,00:02:30,00:27:06,00:00:46,00:16:39,01:00:44,PTVI Men,sprint,2024 World Triathlon Para Championships Torremolinos-Andalucia,2024-10-17,World Championships,750.0,19100.0,5000.0,662.0,150.0,1626.0,46.0,999.0,3644.0,B2,161.0,2024.0,True,662.0,3644.0,3483.0,3483.0,662.0,161.0,Sprint,88.26666666666667,85.13089005235601,199.8,42.28782287822879,26.2764267896679,1:00:44,2024 World Triathlon Para Championships Torremolinos-Andalucia,False,False,False,False,False,False,False,False,False
183787,635482,113760,Antoine Perel B1,France,FINISH,3.0,00:13:03,00:02:31,00:27:08,00:00:47,00:16:49,01:00:18,PTVI Men,sprint,2024 World Triathlon Para Championships Torremolinos-Andalucia,2024-10-17,World Championships,750.0,19100.0,5000.0,783.0,151.0,1628.0,47.0,1009.0,3618.0,B1,161.0,2024.0,False,783.0,3618.0,3618.0,3618.0,783.0,0.0,Sprint,104.4,85.23560209424083,201.8,42.235872235872236,26.244146167076167,1:00:18,2024 World Triathlon Para Championships Torremolinos-Andalucia,False,False,False,False,False,False,False,False,False
183787,635482,136177,Thibaut Rigaudeau B3,France,FINISH,2.0,00:10:56,00:02:27,00:26:40,00:00:46,00:16:21,00:59:52,PTVI Men,sprint,2024 World Triathlon Para Championships Torremolinos-Andalucia,2024-10-17,World Championships,750.0,19100.0,5000.0,656.0,147.0,1600.0,46.0,981.0,3592.0,B3,161.0,2024.0,True,656.0,3592.0,3430.0,3430.0,656.0,162.0,Sprint,87.46666666666667,83.7696335078534,196.2,42.97500000000001,26.703418725000006,59:52,2024 World Triathlon Para Championships Torremolinos-Andalucia,False,False,False,False,False,False,False,False,False
194191,674085,113760,Antoine Perel B1,France,FINISH,1.0,00:11:37,00:01:16,00:30:24,00:00:36,00:17:19,01:01:12,PTVI Men,sprint,2025 World Triathlon Para Series Yokohama,2025-05-17,World Para Series,750.0,21220.0,5000.0,697.0,76.0,1824.0,36.0,1039.0,3672.0,B1,161.0,2025.0,False,697.0,3672.0,3672.0,3672.0,697.0,0.0,Sprint,92.93333333333334,85.95664467483506,207.8,41.88157894736842,26.02399859210526,1:01:12,2025 World Triathlon Para Series Yokohama,False,False,False,False,False,False,False,False,False
194211,674482,136177,Thibaut Rigaudeau B3,France,FINISH,1.0,00:11:02,00:01:22,00:23:37,00:00:55,00:17:18,00:57:05,PTVI Men,sprint,2025 World Triathlon Para Cup Samarkand,2025-05-24,World Para Cup,750.0,18960.0,5000.0,662.0,82.0,1417.0,55.0,1038.0,3425.0,B3,161.0,2025.0,True,662.0,3425.0,3254.0,3254.0,662.0,171.0,Sprint,88.26666666666667,74.73628691983122,207.6,48.16937191249118,29.93105079463656,57:05,2025 World Triathlon Para Cup Samarkand,False,False,False,False,False,False,False,False,False
194212,674461,79400,Dave Ellis B3,Great Britain,FINISH,1.0,00:09:51,00:00:31,00:29:25,00:00:38,00:15:58,00:59:16,PTVI Men,sprint,2025 World Triathlon Para Series Taranto,2025-06-07,World Para Series,750.0,21000.0,5000.0,591.0,31.0,1765.0,38.0,958.0,3556.0,B3,161.0,2025.0,True,591.0,3556.0,3383.0,3383.0,591.0,173.0,Sprint,78.8,84.04761904761905,191.6,42.832861189801704,26.615097790368274,59:16,2025 World Triathlon Para Series Taranto,False,False,False,False,False,False,False,False,False
194212,674461,136177,Thibaut Rigaudeau B3,France,FINISH,5.0,00:10:24,00:00:35,00:29:54,00:00:39,00:16:42,01:01:07,PTVI Men,sprint,2025 World Triathlon Para Series Taranto,2025-06-07,World Para Series,750.0,21000.0,5000.0,624.0,35.0,1794.0,39.0,1002.0,3667.0,B3,161.0,2025.0,True,624.0,3667.0,3494.0,3494.0,624.0,173.0,Sprint,83.2,85.42857142857143,200.4,42.14046822742475,26.184864882943142,1:01:07,2025 World Triathlon Para Series Taranto,False,False,False,False,False,False,False,False,False
194212,674461,89631,Héctor Catalá Laparra B2,Spain,FINISH,4.0,00:10:53,00:00:31,00:29:21,00:00:32,00:16:49,01:00:59,PTVI Men,sprint,2025 World Triathlon Para Series Taranto,2025-06-07,World Para Series,750.0,21000.0,5000.0,653.0,31.0,1761.0,32.0,1009.0,3659.0,B2,161.0,2025.0,True,653.0,3659.0,3486.0,3486.0,653.0,173.0,Sprint,87.06666666666666,83.85714285714286,201.8,42.93015332197615,26.675552299829643,1:00:59,2025 World Triathlon Para Series Taranto,False,False,False,False,False,False,False,False,False
194213,674441,136177,Thibaut Rigaudeau B3,France,FINISH,1.0,00:09:52,00:01:05,00:29:16,00:00:48,00:17:43,01:01:35,PTVI Men,sprint,2025 World Triathlon Para Cup Magog,2025-07-12,World Para Cup,750.0,18900.0,5000.0,592.0,65.0,1756.0,48.0,1063.0,3695.0,B3,161.0,2025.0,True,592.0,3695.0,3524.0,3524.0,592.0,171.0,Sprint,78.93333333333334,92.91005291005291,212.6,38.747152619589976,24.07635697038724,1:01:35,2025 World Triathlon Para Cup Magog,False,False,False,False,False,False,False,False,False
194208,674519,136177,Thibaut Rigaudeau B3,France,DNS,,00:00:00,00:00:00,00:00:00,00:00:00,00:00:00,DNS,PTVI Men,sprint,2025 World Triathlon Para Series Montreal,2025-07-19,World Para Series,750.0,20400.0,5000.0,,,,,,,B3,161.0,2025.0,True,,,,,,,Sprint,,,,,,,2025 World Triathlon Para Series Montreal,False,False,False,False,False,False,False,False,False
194855,674874,79400,Dave Ellis B3,Great Britain,FINISH,1.0,00:10:15,00:01:05,00:24:58,00:00:47,00:16:10,00:56:05,PTVI Men,sprint,2025 World Triathlon Para Cup Tata,2025-07-19,World Para Cup,750.0,18000.0,5000.0,615.0,65.0,1498.0,47.0,970.0,3365.0,B3,161.0,2025.0,True,615.0,3365.0,3195.0,3195.0,615.0,170.0,Sprint,82.0,83.22222222222223,194.0,43.257676902536716,26.87906595460614,56:05,2025 World Triathlon Para Cup Tata,False,False,False,False,False,False,False,False,False
194856,674894,132450,Owen Cravens B3,United States,FINISH,3.0,00:12:40,00:00:56,00:25:47,00:00:47,00:17:33,01:00:36,PTVI Men,sprint,2025 World Triathlon Para Cup Alhandra,2025-09-06,World Para Cup,,19100.0,5000.0,760.0,56.0,1547.0,47.0,1053.0,3636.0,B3,161.0,2025.0,True,760.0,3636.0,3463.0,3463.0,760.0,173.0,Sprint,,80.99476439790575,210.6,44.447317388493865,27.61827405300582,1:00:36,2025 World Triathlon Para Cup Alhandra,False,False,False,False,False,False,False,False,False
194856,674894,79400,Dave Ellis B3,Great Britain,FINISH,1.0,00:11:56,00:00:56,00:25:38,00:00:43,00:15:36,00:57:42,PTVI Men,sprint,2025 World Triathlon Para Cup Alhandra,2025-09-06,World Para Cup,,19100.0,5000.0,716.0,56.0,1538.0,43.0,936.0,3462.0,B3,161.0,2025.0,True,716.0,3462.0,3289.0,3289.0,716.0,173.0,Sprint,,80.52356020942408,187.2,44.707412223667106,27.779889440832253,57:42,2025 World Triathlon Para Cup Alhandra,False,False,False,False,False,False,False,False,False
188993,674972,79400,Dave Ellis B3,Great Britain,FINISH,1.0,00:09:47,00:00:54,00:29:09,00:00:33,00:16:05,00:59:20,PTVI Men,standard,2025 World Triathlon Para Championships Wollongong,2025-10-15,World Championships,,,,587.0,54.0,1749.0,33.0,965.0,3560.0,B3,161.0,2025.0,True,587.0,3560.0,3388.0,3388.0,587.0,172.0,Standard,,,,,,59:20,2025 World Triathlon Para Championships Wollongong,False,False,False,False,False,False,False,False,False
188993,674972,132450,Owen Cravens B3,United States,DNF,,00:09:51,00:00:55,00:00:00,00:00:00,00:00:00,DNF,PTVI Men,standard,2025 World Triathlon Para Championships Wollongong,2025-10-15,World Championships,,,,,,,,,,B3,161.0,2025.0,True,,,,,,,Standard,,,,,,,2025 World Triathlon Para Championships Wollongong,False,False,False,False,False,False,False,False,False
188993,674972,113760,Antoine Perel B1,France,FINISH,2.0,00:11:04,00:00:57,00:29:50,00:00:30,00:17:18,00:59:40,PTVI Men,standard,2025 World Triathlon Para Championships Wollongong,2025-10-15,World Championships,,,,664.0,57.0,1790.0,30.0,1038.0,3580.0,B1,161.0,2025.0,False,664.0,3580.0,3579.0,3579.0,664.0,1.0,Standard,,,,,,59:40,2025 World Triathlon Para Championships Wollongong,False,False,False,False,False,False,False,False,False
188993,674972,89631,Héctor Catalá Laparra B2,Spain,FINISH,7.0,00:10:09,00:00:57,00:35:13,00:00:35,00:17:28,01:07:13,PTVI Men,standard,2025 World Triathlon Para Championships Wollongong,2025-10-15,World Championships,,,,609.0,57.0,2113.0,35.0,1048.0,4033.0,B2,161.0,2025.0,True,609.0,4033.0,3862.0,3862.0,609.0,171.0,Standard,,,,,,1:07:13,2025 World Triathlon Para Championships Wollongong,False,False,False,False,False,False,False,False,False
188993,674972,136177,Thibaut Rigaudeau B3,France,FINISH,5.0,00:10:12,00:00:57,00:29:49,00:00:37,00:17:15,01:01:42,PTVI Men,standard,2025 World Triathlon Para Championships Wollongong,2025-10-15,World Championships,,,,612.0,57.0,1789.0,37.0,1035.0,3702.0,B3,161.0,2025.0,True,612.0,3702.0,3530.0,3530.0,612.0,172.0,Standard,,,,,,1:01:42,2025 World Triathlon Para Championships Wollongong,False,False,False,False,False,False,False,False,False
