event_name,event_date,athlete_name,country,position,program
2025 Americas Triathlon Cup La Habana,2025-02-16,Carlos Javier Quinchara Forero,Colombia,17,Elite Men
2025 Americas Triathlon Cup La Habana,2025-02-16,Juan Jose Giraldo Gomez,Colombia,13,Elite Men
2025 Americas Triathlon Cup La Habana,2025-02-16,Hugo Mario Ruiz Dimate,Colombia,4,Elite Men
2025 Americas Triathlon Cup La Habana,2025-02-16,Alejandro Rodriguez Diez,Cuba,3,Elite Men
2025 Americas Triathlon Cup La Habana,2025-02-16,Erik Yamir Ramos Croda,Mexico,12,Elite Men
2025 Americas Triathlon Cup La Habana,2025-02-16,Jorge Raul Cabinal Gramajo,Guatemala,20,Elite Men
2025 Americas Triathlon Cup La Habana,2025-02-16,Jorge Emmanuel Alemañez Martínez,Cuba,18,Elite Men
2025 Americas Triathlon Cup La Habana,2025-02-16,Samuel Zuluaga Cardona,Colombia,23,Elite Men
2025 Americas Triathlon Cup La Habana,2025-02-16,Humberto Castañeiras Jenner,Mexico,5,Elite Men
2025 Americas Triathlon Cup La Habana,2025-02-16,Hernando Serna Cordoba,Colombia,9,Elite Men
2025 Americas Triathlon Cup La Habana,2025-02-16,Dillon Longo,Canada,15,Elite Men
2025 Americas Triathlon Cup La Habana,2025-02-16,Dixon Hernandez,Venezuela,14,Elite Men
2025 Americas Triathlon Cup La Habana,2025-02-16,Cristopher Alexander Cardenas Jimenez,Venezuela,11,Elite Men
2025 Americas Triathlon Cup La Habana,2025-02-16,Brett Saunders,Canada,10,Elite Men
2025 Americas Triathlon Cup La Habana,2025-02-16,Braxton Legg,United States,1,Elite Men
2025 Americas Triathlon Cup La Habana,2025-02-16,Tiago Muñoz,Argentina,7,Elite Men
2025 Americas Triathlon Cup La Habana,2025-02-16,Ramses Montilla,Venezuela,25,Elite Men
2025 Americas Triathlon Cup La Habana,2025-02-16,Carter Stuhlmacher,United States,16,Elite Men
2025 Americas Triathlon Cup La Habana,2025-02-16,Isaac Lamprecht,United States,22,Elite Men
2025 Americas Triathlon Cup La Habana,2025-02-16,Blake Bullard,United States,2,Elite Men
2025 Americas Triathlon Cup La Habana,2025-02-16,Joshua Bird,Canada,8,Elite Men
2025 Americas Triathlon Cup La Habana,2025-02-16,Alian Alfonso Gonzalez Aviles,Dominican Republic,LAP,Elite Men
2025 Americas Triathlon Cup La Habana,2025-02-16,Caleb Obad Infante Marine,Cuba,24,Elite Men
2025 Americas Triathlon Cup La Habana,2025-02-16,Porter Middaugh,United States,6,Elite Men
2025 Americas Triathlon Cup La Habana,2025-02-16,Nico Wood,South Africa,21,Elite Men
2025 Americas Triathlon Cup La Habana,2025-02-16,Cristian Torrealba,Venezuela,19,Elite Men
2025 Americas Triathlon Cup La Habana,2025-02-16,Lowrin Esmil Feliz Ramirez,Dominican Republic,LAP,Elite Men
2025 Americas Triathlon Cup Magog,2025-07-12,Gregor Payet,Luxembourg,11,Elite Men
2025 Americas Triathlon Cup Magog,2025-07-12,Jérémy Quindos,Uzbekistan,7,Elite Men
2025 Americas Triathlon Cup Magog,2025-07-12,Koki Yamamoto,Japan,10,Elite Men
2025 Americas Triathlon Cup Magog,2025-07-12,Ivan Anzaldo,Argentina,30,Elite Men
2025 Americas Triathlon Cup Magog,2025-07-12,Satoshi Iwamoto,Japan,17,Elite Men
2025 Americas Triathlon Cup Magog,2025-07-12,Martin Sobey,Canada,9,Elite Men
2025 Americas Triathlon Cup Magog,2025-07-12,Hokuto Obara,Japan,22,Elite Men
2025 Americas Triathlon Cup Magog,2025-07-12,Aiden Longcroft-Harris,Canada,23,Elite Men
2025 Americas Triathlon Cup Magog,2025-07-12,Pavlos Antoniades,Canada,12,Elite Men
2025 Americas Triathlon Cup Magog,2025-07-12,Liam Donnelly,Canada,2,Elite Men
2025 Americas Triathlon Cup Magog,2025-07-12,Alvaro Campos Solano,Costa Rica,19,Elite Men
2025 Americas Triathlon Cup Magog,2025-07-12,Yann Allichon,France,4,Elite Men
2025 Americas Triathlon Cup Magog,2025-07-12,Luke McCarron,Ireland,31,Elite Men
2025 Americas Triathlon Cup Magog,2025-07-12,Tristen Jones,Canada,29,Elite Men
2025 Americas Triathlon Cup Magog,2025-07-12,Esteban Tibocha,Colombia,25,Elite Men
2025 Americas Triathlon Cup Magog,2025-07-12,Kanta Ando,Japan,DNF,Elite Men
2025 Americas Triathlon Cup Magog,2025-07-12,Ben Fäh,Switzerland,41,Elite Men
2025 Americas Triathlon Cup Magog,2025-07-12,Trevor Laupland,Canada,38,Elite Men
2025 Americas Triathlon Cup Magog,2025-07-12,Nicholas Pilgrim,Bermuda,34,Elite Men
2025 Americas Triathlon Cup Magog,2025-07-12,Clayton Hutchins,Canada,21,Elite Men
2025 Americas Triathlon Cup Magog,2025-07-12,Yuya Kobayashi,Japan,37,Elite Men
2025 Americas Triathlon Cup Magog,2025-07-12,Luke Anthony,United States,8,Elite Men
2025 Americas Triathlon Cup Magog,2025-07-12,Blake Harris,Canada,35,Elite Men
2025 Americas Triathlon Cup Magog,2025-07-12,Kyle Boorsma,Canada,28,Elite Men
2025 Americas Triathlon Cup Magog,2025-07-12,Joe Sherman,Great Britain,20,Elite Men
2025 Americas Triathlon Cup Magog,2025-07-12,Alexandre Leblanc,Canada,39,Elite Men
2025 Americas Triathlon Cup Magog,2025-07-12,Oleksii Kolesov,Canada,46,Elite Men
2025 Americas Triathlon Cup Magog,2025-07-12,Hudson Hamilton,United States,42,Elite Men
2025 Americas Triathlon Cup Magog,2025-07-12,Luigi Antonio Loddi Vanzella,Brazil,26,Elite Men
2025 Americas Triathlon Cup Magog,2025-07-12,Andreas Nikolajsen,Denmark,15,Elite Men
2025 Americas Triathlon Cup Magog,2025-07-12,Henry Bristol,Canada,24,Elite Men
2025 Americas Triathlon Cup Magog,2025-07-12,Adam Janah,United States,40,Elite Men
2025 Americas Triathlon Cup Magog,2025-07-12,Alexander Urling,United States,DNF,Elite Men
2025 Americas Triathlon Cup Magog,2025-07-12,James Sikich,Canada,27,Elite Men
2025 Americas Triathlon Cup Magog,2025-07-12,Matthew McGoey,United States,33,Elite Men
2025 Americas Triathlon Cup Magog,2025-07-12,Brett Saunders,Canada,36,Elite Men
2025 Americas Triathlon Cup Magog,2025-07-12,Leandre Binette,Canada,DSQ,Elite Men
2025 Americas Triathlon Cup Magog,2025-07-12,Braxton Legg,United States,3,Elite Men
2025 Americas Triathlon Cup Magog,2025-07-12,Lukas Vadeika,Canada,18,Elite Men
2025 Americas Triathlon Cup Magog,2025-07-12,Carter Stuhlmacher,United States,44,Elite Men
2025 Americas Triathlon Cup Magog,2025-07-12,Charlie Smoak,United States,43,Elite Men
2025 Americas Triathlon Cup Magog,2025-07-12,Daniel Damian,Canada,6,Elite Men
2025 Americas Triathlon Cup Magog,2025-07-12,Blake Bullard,United States,5,Elite Men
2025 Americas Triathlon Cup Magog,2025-07-12,Simon Drolet,Canada,45,Elite Men
2025 Americas Triathlon Cup Magog,2025-07-12,Joshua Bird,Canada,16,Elite Men
2025 Americas Triathlon Cup Magog,2025-07-12,Theo Marti,Luxembourg,13,Elite Men
2025 Americas Triathlon Cup Magog,2025-07-12,Robi Racine,Canada,14,Elite Men
2025 Americas Triathlon Cup Magog,2025-07-12,Porter Middaugh,United States,1,Elite Men
2025 Americas Triathlon Cup Magog,2025-07-12,Michael Dizon-Bumann,Virgin Islands,DNF,Elite Men
2025 Americas Triathlon Cup Magog,2025-07-12,Jackson Harrell,United States,32,Elite Men
2025 Americas Triathlon Cup Miami,2025-03-28,Seth Rider,United States,4,Elite Men
2025 Americas Triathlon Cup Miami,2025-03-28,Darr Smith,United States,3,Elite Men
2025 Americas Triathlon Cup Miami,2025-03-28,Martin Sobey,Canada,5,Elite Men
2025 Americas Triathlon Cup Miami,2025-03-28,Guillaume Hay,France,13,Elite Men
2025 Americas Triathlon Cup Miami,2025-03-28,Chris Gregor,Canada,22,Elite Men
2025 Americas Triathlon Cup Miami,2025-03-28,Liam Donnelly,Canada,DNF,Elite Men
2025 Americas Triathlon Cup Miami,2025-03-28,Aram Michell Peñaflor Moysen,Mexico,7,Elite Men
2025 Americas Triathlon Cup Miami,2025-03-28,Jesus Gildardo Espiritu,Mexico,33,Elite Men
2025 Americas Triathlon Cup Miami,2025-03-28,Erik Yamir Ramos Croda,Mexico,9,Elite Men
2025 Americas Triathlon Cup Miami,2025-03-28,Dylan Didier Campa Carranza,Mexico,27,Elite Men
2025 Americas Triathlon Cup Miami,2025-03-28,Ben Fäh,Switzerland,20,Elite Men
2025 Americas Triathlon Cup Miami,2025-03-28,Matteo Carlo Perri,Italy,35,Elite Men
2025 Americas Triathlon Cup Miami,2025-03-28,Keller Norland,United States,12,Elite Men
2025 Americas Triathlon Cup Miami,2025-03-28,Clayton Hutchins,Canada,15,Elite Men
2025 Americas Triathlon Cup Miami,2025-03-28,Uzziel Valderrabano Chavez,Mexico,26,Elite Men
2025 Americas Triathlon Cup Miami,2025-03-28,Nicolas Probert Vargas,Mexico,11,Elite Men
2025 Americas Triathlon Cup Miami,2025-03-28,Almog Elazzary,Israel,28,Elite Men
2025 Americas Triathlon Cup Miami,2025-03-28,Blake Harris,Canada,17,Elite Men
2025 Americas Triathlon Cup Miami,2025-03-28,Shavit Haiat,Israel,DNF,Elite Men
2025 Americas Triathlon Cup Miami,2025-03-28,Louis Marchand,Canada,DNF,Elite Men
2025 Americas Triathlon Cup Miami,2025-03-28,Tomer Shapira,Israel,18,Elite Men
2025 Americas Triathlon Cup Miami,2025-03-28,Maayan Glantz,Israel,25,Elite Men
2025 Americas Triathlon Cup Miami,2025-03-28,Mathis Beaulieu,Canada,8,Elite Men
2025 Americas Triathlon Cup Miami,2025-03-28,Eyal Weinstein,Israel,37,Elite Men
2025 Americas Triathlon Cup Miami,2025-03-28,Reese Vannerson,United States,1,Elite Men
2025 Americas Triathlon Cup Miami,2025-03-28,Hudson Hamilton,United States,30,Elite Men
2025 Americas Triathlon Cup Miami,2025-03-28,Dillon Longo,Canada,36,Elite Men
2025 Americas Triathlon Cup Miami,2025-03-28,Henry Bristol,Canada,32,Elite Men
2025 Americas Triathlon Cup Miami,2025-03-28,José Eduardo Castaño López,Mexico,39,Elite Men
2025 Americas Triathlon Cup Miami,2025-03-28,Cole Jamieson ,United States,38,Elite Men
2025 Americas Triathlon Cup Miami,2025-03-28,Nathan Drouillard,Canada,DNF,Elite Men
2025 Americas Triathlon Cup Miami,2025-03-28,Matthew McGoey,United States,21,Elite Men
2025 Americas Triathlon Cup Miami,2025-03-28,Brett Saunders,Canada,29,Elite Men
2025 Americas Triathlon Cup Miami,2025-03-28,Sullivan Middaugh,United States,14,Elite Men
2025 Americas Triathlon Cup Miami,2025-03-28,Leandre Binette,Canada,23,Elite Men
2025 Americas Triathlon Cup Miami,2025-03-28,Braxton Legg,United States,6,Elite Men
2025 Americas Triathlon Cup Miami,2025-03-28,Lukas Vadeika,Canada,34,Elite Men
2025 Americas Triathlon Cup Miami,2025-03-28,Hayden Woodrow,Canada,16,Elite Men
2025 Americas Triathlon Cup Miami,2025-03-28,Tiago Muñoz,Argentina,24,Elite Men
2025 Americas Triathlon Cup Miami,2025-03-28,Igor Dupuis,France,2,Elite Men
2025 Americas Triathlon Cup Miami,2025-03-28,Brad Murray,United States,DNF,Elite Men
2025 Americas Triathlon Cup Miami,2025-03-28,Daniel Damian,Canada,10,Elite Men
2025 Americas Triathlon Cup Miami,2025-03-28,Blake Bullard,United States,31,Elite Men
2025 Americas Triathlon Cup Miami,2025-03-28,Ethan Johnson-Skinner,Canada,DNF,Elite Men
2025 Americas Triathlon Cup Miami,2025-03-28,Alejandro Pérez Monterd,Mexico,DNF,Elite Men
2025 Americas Triathlon Cup Miami,2025-03-28,Joshua Bird,Canada,DNF,Elite Men
2025 Americas Triathlon Cup Miami,2025-03-28,Diego Humberto Suarez Arias,Mexico,DNF,Elite Men
2025 Americas Triathlon Cup Miami,2025-03-28,Porter Middaugh,United States,19,Elite Men
2025 Americas Triathlon Cup Miami,2025-03-28,Ben Fleming,United States,DNF,Elite Men
2025 Americas Triathlon Cup Miami,2025-03-28,William McElgunn,United States,DNF,Elite Men
2025 Americas Triathlon Cup Montreal,2025-07-19,Carlos Javier Quinchara Forero,Colombia,55,Elite Men
2025 Americas Triathlon Cup Montreal,2025-07-19,Rikigoro Shinozuka,Malaysia,65,Elite Men
2025 Americas Triathlon Cup Montreal,2025-07-19,Jérémy Quindos,Uzbekistan,9,Elite Men
2025 Americas Triathlon Cup Montreal,2025-07-19,Koki Yamamoto,Japan,23,Elite Men
2025 Americas Triathlon Cup Montreal,2025-07-19,Ian King,United States,60,Elite Men
2025 Americas Triathlon Cup Montreal,2025-07-19,Miguel Angel Márquez Alemán,Mexico,51,Elite Men
2025 Americas Triathlon Cup Montreal,2025-07-19,Ivan Anzaldo,Argentina,30,Elite Men
2025 Americas Triathlon Cup Montreal,2025-07-19,Satoshi Iwamoto,Japan,25,Elite Men
2025 Americas Triathlon Cup Montreal,2025-07-19,Martin Sobey,Canada,6,Elite Men
2025 Americas Triathlon Cup Montreal,2025-07-19,Guillaume Hay,France,16,Elite Men
2025 Americas Triathlon Cup Montreal,2025-07-19,Hokuto Obara,Japan,20,Elite Men
2025 Americas Triathlon Cup Montreal,2025-07-19,Aiden Longcroft-Harris,Canada,31,Elite Men
2025 Americas Triathlon Cup Montreal,2025-07-19,Pavlos Antoniades,Canada,8,Elite Men
2025 Americas Triathlon Cup Montreal,2025-07-19,Liam Donnelly,Canada,4,Elite Men
2025 Americas Triathlon Cup Montreal,2025-07-19,Filip Mainville,Canada,21,Elite Men
2025 Americas Triathlon Cup Montreal,2025-07-19,Alvaro Campos Solano,Costa Rica,50,Elite Men
2025 Americas Triathlon Cup Montreal,2025-07-19,Yann Allichon,France,7,Elite Men
2025 Americas Triathlon Cup Montreal,2025-07-19,Luke McCarron,Ireland,26,Elite Men
2025 Americas Triathlon Cup Montreal,2025-07-19,Tristen Jones,Canada,13,Elite Men
2025 Americas Triathlon Cup Montreal,2025-07-19,Morgan Pearson,United States,2,Elite Men
2025 Americas Triathlon Cup Montreal,2025-07-19,Esteban Tibocha,Colombia,45,Elite Men
2025 Americas Triathlon Cup Montreal,2025-07-19,Kanta Ando,Japan,34,Elite Men
2025 Americas Triathlon Cup Montreal,2025-07-19,Ben Fäh,Switzerland,40,Elite Men
2025 Americas Triathlon Cup Montreal,2025-07-19,Trevor Laupland,Canada,38,Elite Men
2025 Americas Triathlon Cup Montreal,2025-07-19,Nicholas Pilgrim,Bermuda,39,Elite Men
2025 Americas Triathlon Cup Montreal,2025-07-19,Nicolas Bolouri,Canada,33,Elite Men
2025 Americas Triathlon Cup Montreal,2025-07-19,John Reed,United States,49,Elite Men
2025 Americas Triathlon Cup Montreal,2025-07-19,Yuya Kobayashi,Japan,28,Elite Men
2025 Americas Triathlon Cup Montreal,2025-07-19,Luke Anthony,United States,10,Elite Men
2025 Americas Triathlon Cup Montreal,2025-07-19,William Nolet,Canada,42,Elite Men
2025 Americas Triathlon Cup Montreal,2025-07-19,Blake Harris,Canada,32,Elite Men
2025 Americas Triathlon Cup Montreal,2025-07-19,Daniel Gossow,United States,47,Elite Men
2025 Americas Triathlon Cup Montreal,2025-07-19,Kyle Boorsma,Canada,57,Elite Men
2025 Americas Triathlon Cup Montreal,2025-07-19,Louis Marchand,Canada,DNF,Elite Men
2025 Americas Triathlon Cup Montreal,2025-07-19,Mathis Beaulieu,Canada,1,Elite Men
2025 Americas Triathlon Cup Montreal,2025-07-19,Joe Sherman,Great Britain,27,Elite Men
2025 Americas Triathlon Cup Montreal,2025-07-19,Alvaro Eugenio  Rivero Franco,Mexico,DNF,Elite Men
2025 Americas Triathlon Cup Montreal,2025-07-19,Alexandre Leblanc,Canada,48,Elite Men
2025 Americas Triathlon Cup Montreal,2025-07-19,Gabriel Shreve,United States,66,Elite Men
2025 Americas Triathlon Cup Montreal,2025-07-19,Hudson Hamilton,United States,17,Elite Men
2025 Americas Triathlon Cup Montreal,2025-07-19,Kenshin Mori,Japan,19,Elite Men
2025 Americas Triathlon Cup Montreal,2025-07-19,Luigi Antonio Loddi Vanzella,Brazil,24,Elite Men
2025 Americas Triathlon Cup Montreal,2025-07-19,Andreas Nikolajsen,Denmark,15,Elite Men
2025 Americas Triathlon Cup Montreal,2025-07-19,Dillon Longo,Canada,46,Elite Men
2025 Americas Triathlon Cup Montreal,2025-07-19,Henry Bristol,Canada,37,Elite Men
2025 Americas Triathlon Cup Montreal,2025-07-19,Adam Janah,United States,53,Elite Men
2025 Americas Triathlon Cup Montreal,2025-07-19,Cole Jamieson ,United States,59,Elite Men
2025 Americas Triathlon Cup Montreal,2025-07-19,Alexander Urling,United States,63,Elite Men
2025 Americas Triathlon Cup Montreal,2025-07-19,Pieter Hoornstra Solano,Costa Rica,64,Elite Men
2025 Americas Triathlon Cup Montreal,2025-07-19,James Sikich,Canada,44,Elite Men
2025 Americas Triathlon Cup Montreal,2025-07-19,Matthew McGoey,United States,12,Elite Men
2025 Americas Triathlon Cup Montreal,2025-07-19,Brett Saunders,Canada,41,Elite Men
2025 Americas Triathlon Cup Montreal,2025-07-19,Leandre Binette,Canada,18,Elite Men
2025 Americas Triathlon Cup Montreal,2025-07-19,Braxton Legg,United States,3,Elite Men
2025 Americas Triathlon Cup Montreal,2025-07-19,Daniel Epp,Canada,36,Elite Men
2025 Americas Triathlon Cup Montreal,2025-07-19,Carter Stuhlmacher,United States,43,Elite Men
2025 Americas Triathlon Cup Montreal,2025-07-19,Diego Ladera Querales,Peru,54,Elite Men
2025 Americas Triathlon Cup Montreal,2025-07-19,Ryan Luczak,United States,11,Elite Men
2025 Americas Triathlon Cup Montreal,2025-07-19,Daniel Damian,Canada,5,Elite Men
2025 Americas Triathlon Cup Montreal,2025-07-19,Samuel Beaulieu,Canada,56,Elite Men
2025 Americas Triathlon Cup Montreal,2025-07-19,Joshua Bird,Canada,22,Elite Men
2025 Americas Triathlon Cup Montreal,2025-07-19,Theo Marti,Luxembourg,14,Elite Men
2025 Americas Triathlon Cup Montreal,2025-07-19,Robi Racine,Canada,29,Elite Men
2025 Americas Triathlon Cup Montreal,2025-07-19,Porter Middaugh,United States,35,Elite Men
2025 Americas Triathlon Cup Montreal,2025-07-19,Michael Dizon-Bumann,Virgin Islands,DNF,Elite Men
2025 Americas Triathlon Cup Montreal,2025-07-19,Jackson Harrell,United States,52,Elite Men
2025 Americas Triathlon Cup Montreal,2025-07-19,Caden Hubers,Canada,61,Elite Men
2025 Americas Triathlon Cup Montreal,2025-07-19,Judson Schulz,United States,58,Elite Men
2025 Americas Triathlon Cup Montreal,2025-07-19,Mark Romano,United States,DNF,Elite Men
2025 Americas Triathlon Cup Montreal,2025-07-19,Foster Wilfong,United States,62,Elite Men
2025 Americas Triathlon Cup Salinas,2025-05-31,Ramón Armando Matute,Ecuador,8,Elite Men
2025 Americas Triathlon Cup Salinas,2025-05-31,Ivan Anzaldo,Argentina,18,Elite Men
2025 Americas Triathlon Cup Salinas,2025-05-31,Martin Garcia,Ecuador,11,Elite Men
2025 Americas Triathlon Cup Salinas,2025-05-31,João Teixeira Alvares,Brazil,13,Elite Men
2025 Americas Triathlon Cup Salinas,2025-05-31,David Hernandez Muñoz,Costa Rica,27,Elite Men
2025 Americas Triathlon Cup Salinas,2025-05-31,Gabriel Terán Carvajal,Ecuador,2,Elite Men
2025 Americas Triathlon Cup Salinas,2025-05-31,Tristen Jones,Canada,4,Elite Men
2025 Americas Triathlon Cup Salinas,2025-05-31,Juan Manuel Cordoba Blanco,Costa Rica,31,Elite Men
2025 Americas Triathlon Cup Salinas,2025-05-31,Fernando Jacome,Chile,16,Elite Men
2025 Americas Triathlon Cup Salinas,2025-05-31,Matheus Oliveira Martinhaki,Brazil,20,Elite Men
2025 Americas Triathlon Cup Salinas,2025-05-31,Thiago Gomide Moreira,Brazil,23,Elite Men
2025 Americas Triathlon Cup Salinas,2025-05-31,Erik Yamir Ramos Croda,Mexico,3,Elite Men
2025 Americas Triathlon Cup Salinas,2025-05-31,Filip Tlamka,Czech Republic,22,Elite Men
2025 Americas Triathlon Cup Salinas,2025-05-31,Matias Sebastian Bravo Delgado,Ecuador,15,Elite Men
2025 Americas Triathlon Cup Salinas,2025-05-31,Joaquin Solis Narvaez,Ecuador,DNF,Elite Men
2025 Americas Triathlon Cup Salinas,2025-05-31,Allan Naranjo Avendaño,Costa Rica,33,Elite Men
2025 Americas Triathlon Cup Salinas,2025-05-31,Blaise Uglow,Canada,DSQ,Elite Men
2025 Americas Triathlon Cup Salinas,2025-05-31,Jorge Raul Cabinal Gramajo,Guatemala,32,Elite Men
2025 Americas Triathlon Cup Salinas,2025-05-31,Gabriel Lecheta,Brazil,7,Elite Men
2025 Americas Triathlon Cup Salinas,2025-05-31,Luke Anthony,United States,1,Elite Men
2025 Americas Triathlon Cup Salinas,2025-05-31,William Nolet,Canada,19,Elite Men
2025 Americas Triathlon Cup Salinas,2025-05-31,Blake Harris,Canada,6,Elite Men
2025 Americas Triathlon Cup Salinas,2025-05-31,Shavit Haiat,Israel,28,Elite Men
2025 Americas Triathlon Cup Salinas,2025-05-31,Kyle Boorsma,Canada,9,Elite Men
2025 Americas Triathlon Cup Salinas,2025-05-31,Victor Hugo Lopes Pereira Da Silva,Brazil,30,Elite Men
2025 Americas Triathlon Cup Salinas,2025-05-31,Luigi Antonio Loddi Vanzella,Brazil,21,Elite Men
2025 Americas Triathlon Cup Salinas,2025-05-31,Julio Monteiro Martins,Brazil,10,Elite Men
2025 Americas Triathlon Cup Salinas,2025-05-31,Dillon Longo,Canada,26,Elite Men
2025 Americas Triathlon Cup Salinas,2025-05-31,Adam Janah,United States,24,Elite Men
2025 Americas Triathlon Cup Salinas,2025-05-31,Joseph Wilwerding,United States,34,Elite Men
2025 Americas Triathlon Cup Salinas,2025-05-31,Victor Aurelio Feliz Feliz,Dominican Republic,36,Elite Men
2025 Americas Triathlon Cup Salinas,2025-05-31,Pedro Felipe Souza Fernandes Silva,Brazil,29,Elite Men
2025 Americas Triathlon Cup Salinas,2025-05-31,Carlos Jesus Quintanilla Vasquez,Guatemala,37,Elite Men
2025 Americas Triathlon Cup Salinas,2025-05-31,Daniel Epp,Canada,5,Elite Men
2025 Americas Triathlon Cup Salinas,2025-05-31,Oscar Alejandro Gramajo Xanté,Guatemala,39,Elite Men
2025 Americas Triathlon Cup Salinas,2025-05-31,Thomas Francisco Chica Perez,Ecuador,12,Elite Men
2025 Americas Triathlon Cup Salinas,2025-05-31,Nicolas Alejandro Calvopiña Castellano,Ecuador,14,Elite Men
2025 Americas Triathlon Cup Salinas,2025-05-31,Matheus Campos Correa,Brazil,25,Elite Men
2025 Americas Triathlon Cup Salinas,2025-05-31,Joshua Bird,Canada,17,Elite Men
2025 Americas Triathlon Cup Salinas,2025-05-31,Martin Eduardo Castro Bravo,Ecuador,35,Elite Men
2025 Americas Triathlon Cup Salinas,2025-05-31,Pether Anderson Alava Lucas,Ecuador,38,Elite Men
2025 Americas Triathlon Cup Kelowna,2025-08-09,Rodrigo Gonzalez Lopez,Mexico,16,Elite Men
2025 Americas Triathlon Cup Kelowna,2025-08-09,Martin Sobey,Canada,3,Elite Men
2025 Americas Triathlon Cup Kelowna,2025-08-09,Chris Gregor,Canada,19,Elite Men
2025 Americas Triathlon Cup Kelowna,2025-08-09,Pavlos Antoniades,Canada,4,Elite Men
2025 Americas Triathlon Cup Kelowna,2025-08-09,Liam Donnelly,Canada,7,Elite Men
2025 Americas Triathlon Cup Kelowna,2025-08-09,Tristen Jones,Canada,8,Elite Men
2025 Americas Triathlon Cup Kelowna,2025-08-09,Solen Wood,Canada,26,Elite Men
2025 Americas Triathlon Cup Kelowna,2025-08-09,Nathan F. Cohen,United States,48,Elite Men
2025 Americas Triathlon Cup Kelowna,2025-08-09,Erik Yamir Ramos Croda,Mexico,12,Elite Men
2025 Americas Triathlon Cup Kelowna,2025-08-09,Jose Javier Castro Rivas,Mexico,57,Elite Men
2025 Americas Triathlon Cup Kelowna,2025-08-09,Trevor Laupland,Canada,30,Elite Men
2025 Americas Triathlon Cup Kelowna,2025-08-09,Keller Norland,United States,1,Elite Men
2025 Americas Triathlon Cup Kelowna,2025-08-09,Nicholas Pilgrim,Bermuda,40,Elite Men
2025 Americas Triathlon Cup Kelowna,2025-08-09,Blaise Uglow,Canada,44,Elite Men
2025 Americas Triathlon Cup Kelowna,2025-08-09,Clayton Hutchins,Canada,11,Elite Men
2025 Americas Triathlon Cup Kelowna,2025-08-09,Nicolas Bolouri,Canada,38,Elite Men
2025 Americas Triathlon Cup Kelowna,2025-08-09,John Reed,United States,34,Elite Men
2025 Americas Triathlon Cup Kelowna,2025-08-09,Andrew Murray,United States,39,Elite Men
2025 Americas Triathlon Cup Kelowna,2025-08-09,William Nolet,Canada,25,Elite Men
2025 Americas Triathlon Cup Kelowna,2025-08-09,Blake Harris,Canada,20,Elite Men
2025 Americas Triathlon Cup Kelowna,2025-08-09,Daniel Gossow,United States,31,Elite Men
2025 Americas Triathlon Cup Kelowna,2025-08-09,Reese Vannerson,United States,2,Elite Men
2025 Americas Triathlon Cup Kelowna,2025-08-09,Alexandre Leblanc,Canada,23,Elite Men
2025 Americas Triathlon Cup Kelowna,2025-08-09,Oleksii Kolesov,Canada,41,Elite Men
2025 Americas Triathlon Cup Kelowna,2025-08-09,Dillon Longo,Canada,33,Elite Men
2025 Americas Triathlon Cup Kelowna,2025-08-09,Henry Bristol,Canada,13,Elite Men
2025 Americas Triathlon Cup Kelowna,2025-08-09,Evan Mahrous,United States,37,Elite Men
2025 Americas Triathlon Cup Kelowna,2025-08-09,Ignacio Flores Arana,Chile,27,Elite Men
2025 Americas Triathlon Cup Kelowna,2025-08-09,Marcus Nguyen,Canada,58,Elite Men
2025 Americas Triathlon Cup Kelowna,2025-08-09,Jack Screen,Canada,54,Elite Men
2025 Americas Triathlon Cup Kelowna,2025-08-09,James Sikich,Canada,28,Elite Men
2025 Americas Triathlon Cup Kelowna,2025-08-09,Dylan Peters,Canada,LAP,Elite Men
2025 Americas Triathlon Cup Kelowna,2025-08-09,Matthew McGoey,United States,14,Elite Men
2025 Americas Triathlon Cup Kelowna,2025-08-09,Sullivan Middaugh,United States,5,Elite Men
2025 Americas Triathlon Cup Kelowna,2025-08-09,Leandre Binette,Canada,15,Elite Men
2025 Americas Triathlon Cup Kelowna,2025-08-09,Braxton Legg,United States,10,Elite Men
2025 Americas Triathlon Cup Kelowna,2025-08-09,Lukas Vadeika,Canada,22,Elite Men
2025 Americas Triathlon Cup Kelowna,2025-08-09,Tiago Muñoz,Argentina,21,Elite Men
2025 Americas Triathlon Cup Kelowna,2025-08-09,Connor Oats,United States,50,Elite Men
2025 Americas Triathlon Cup Kelowna,2025-08-09,Daniel Epp,Canada,24,Elite Men
2025 Americas Triathlon Cup Kelowna,2025-08-09,Leo Savoie,Canada,35,Elite Men
2025 Americas Triathlon Cup Kelowna,2025-08-09,Isaac Lapointe,Canada,53,Elite Men
2025 Americas Triathlon Cup Kelowna,2025-08-09,Ryan Luczak,United States,9,Elite Men
2025 Americas Triathlon Cup Kelowna,2025-08-09,Daniel Damian,Canada,6,Elite Men
2025 Americas Triathlon Cup Kelowna,2025-08-09,Ethan Johnson-Skinner,Canada,56,Elite Men
2025 Americas Triathlon Cup Kelowna,2025-08-09,Luis Miguel Chávez Sánchez,Mexico,36,Elite Men
2025 Americas Triathlon Cup Kelowna,2025-08-09,Jesus Daniel Hernández Bobadilla,Mexico,32,Elite Men
2025 Americas Triathlon Cup Kelowna,2025-08-09,Simon Drolet,Canada,42,Elite Men
2025 Americas Triathlon Cup Kelowna,2025-08-09,Samuel Beaulieu,Canada,47,Elite Men
2025 Americas Triathlon Cup Kelowna,2025-08-09,José Antonio Ruelas Cantú,Mexico,52,Elite Men
2025 Americas Triathlon Cup Kelowna,2025-08-09,Austin Beese,Canada,61,Elite Men
2025 Americas Triathlon Cup Kelowna,2025-08-09,Porter Middaugh,United States,18,Elite Men
2025 Americas Triathlon Cup Kelowna,2025-08-09,Olivier Houle,Canada,45,Elite Men
2025 Americas Triathlon Cup Kelowna,2025-08-09,Grahm Gaydos,United States,17,Elite Men
2025 Americas Triathlon Cup Kelowna,2025-08-09,Maximiliano Navarro Rodriguez,Mexico,55,Elite Men
2025 Americas Triathlon Cup Kelowna,2025-08-09,Jackson Harrell,United States,29,Elite Men
2025 Americas Triathlon Cup Kelowna,2025-08-09,Caden Hubers,Canada,46,Elite Men
2025 Americas Triathlon Cup Kelowna,2025-08-09,Léo Plamondon,Canada,49,Elite Men
2025 Americas Triathlon Cup Kelowna,2025-08-09,Mitchell Kirby,Canada,51,Elite Men
2025 Americas Triathlon Cup Kelowna,2025-08-09,Nico Stockwell,Canada,43,Elite Men
2025 Americas Triathlon Cup Kelowna,2025-08-09,Zakary Louis-Seize,Canada,59,Elite Men
2025 Americas Triathlon Cup Kelowna,2025-08-09,Owen Turner,Canada,LAP,Elite Men
2025 Americas Triathlon Cup Kelowna,2025-08-09,Elliot Proulx,Canada,60,Elite Men
2025 Americas Triathlon Cup La Paz,2025-03-22,Rodrigo Gonzalez Lopez,Mexico,19,Elite Men
2025 Americas Triathlon Cup La Paz,2025-03-22,David Mendoza,Mexico,46,Elite Men
2025 Americas Triathlon Cup La Paz,2025-03-22,David Nuñez Gomez,Mexico,7,Elite Men
2025 Americas Triathlon Cup La Paz,2025-03-22,Brian Moya,Colombia,43,Elite Men
2025 Americas Triathlon Cup La Paz,2025-03-22,Miguel Angel Márquez Alemán,Mexico,34,Elite Men
2025 Americas Triathlon Cup La Paz,2025-03-22,Aiden Longcroft-Harris,Canada,11,Elite Men
2025 Americas Triathlon Cup La Paz,2025-03-22,Liam Donnelly,Canada,27,Elite Men
2025 Americas Triathlon Cup La Paz,2025-03-22,Aram Michell Peñaflor Moysen,Mexico,6,Elite Men
2025 Americas Triathlon Cup La Paz,2025-03-22,Alvaro Campos Solano,Costa Rica,24,Elite Men
2025 Americas Triathlon Cup La Paz,2025-03-22,Jesus Gildardo Espiritu,Mexico,13,Elite Men
2025 Americas Triathlon Cup La Paz,2025-03-22,Eduardo Nuñez Gomez,Mexico,4,Elite Men
2025 Americas Triathlon Cup La Paz,2025-03-22,Erik Yamir Ramos Croda,Mexico,9,Elite Men
2025 Americas Triathlon Cup La Paz,2025-03-22,Dylan Didier Campa Carranza,Mexico,17,Elite Men
2025 Americas Triathlon Cup La Paz,2025-03-22,Jose Javier Castro Rivas,Mexico,40,Elite Men
2025 Americas Triathlon Cup La Paz,2025-03-22,Keller Norland,United States,8,Elite Men
2025 Americas Triathlon Cup La Paz,2025-03-22,Alberto Reyes Morales,Mexico,37,Elite Men
2025 Americas Triathlon Cup La Paz,2025-03-22,Uzziel Valderrabano Chavez,Mexico,14,Elite Men
2025 Americas Triathlon Cup La Paz,2025-03-22,Miguel Angel Rubio Medina,Mexico,18,Elite Men
2025 Americas Triathlon Cup La Paz,2025-03-22,Luke Anthony,United States,26,Elite Men
2025 Americas Triathlon Cup La Paz,2025-03-22,Nicolas Probert Vargas,Mexico,16,Elite Men
2025 Americas Triathlon Cup La Paz,2025-03-22,Rodrigo Probert González,Mexico,23,Elite Men
2025 Americas Triathlon Cup La Paz,2025-03-22,Blake Harris,Canada,28,Elite Men
2025 Americas Triathlon Cup La Paz,2025-03-22,Erick Arturo Ortigoza Rodriguez,Mexico,12,Elite Men
2025 Americas Triathlon Cup La Paz,2025-03-22,Reese Vannerson,United States,1,Elite Men
2025 Americas Triathlon Cup La Paz,2025-03-22,Yael Vladimir González Melendez,Mexico,39,Elite Men
2025 Americas Triathlon Cup La Paz,2025-03-22,José Eduardo Castaño López,Mexico,48,Elite Men
2025 Americas Triathlon Cup La Paz,2025-03-22,Alfredo Miguel Rodríguez Figueroa,Mexico,25,Elite Men
2025 Americas Triathlon Cup La Paz,2025-03-22,Thomas Castañeda Maldonado,Argentina,35,Elite Men
2025 Americas Triathlon Cup La Paz,2025-03-22,Osvaldo Darell Zuñiga Fierro,Mexico,2,Elite Men
2025 Americas Triathlon Cup La Paz,2025-03-22,Cole Jamieson ,United States,33,Elite Men
2025 Americas Triathlon Cup La Paz,2025-03-22,Jake Adler,United States,42,Elite Men
2025 Americas Triathlon Cup La Paz,2025-03-22,Rodrigo Pacheco Gajá,Mexico,15,Elite Men
2025 Americas Triathlon Cup La Paz,2025-03-22,Dante Jesus Orozco Espinoza,Mexico,32,Elite Men
2025 Americas Triathlon Cup La Paz,2025-03-22,James Sikich,Canada,22,Elite Men
2025 Americas Triathlon Cup La Paz,2025-03-22,Angel Yael Yépez Meza,Mexico,30,Elite Men
2025 Americas Triathlon Cup La Paz,2025-03-22,Sullivan Middaugh,United States,3,Elite Men
2025 Americas Triathlon Cup La Paz,2025-03-22,Braxton Legg,United States,5,Elite Men
2025 Americas Triathlon Cup La Paz,2025-03-22,Tiago Muñoz,Argentina,20,Elite Men
2025 Americas Triathlon Cup La Paz,2025-03-22,Diego Ladera Querales,Peru,31,Elite Men
2025 Americas Triathlon Cup La Paz,2025-03-22,Blake Bullard,United States,21,Elite Men
2025 Americas Triathlon Cup La Paz,2025-03-22,Andrés Iván González Vargas,Mexico,45,Elite Men
2025 Americas Triathlon Cup La Paz,2025-03-22,José Luis Zazueta Lizárraga,Mexico,44,Elite Men
2025 Americas Triathlon Cup La Paz,2025-03-22,Luis Miguel Chávez Sánchez,Mexico,47,Elite Men
2025 Americas Triathlon Cup La Paz,2025-03-22,Raziel Geovanni Muñoz Tun,Mexico,36,Elite Men
2025 Americas Triathlon Cup La Paz,2025-03-22,Jesus Daniel Hernández Bobadilla,Mexico,DNF,Elite Men
2025 Americas Triathlon Cup La Paz,2025-03-22,Emilio Antonio Ibarra Veyna,Mexico,29,Elite Men
2025 Americas Triathlon Cup La Paz,2025-03-22,Jorge Isaac Labra Sandoval,Mexico,38,Elite Men
2025 Americas Triathlon Cup La Paz,2025-03-22,Jael Juárez Moron,Mexico,41,Elite Men
2025 Americas Triathlon Cup La Paz,2025-03-22,Porter Middaugh,United States,10,Elite Men
2025 Americas Triathlon Cup La Paz,2025-03-22,Dante Alejandro Nava Romo,Mexico,DNF,Elite Men
