event_id,prog_id,athlete_id,full_name,country,finish_status,finish_position,swimtime,t1time,biketime,t2time,runtime,total_time,prog_name,prog_distance_category,event_name,event_date,cat_name,swim_distance,bike_distance,run_distance,swimtime_sec,t1time_sec,biketime_sec,t2time_sec,runtime_sec,total_time_sec,para_subclass,time_factor_sec,time_factor_year,time_factor_applied,swimtime_sec_adjusted,total_time_sec_adjusted,sum_splits_sec,total_time_sec_raw,swimtime_sec_raw,time_factor_segment_sec,distance_panel,swim_pace_s_per_100m,bike_pace_s_per_km,run_pace_s_per_km,bike_speed_kmh,bike_speed_mph,total_time_fmt,event_label,biketime_sec_outlier,bike_speed_kmh_outlier,t1time_sec_outlier,bike_pace_s_per_km_outlier,t2time_sec_outlier,swim_pace_s_per_100m_outlier,runtime_sec_outlier,run_pace_s_per_km_outlier,swimtime_sec_outlier
152696,452698,133006,Nico Van Der Burgt,Netherlands,FINISH,1.0,00:10:55,00:01:46,00:31:37,00:01:07,00:20:34,01:05:59,PTS3 Men,,2021 World Triathlon Para Series Yokohama,2021-05-15,World Para Series,,,,655.0,106.0,1897.0,67.0,1234.0,3959.0,,,,False,655.0,3959.0,3959.0,3959.0,655.0,0.0,Unknown,,,,,,1:05:59,2021 World Triathlon Para Series Yokohama,False,False,False,False,False,False,False,False,False
152698,452755,133006,Nico Van Der Burgt,Netherlands,FINISH,1.0,00:10:48,00:02:34,00:35:17,00:01:11,00:20:02,01:09:50,PTS3 Men,,AJ Bell 2021 World Triathlon Para Series Leeds,2021-06-05,World Para Series,,,,648.0,154.0,2117.0,71.0,1202.0,4190.0,,,,False,648.0,4190.0,4192.0,4192.0,648.0,-2.0,Unknown,,,,,,1:09:50,AJ Bell 2021 World Triathlon Para Series Leeds,False,False,False,False,False,False,False,False,False
152698,452755,58157,Daniel Molina,Spain,DNF,,00:10:46,00:02:25,00:43:02,00:00:00,00:00:00,DNF,PTS3 Men,,AJ Bell 2021 World Triathlon Para Series Leeds,2021-06-05,World Para Series,,,,,,,,,,,,,False,,,,,,,Unknown,,,,,,,AJ Bell 2021 World Triathlon Para Series Leeds,False,False,False,False,False,False,False,False,False
154584,453931,133006,Nico Van Der Burgt,Netherlands,FINISH,1.0,00:10:32,00:01:37,00:37:58,00:01:52,00:23:06,01:15:07,PTS3 Men,,2021 World Triathlon Para Cup Besancon,2021-06-13,World Para Cup,,,,632.0,97.0,2278.0,112.0,1386.0,4507.0,,,,False,632.0,4507.0,4505.0,4505.0,632.0,2.0,Unknown,,,,,,1:15:07,2021 World Triathlon Para Cup Besancon,False,False,False,False,False,False,False,False,False
154586,453961,58157,Daniel Molina,Spain,FINISH,1.0,00:10:45,00:01:28,00:38:28,00:01:59,00:19:39,01:12:20,PTS3 Men,,2021 World Triathlon Para Cup A Coruna,2021-06-20,World Para Cup,,,,645.0,88.0,2308.0,119.0,1179.0,4340.0,,,,False,645.0,4340.0,4339.0,4339.0,645.0,1.0,Unknown,,,,,,1:12:20,2021 World Triathlon Para Cup A Coruna,False,False,False,False,False,False,False,False,False
162511,526350,133006,Nico Van Der Burgt,Netherlands,FINISH,3.0,00:11:31,00:01:44,00:31:41,00:01:28,00:23:28,01:09:50,PTS3 Men,,2021 World Triathlon Para Championships Abu Dhabi,2021-11-05,World Championships,,,,691.0,104.0,1901.0,88.0,1408.0,4190.0,,,,False,691.0,4190.0,4192.0,4192.0,691.0,-2.0,Unknown,,,,,,1:09:50,2021 World Triathlon Para Championships Abu Dhabi,False,False,False,False,False,False,False,False,False
162511,526350,58157,Daniel Molina,Spain,FINISH,2.0,00:11:06,00:01:57,00:34:14,00:01:40,00:20:20,01:09:15,PTS3 Men,,2021 World Triathlon Para Championships Abu Dhabi,2021-11-05,World Championships,,,,666.0,117.0,2054.0,100.0,1220.0,4155.0,,,,False,666.0,4155.0,4157.0,4157.0,666.0,-2.0,Unknown,,,,,,1:09:15,2021 World Triathlon Para Championships Abu Dhabi,False,False,False,False,False,False,False,False,False
163473,545481,133006,Nico Van Der Burgt,Netherlands,DNS,,00:00:00,00:00:00,00:00:00,00:00:00,00:00:00,DNS,PTS3 Men,sprint,2022 World Triathlon Para Cup Besancon,2022-06-11,World Para Cup,,,,,,,,,,,,,False,,,,,,,Sprint,,,,,,,2022 World Triathlon Para Cup Besancon,False,False,False,False,False,False,False,False,False
163473,545481,141553,Cedric Denuziere,France,FINISH,3.0,00:14:18,00:01:57,00:41:36,00:02:35,00:25:26,01:25:55,PTS3 Men,sprint,2022 World Triathlon Para Cup Besancon,2022-06-11,World Para Cup,,,,858.0,117.0,2496.0,155.0,1526.0,5155.0,,,,False,858.0,5155.0,5152.0,5152.0,858.0,3.0,Sprint,,,,,,1:25:55,2022 World Triathlon Para Cup Besancon,False,False,False,False,False,False,False,False,False
163485,545437,58157,Daniel Molina,Spain,FINISH,1.0,00:11:38,00:01:34,00:34:58,00:03:59,00:20:13,01:12:24,PTS3 Men,sprint,2022 World Triathlon Para Cup A Coruna,2022-06-19,World Para Cup,750.0,20800.0,5050.0,698.0,94.0,2098.0,239.0,1213.0,4344.0,,,,False,698.0,4344.0,4342.0,4342.0,698.0,2.0,Sprint,93.06666666666666,100.86538461538461,240.1980198019802,35.69113441372736,22.177435881792185,1:12:24,2022 World Triathlon Para Cup A Coruna,False,False,False,False,False,False,False,False,False
163485,545437,141553,Cedric Denuziere,France,FINISH,3.0,00:16:39,00:01:34,00:41:35,00:01:35,00:23:23,01:24:48,PTS3 Men,sprint,2022 World Triathlon Para Cup A Coruna,2022-06-19,World Para Cup,750.0,20800.0,5050.0,999.0,94.0,2495.0,95.0,1403.0,5088.0,,,,False,999.0,5088.0,5086.0,5086.0,999.0,2.0,Sprint,133.2,119.95192307692307,277.82178217821786,30.012024048096194,18.64860139478958,1:24:48,2022 World Triathlon Para Cup A Coruna,False,False,False,False,False,False,False,False,False
166221,553010,133006,Nico Van Der Burgt,Netherlands,DSQ,,00:11:07,00:01:38,00:36:49,00:00:56,00:21:59,DSQ,PTS3 Men,Sprint,2022 World Triathlon Para Series Montreal,2022-07-08,World Para Series,750.0,22500.0,5000.0,,,,,,,,,,False,,,,,,,Sprint,,,,,,,2022 World Triathlon Para Series Montreal,False,False,False,False,False,False,False,False,False
166221,553010,143430,Christopher Marston,United States,FINISH,3.0,00:14:47,00:01:51,00:39:46,00:00:44,00:21:27,01:18:32,PTS3 Men,Sprint,2022 World Triathlon Para Series Montreal,2022-07-08,World Para Series,750.0,22500.0,5000.0,887.0,111.0,2386.0,44.0,1287.0,4712.0,,,,False,887.0,4712.0,4715.0,4715.0,887.0,-3.0,Sprint,118.26666666666667,106.04444444444445,257.4,33.94803017602682,21.09432145850796,1:18:32,2022 World Triathlon Para Series Montreal,False,False,False,False,False,False,False,False,False
166221,553010,141553,Cedric Denuziere,France,FINISH,2.0,00:13:58,00:01:07,00:37:51,00:01:13,00:23:15,01:17:22,PTS3 Men,Sprint,2022 World Triathlon Para Series Montreal,2022-07-08,World Para Series,750.0,22500.0,5000.0,838.0,67.0,2271.0,73.0,1395.0,4642.0,,,,False,838.0,4642.0,4644.0,4644.0,838.0,-2.0,Sprint,111.73333333333333,100.93333333333334,279.0,35.667107001321,22.162505944517832,1:17:22,2022 World Triathlon Para Series Montreal,False,False,False,False,False,False,False,False,False
163477,546891,58157,Daniel Molina,Spain,FINISH,2.0,00:10:32,00:01:43,00:41:24,00:00:57,00:19:17,01:13:50,PTS3 Men,sprint,2022 World Triathlon Para Series Swansea,2022-08-06,World Para Series,750.0,19500.0,5000.0,632.0,103.0,2484.0,57.0,1157.0,4430.0,,,,False,632.0,4430.0,4433.0,4433.0,632.0,-3.0,Sprint,84.26666666666667,127.38461538461539,231.4,28.260869565217394,17.560484782608697,1:13:50,2022 World Triathlon Para Series Swansea,False,False,False,False,False,False,False,False,False
163477,546891,141553,Cedric Denuziere,France,FINISH,4.0,00:14:16,00:01:45,00:35:27,00:01:26,00:24:02,01:16:53,PTS3 Men,sprint,2022 World Triathlon Para Series Swansea,2022-08-06,World Para Series,750.0,19500.0,5000.0,856.0,105.0,2127.0,86.0,1442.0,4613.0,,,,False,856.0,4613.0,4616.0,4616.0,856.0,-3.0,Sprint,114.13333333333334,109.07692307692308,288.4,33.00423131170663,20.507872214386463,1:16:53,2022 World Triathlon Para Series Swansea,False,False,False,False,False,False,False,False,False
163477,546891,133006,Nico Van Der Burgt,Netherlands,FINISH,1.0,00:10:52,00:01:34,00:33:32,00:00:56,00:21:26,01:08:19,PTS3 Men,sprint,2022 World Triathlon Para Series Swansea,2022-08-06,World Para Series,750.0,19500.0,5000.0,652.0,94.0,2012.0,56.0,1286.0,4099.0,,,,False,652.0,4099.0,4100.0,4100.0,652.0,-1.0,Sprint,86.93333333333334,103.17948717948718,257.2,34.89065606361829,21.68004184890656,1:08:19,2022 World Triathlon Para Series Swansea,False,False,False,False,False,False,False,False,False
163477,546891,98284,Max Gelhaar,Germany,FINISH,5.0,00:12:07,00:01:57,00:39:19,00:01:06,00:25:51,01:20:18,PTS3 Men,sprint,2022 World Triathlon Para Series Swansea,2022-08-06,World Para Series,750.0,19500.0,5000.0,727.0,117.0,2359.0,66.0,1551.0,4818.0,,,,False,727.0,4818.0,4820.0,4820.0,727.0,-2.0,Sprint,96.93333333333334,120.97435897435898,310.2,29.758372191606615,18.490989487070795,1:20:18,2022 World Triathlon Para Series Swansea,False,False,False,False,False,False,False,False,False
165397,550693,58157,Daniel Molina,Spain,FINISH,1.0,00:14:25,00:01:29,00:32:39,00:01:11,00:19:58,01:09:42,PTS3 Men,,2022 World Triathlon Para Cup Alhandra,2022-09-03,World Para Cup,,,,865.0,89.0,1959.0,71.0,1198.0,4182.0,,,,False,865.0,4182.0,4182.0,4182.0,865.0,0.0,Unknown,,,,,,1:09:42,2022 World Triathlon Para Cup Alhandra,False,False,False,False,False,False,False,False,False
165397,550693,141553,Cedric Denuziere,France,FINISH,5.0,00:24:23,00:01:31,00:34:16,00:01:25,00:23:16,01:24:51,PTS3 Men,,2022 World Triathlon Para Cup Alhandra,2022-09-03,World Para Cup,,,,1463.0,91.0,2056.0,85.0,1396.0,5091.0,,,,False,1463.0,5091.0,5091.0,5091.0,1463.0,0.0,Unknown,,,,,,1:24:51,2022 World Triathlon Para Cup Alhandra,False,False,False,False,False,False,False,False,False
165397,550693,133006,Nico Van Der Burgt,Netherlands,FINISH,2.0,00:15:08,00:01:05,00:32:21,00:00:00,00:00:00,01:11:24,PTS3 Men,,2022 World Triathlon Para Cup Alhandra,2022-09-03,World Para Cup,,,,908.0,65.0,1941.0,,,4284.0,,,,False,908.0,4284.0,,,908.0,,Unknown,,,,,,1:11:24,2022 World Triathlon Para Cup Alhandra,False,False,False,False,False,False,False,False,False
165397,550693,98284,Max Gelhaar,Germany,FINISH,3.0,00:18:28,00:01:24,00:35:19,00:01:02,00:23:40,01:19:53,PTS3 Men,,2022 World Triathlon Para Cup Alhandra,2022-09-03,World Para Cup,,,,1108.0,84.0,2119.0,62.0,1420.0,4793.0,,,,False,1108.0,4793.0,4793.0,4793.0,1108.0,0.0,Unknown,,,,,,1:19:53,2022 World Triathlon Para Cup Alhandra,False,False,False,False,False,False,False,False,False
164701,550717,98284,Max Gelhaar,Germany,FINISH,3.0,00:12:33,00:01:25,00:36:06,00:01:00,00:24:33,01:15:36,PTS3 Men,sprint,2022 World Triathlon Para Cup Alanya,2022-10-15,World Para Cup,,,,753.0,85.0,2166.0,60.0,1473.0,4536.0,,,,False,753.0,4536.0,4537.0,4537.0,753.0,-1.0,Sprint,,,,,,1:15:36,2022 World Triathlon Para Cup Alanya,False,False,False,False,False,False,False,False,False
164701,550717,141553,Cedric Denuziere,France,FINISH,5.0,00:14:49,00:01:26,00:37:16,00:01:02,00:24:03,01:18:33,PTS3 Men,sprint,2022 World Triathlon Para Cup Alanya,2022-10-15,World Para Cup,,,,889.0,86.0,2236.0,62.0,1443.0,4713.0,,,,False,889.0,4713.0,4716.0,4716.0,889.0,-3.0,Sprint,,,,,,1:18:33,2022 World Triathlon Para Cup Alanya,False,False,False,False,False,False,False,False,False
164701,550717,58157,Daniel Molina,Spain,FINISH,1.0,00:11:49,00:01:47,00:35:27,00:01:02,00:20:48,01:10:51,PTS3 Men,sprint,2022 World Triathlon Para Cup Alanya,2022-10-15,World Para Cup,,,,709.0,107.0,2127.0,62.0,1248.0,4251.0,,,,False,709.0,4251.0,4253.0,4253.0,709.0,-2.0,Sprint,,,,,,1:10:51,2022 World Triathlon Para Cup Alanya,False,False,False,False,False,False,False,False,False
184628,560526,133006,Nico Van Der Burgt,Netherlands,FINISH,2.0,00:10:56,00:01:53,00:34:21,00:01:11,00:22:34,01:10:53,PTS3 Men,sprint,2022 World Triathlon Para Championships Abu Dhabi,2022-11-24,World Championships,750.0,20002.0,5000.0,656.0,113.0,2061.0,71.0,1354.0,4253.0,,,,False,656.0,4253.0,4255.0,4255.0,656.0,-2.0,Sprint,87.46666666666667,103.03969603039697,270.8,34.93799126637554,21.709454571179037,1:10:53,2022 World Triathlon Para Championships Abu Dhabi,False,False,False,False,False,False,False,False,False
184628,560526,58157,Daniel Molina,Spain,FINISH,1.0,00:10:49,00:01:46,00:34:41,00:01:26,00:21:56,01:10:35,PTS3 Men,sprint,2022 World Triathlon Para Championships Abu Dhabi,2022-11-24,World Championships,750.0,20002.0,5000.0,649.0,106.0,2081.0,86.0,1316.0,4235.0,,,,False,649.0,4235.0,4238.0,4238.0,649.0,-3.0,Sprint,86.53333333333333,104.03959604039596,263.2,34.60221047573282,21.500810125516576,1:10:35,2022 World Triathlon Para Championships Abu Dhabi,False,False,False,False,False,False,False,False,False
184628,560526,98284,Max Gelhaar,Germany,FINISH,3.0,00:11:32,00:01:50,00:35:14,00:01:11,00:23:24,01:13:10,PTS3 Men,sprint,2022 World Triathlon Para Championships Abu Dhabi,2022-11-24,World Championships,750.0,20002.0,5000.0,692.0,110.0,2114.0,71.0,1404.0,4390.0,,,,False,692.0,4390.0,4391.0,4391.0,692.0,-1.0,Sprint,92.26666666666667,105.68943105689432,280.8,34.062062440870385,21.165177800946072,1:13:10,2022 World Triathlon Para Championships Abu Dhabi,False,False,False,False,False,False,False,False,False
184628,560526,143430,Christopher Marston,United States,FINISH,8.0,00:16:12,00:02:21,00:37:32,00:01:12,00:22:46,01:20:00,PTS3 Men,sprint,2022 World Triathlon Para Championships Abu Dhabi,2022-11-24,World Championships,750.0,20002.0,5000.0,972.0,141.0,2252.0,72.0,1366.0,4800.0,,,,False,972.0,4800.0,4803.0,4803.0,972.0,-3.0,Sprint,129.6,112.58874112588742,273.2,31.974777975133215,19.8681997651865,1:20:00,2022 World Triathlon Para Championships Abu Dhabi,False,False,False,False,False,False,False,False,False
171973,576171,98284,Max Gelhaar,Germany,FINISH,1.0,00:11:36,00:01:40,00:31:49,00:01:27,00:21:25,01:07:57,PTS3 Men,sprint,2023 World Triathlon Para Series Yokohama,2023-05-13,World Para Series,750.0,20000.0,4980.0,696.0,100.0,1909.0,87.0,1285.0,4077.0,,,,False,696.0,4077.0,4077.0,4077.0,696.0,0.0,Sprint,92.8,95.45,258.0321285140562,37.71608171817706,23.435679413305397,1:07:57,2023 World Triathlon Para Series Yokohama,False,False,False,False,False,False,False,False,False
171981,576239,98284,Max Gelhaar,Germany,FINISH,1.0,00:11:58,00:01:26,00:38:11,00:02:00,00:23:13,01:16:50,PTS3 Men,sprint,2023 World Triathlon Para Cup Besancon,2023-06-17,World Para Cup,750.0,20000.0,5000.0,718.0,86.0,2291.0,120.0,1393.0,4610.0,,,,False,718.0,4610.0,4608.0,4608.0,718.0,2.0,Sprint,95.73333333333333,114.55,278.6,31.42732431252728,19.52802793539939,1:16:50,2023 World Triathlon Para Cup Besancon,False,False,False,False,False,False,False,False,False
171981,576239,141553,Cedric Denuziere,France,FINISH,3.0,00:13:26,00:01:26,00:39:11,00:02:34,00:24:03,01:20:42,PTS3 Men,sprint,2023 World Triathlon Para Cup Besancon,2023-06-17,World Para Cup,750.0,20000.0,5000.0,806.0,86.0,2351.0,154.0,1443.0,4842.0,,,,False,806.0,4842.0,4840.0,4840.0,806.0,2.0,Sprint,107.46666666666667,117.55,288.6,30.625265844321568,19.029652062951936,1:20:42,2023 World Triathlon Para Cup Besancon,False,False,False,False,False,False,False,False,False
171981,576239,180049,Henry Urand,Great Britain,FINISH,6.0,00:21:23,00:01:30,00:38:25,00:01:45,00:23:15,01:26:19,PTS3 Men,sprint,2023 World Triathlon Para Cup Besancon,2023-06-17,World Para Cup,750.0,20000.0,5000.0,1283.0,90.0,2305.0,105.0,1395.0,5179.0,,,,False,1283.0,5179.0,5178.0,5178.0,1283.0,1.0,Sprint,171.06666666666666,115.25,279.0,31.236442516268983,19.409419522776574,1:26:19,2023 World Triathlon Para Cup Besancon,False,False,False,False,False,False,False,False,False
171981,576239,133006,Nico Van Der Burgt,Netherlands,FINISH,2.0,00:12:29,00:01:22,00:39:09,00:01:48,00:22:57,01:17:48,PTS3 Men,sprint,2023 World Triathlon Para Cup Besancon,2023-06-17,World Para Cup,750.0,20000.0,5000.0,749.0,82.0,2349.0,108.0,1377.0,4668.0,,,,False,749.0,4668.0,4665.0,4665.0,749.0,3.0,Sprint,99.86666666666666,117.45,275.4,30.651340996168585,19.04585440613027,1:17:48,2023 World Triathlon Para Cup Besancon,False,False,False,False,False,False,False,False,False
171982,576220,58157,Daniel Molina,Spain,FINISH,1.0,00:11:20,00:01:26,00:37:11,00:02:22,00:20:55,01:13:16,PTS3 Men,sprint,2023 World Triathlon Para Cup A Coruna,2023-07-01,World Para Cup,750.0,20800.0,5000.0,680.0,86.0,2231.0,142.0,1255.0,4396.0,,,,False,680.0,4396.0,4394.0,4394.0,680.0,2.0,Sprint,90.66666666666667,107.25961538461539,251.0,33.56342447333035,20.855338628417755,1:13:16,2023 World Triathlon Para Cup A Coruna,False,False,False,False,False,False,False,False,False
174960,589239,141553,Cedric Denuziere,France,FINISH,2.0,00:13:34,00:00:48,00:33:38,00:01:35,00:23:04,01:12:39,PTS3 Men,sprint,2023 World Triathlon Para Series Montreal,2023-07-08,World Para Series,773.0,20200.0,5000.0,814.0,48.0,2018.0,95.0,1384.0,4359.0,,,,False,814.0,4359.0,4359.0,4359.0,814.0,0.0,Sprint,105.30401034928848,99.9009900990099,276.8,36.03567888999009,22.39152582755203,1:12:39,2023 World Triathlon Para Series Montreal,False,False,False,False,False,False,False,False,False
174960,589239,133006,Nico Van Der Burgt,Netherlands,FINISH,1.0,00:12:32,00:00:41,00:34:20,00:01:11,00:22:42,01:11:26,PTS3 Men,sprint,2023 World Triathlon Para Series Montreal,2023-07-08,World Para Series,773.0,20200.0,5000.0,752.0,41.0,2060.0,71.0,1362.0,4286.0,,,,False,752.0,4286.0,4286.0,4286.0,752.0,0.0,Sprint,97.28331177231564,101.98019801980199,272.4,35.30097087378641,21.934999572815535,1:11:26,2023 World Triathlon Para Series Montreal,False,False,False,False,False,False,False,False,False
171976,582592,141553,Cedric Denuziere,France,FINISH,4.0,00:13:00,00:02:34,n/a,n/a,00:22:17,00:37:51,PTS3 Men,sprint,2023 World Triathlon Para Series Swansea,2023-07-15,World Para Series,750.0,,5000.0,780.0,154.0,,,1337.0,2271.0,,,,False,780.0,2271.0,,,780.0,,Sprint,104.0,,267.4,,,37:51,2023 World Triathlon Para Series Swansea,False,False,False,False,False,False,False,False,False
171976,582592,58157,Daniel Molina,Spain,FINISH,1.0,00:10:28,00:01:51,n/a,n/a,00:20:11,00:32:29,PTS3 Men,sprint,2023 World Triathlon Para Series Swansea,2023-07-15,World Para Series,750.0,,5000.0,628.0,111.0,,,1211.0,1949.0,,,,False,628.0,1949.0,,,628.0,,Sprint,83.73333333333333,,242.2,,,32:29,2023 World Triathlon Para Series Swansea,False,False,False,False,False,False,False,False,False
171976,582592,98284,Max Gelhaar,Germany,FINISH,3.0,00:11:41,00:01:53,n/a,n/a,00:22:08,00:35:41,PTS3 Men,sprint,2023 World Triathlon Para Series Swansea,2023-07-15,World Para Series,750.0,,5000.0,701.0,113.0,,,1328.0,2141.0,,,,False,701.0,2141.0,,,701.0,,Sprint,93.46666666666667,,265.6,,,35:41,2023 World Triathlon Para Series Swansea,False,False,False,False,False,False,False,False,False
171976,582592,133006,Nico Van Der Burgt,Netherlands,FINISH,2.0,00:10:36,00:02:04,n/a,n/a,00:21:46,00:34:26,PTS3 Men,sprint,2023 World Triathlon Para Series Swansea,2023-07-15,World Para Series,750.0,,5000.0,636.0,124.0,,,1306.0,2066.0,,,,False,636.0,2066.0,,,636.0,,Sprint,84.8,,261.2,,,34:26,2023 World Triathlon Para Series Swansea,False,False,False,False,False,False,False,False,False
171976,582592,180049,Henry Urand,Great Britain,FINISH,8.0,00:19:47,00:01:30,n/a,n/a,00:20:16,00:41:33,PTS3 Men,sprint,2023 World Triathlon Para Series Swansea,2023-07-15,World Para Series,750.0,,5000.0,1187.0,90.0,,,1216.0,2493.0,,,,False,1187.0,2493.0,,,1187.0,,Sprint,158.26666666666668,,243.2,,,41:33,2023 World Triathlon Para Series Swansea,False,False,False,False,False,False,False,False,False
172816,582634,58157,Daniel Molina,Spain,FINISH,1.0,00:09:30,00:00:41,00:33:41,00:01:04,00:20:37,01:05:32,PTS3 Men,sprint,2023 World Triathlon Para Cup Paris,2023-08-19,World Para Cup,,18500.0,,570.0,41.0,2021.0,64.0,1237.0,3932.0,,,,False,570.0,3932.0,3933.0,3933.0,570.0,-1.0,Sprint,,109.24324324324324,,32.953983176645224,20.47664948045522,1:05:32,2023 World Triathlon Para Cup Paris,False,False,False,False,False,False,False,False,False
172816,582634,141553,Cedric Denuziere,France,FINISH,2.0,00:10:43,00:00:48,00:31:45,00:00:59,00:21:34,01:05:49,PTS3 Men,sprint,2023 World Triathlon Para Cup Paris,2023-08-19,World Para Cup,,18500.0,,643.0,48.0,1905.0,59.0,1294.0,3949.0,,,,False,643.0,3949.0,3949.0,3949.0,643.0,0.0,Sprint,,102.97297297297297,,34.960629921259844,21.72352157480315,1:05:49,2023 World Triathlon Para Cup Paris,False,False,False,False,False,False,False,False,False
172816,582634,133006,Nico Van Der Burgt,Netherlands,FINISH,3.0,00:10:14,00:00:43,00:33:55,00:00:58,00:21:25,01:07:14,PTS3 Men,sprint,2023 World Triathlon Para Cup Paris,2023-08-19,World Para Cup,,18500.0,,614.0,43.0,2035.0,58.0,1285.0,4034.0,,,,False,614.0,4034.0,4035.0,4035.0,614.0,-1.0,Sprint,,110.0,,32.72727272727273,20.33577818181818,1:07:14,2023 World Triathlon Para Cup Paris,False,False,False,False,False,False,False,False,False
173746,582716,98284,Max Gelhaar,Germany,FINISH,2.0,00:11:08,00:01:39,00:32:30,00:01:21,00:21:02,01:07:38,PTS3 Men,sprint,2023 World Triathlon Para Championships Pontevedra,2023-09-22,World Championships,750.0,19600.0,5000.0,668.0,99.0,1950.0,81.0,1262.0,4058.0,,,,False,668.0,4058.0,4060.0,4060.0,668.0,-2.0,Sprint,89.06666666666666,99.48979591836734,252.4,36.18461538461539,22.48407064615385,1:07:38,2023 World Triathlon Para Championships Pontevedra,False,False,False,False,False,False,False,False,False
173746,582716,141553,Cedric Denuziere,France,FINISH,3.0,00:12:12,00:01:24,00:33:06,00:01:30,00:21:30,01:09:40,PTS3 Men,sprint,2023 World Triathlon Para Championships Pontevedra,2023-09-22,World Championships,750.0,19600.0,5000.0,732.0,84.0,1986.0,90.0,1290.0,4180.0,,,,False,732.0,4180.0,4182.0,4182.0,732.0,-2.0,Sprint,97.6,101.3265306122449,258.0,35.52870090634442,22.076504410876137,1:09:40,2023 World Triathlon Para Championships Pontevedra,False,False,False,False,False,False,False,False,False
173746,582716,133006,Nico Van Der Burgt,Netherlands,FINISH,4.0,00:10:35,00:01:32,00:37:20,00:01:16,00:21:40,01:12:20,PTS3 Men,sprint,2023 World Triathlon Para Championships Pontevedra,2023-09-22,World Championships,750.0,19600.0,5000.0,635.0,92.0,2240.0,76.0,1300.0,4340.0,,,,False,635.0,4340.0,4343.0,4343.0,635.0,-3.0,Sprint,84.66666666666667,114.28571428571428,260.0,31.500000000000004,19.573186500000002,1:12:20,2023 World Triathlon Para Championships Pontevedra,False,False,False,False,False,False,False,False,False
173746,582716,58157,Daniel Molina,Spain,FINISH,1.0,00:10:30,00:01:36,00:33:41,00:01:03,00:20:06,01:06:53,PTS3 Men,sprint,2023 World Triathlon Para Championships Pontevedra,2023-09-22,World Championships,750.0,19600.0,5000.0,630.0,96.0,2021.0,63.0,1206.0,4013.0,,,,False,630.0,4013.0,4016.0,4016.0,630.0,-3.0,Sprint,84.0,103.11224489795917,241.2,34.91340920336467,21.69417999010391,1:06:53,2023 World Triathlon Para Championships Pontevedra,False,False,False,False,False,False,False,False,False
175735,596438,98284,Max Gelhaar,Germany,FINISH,1.0,00:10:25,00:00:00,00:00:00,00:00:00,00:21:19,01:05:41,PTS3 Men,sprint,2023 World Triathlon Para Cup Alhandra,2023-10-07,World Para Cup,750.0,19950.0,4930.0,625.0,,,,1279.0,3941.0,,,,False,625.0,3941.0,,,625.0,,Sprint,83.33333333333333,,259.4320486815416,,,1:05:41,2023 World Triathlon Para Cup Alhandra,False,False,False,False,False,False,False,False,False
175735,596438,180049,Henry Urand,Great Britain,FINISH,2.0,00:13:49,00:01:07,00:32:10,00:00:00,00:20:43,01:07:49,PTS3 Men,sprint,2023 World Triathlon Para Cup Alhandra,2023-10-07,World Para Cup,750.0,19950.0,4930.0,829.0,67.0,1930.0,,1243.0,4069.0,,,,False,829.0,4069.0,,,829.0,,Sprint,110.53333333333333,96.74185463659148,252.12981744421907,37.21243523316062,23.122728093264246,1:07:49,2023 World Triathlon Para Cup Alhandra,False,False,False,False,False,False,False,False,False
183281,622226,141553,Cedric Denuziere,France,FINISH,3.0,00:13:03,00:01:22,00:36:18,00:01:14,00:19:05,01:11:04,PTS3 Men,sprint,2023 World Triathlon Para Cup Malaga,2023-10-21,World Para Cup,750.0,20000.0,5000.0,783.0,82.0,2178.0,74.0,1145.0,4264.0,,,,False,783.0,4264.0,4262.0,4262.0,783.0,2.0,Sprint,104.4,108.9,229.0,33.057851239669425,20.54119008264463,1:11:04,2023 World Triathlon Para Cup Malaga,False,False,False,False,False,False,False,False,False
183281,622226,133006,Nico Van Der Burgt,Netherlands,FINISH,2.0,00:11:14,00:01:39,00:37:24,00:00:54,00:19:18,01:10:31,PTS3 Men,sprint,2023 World Triathlon Para Cup Malaga,2023-10-21,World Para Cup,750.0,20000.0,5000.0,674.0,99.0,2244.0,54.0,1158.0,4231.0,,,,False,674.0,4231.0,4229.0,4229.0,674.0,2.0,Sprint,89.86666666666666,112.2,231.6,32.0855614973262,19.93703743315508,1:10:31,2023 World Triathlon Para Cup Malaga,False,False,False,False,False,False,False,False,False
183281,622226,58157,Daniel Molina,Spain,FINISH,1.0,00:11:00,00:01:33,00:37:45,00:00:57,00:17:30,01:08:46,PTS3 Men,sprint,2023 World Triathlon Para Cup Malaga,2023-10-21,World Para Cup,750.0,20000.0,5000.0,660.0,93.0,2265.0,57.0,1050.0,4126.0,,,,False,660.0,4126.0,4125.0,4125.0,660.0,1.0,Sprint,88.0,113.25,210.0,31.788079470198678,19.752190728476823,1:08:46,2023 World Triathlon Para Cup Malaga,False,False,False,False,False,False,False,False,False
183281,622226,180049,Henry Urand,Great Britain,FINISH,4.0,00:16:04,00:01:17,00:36:38,00:01:09,00:17:49,01:12:59,PTS3 Men,sprint,2023 World Triathlon Para Cup Malaga,2023-10-21,World Para Cup,750.0,20000.0,5000.0,964.0,77.0,2198.0,69.0,1069.0,4379.0,,,,False,964.0,4379.0,4377.0,4377.0,964.0,2.0,Sprint,128.53333333333333,109.9,213.8,32.75705186533212,20.354282074613288,1:12:59,2023 World Triathlon Para Cup Malaga,False,False,False,False,False,False,False,False,False
183649,624263,180049,Henry Urand,Great Britain,FINISH,1.0,00:15:02,00:01:07,00:35:58,00:00:55,00:20:41,01:13:45,PTS3 Men,sprint,2023 World Triathlon Para Cup Taranto,2023-10-29,World Para Cup,750.0,21000.0,5000.0,902.0,67.0,2158.0,55.0,1241.0,4425.0,,,,False,902.0,4425.0,4423.0,4423.0,902.0,2.0,Sprint,120.26666666666667,102.76190476190476,248.2,35.032437442075995,21.768140685820203,1:13:45,2023 World Triathlon Para Cup Taranto,False,False,False,False,False,False,False,False,False
183780,628080,133006,Nico Van Der Burgt,Netherlands,FINISH,1.0,00:11:10,00:01:36,00:36:16,00:01:31,00:21:01,01:11:36,PTS3 Men,sprint,2024 World Triathlon Para Series Devonport,2024-03-15,World Para Series,750.0,20000.0,5000.0,670.0,96.0,2176.0,91.0,1261.0,4296.0,,,,False,670.0,4296.0,4294.0,4294.0,670.0,2.0,Sprint,89.33333333333333,108.8,252.2,33.088235294117645,20.560069852941176,1:11:36,2024 World Triathlon Para Series Devonport,False,False,False,False,False,False,False,False,False
183780,628080,180049,Henry Urand,Great Britain,FINISH,2.0,00:14:39,00:01:15,00:35:22,00:01:37,00:20:34,01:13:29,PTS3 Men,sprint,2024 World Triathlon Para Series Devonport,2024-03-15,World Para Series,750.0,20000.0,5000.0,879.0,75.0,2122.0,97.0,1234.0,4409.0,,,,False,879.0,4409.0,4407.0,4407.0,879.0,2.0,Sprint,117.2,106.1,246.8,33.93025447690858,21.083276154571163,1:13:29,2024 World Triathlon Para Series Devonport,False,False,False,False,False,False,False,False,False
185647,631961,180049,Henry Urand,Great Britain,FINISH,2.0,00:14:23,00:01:37,00:35:08,00:01:08,00:19:09,01:11:23,PTS3 Men,sprint,2024 World Triathlon Para Cup Yenisehir,2024-04-21,World Para Cup,750.0,20300.0,5000.0,863.0,97.0,2108.0,68.0,1149.0,4283.0,,,,False,863.0,4283.0,4285.0,4285.0,863.0,-2.0,Sprint,115.06666666666666,103.8423645320197,229.8,34.66793168880455,21.54164738140417,1:11:23,2024 World Triathlon Para Cup Yenisehir,False,False,False,False,False,False,False,False,False
183782,631782,98284,Max Gelhaar,Germany,FINISH,1.0,00:11:20,00:01:18,00:29:05,00:01:05,00:20:26,01:03:14,PTS3 Men,sprint,2024 World Triathlon Para Cup Samarkand,2024-05-18,World Para Cup,750.0,19000.0,5000.0,680.0,78.0,1745.0,65.0,1226.0,3794.0,,,,False,680.0,3794.0,3794.0,3794.0,680.0,0.0,Sprint,90.66666666666667,91.84210526315789,245.2,39.19770773638969,24.356318853868196,1:03:14,2024 World Triathlon Para Cup Samarkand,False,False,False,False,False,False,False,False,False
183783,634037,98284,Max Gelhaar,Germany,FINISH,1.0,00:11:32,00:01:37,00:37:07,00:01:23,00:20:14,01:11:55,PTS3 Men,sprint,2024 World Triathlon Para Cup Besancon,2024-06-15,World Para Cup,750.0,21340.0,5000.0,692.0,97.0,2227.0,83.0,1214.0,4315.0,,,,False,692.0,4315.0,4313.0,4313.0,692.0,2.0,Sprint,92.26666666666667,104.35801312089971,242.8,34.49663224068253,21.435206872025145,1:11:55,2024 World Triathlon Para Cup Besancon,False,False,False,False,False,False,False,False,False
183783,634037,141553,Cedric Denuziere,France,FINISH,2.0,00:11:44,00:01:38,00:37:56,00:01:18,00:21:35,01:14:12,PTS3 Men,sprint,2024 World Triathlon Para Cup Besancon,2024-06-15,World Para Cup,750.0,21340.0,5000.0,704.0,98.0,2276.0,78.0,1295.0,4452.0,,,,False,704.0,4452.0,4451.0,4451.0,704.0,1.0,Sprint,93.86666666666666,106.65417057169634,259.0,33.753954305799645,20.97372834094903,1:14:12,2024 World Triathlon Para Cup Besancon,False,False,False,False,False,False,False,False,False
183784,634133,98284,Max Gelhaar,Germany,FINISH,1.0,00:10:47,00:02:01,00:35:17,00:01:03,00:19:34,01:08:45,PTS3 Men,sprint,2024 World Triathlon Para Series Swansea,2024-06-22,World Para Series,750.0,19480.0,5000.0,647.0,121.0,2117.0,63.0,1174.0,4125.0,,,,False,647.0,4125.0,4122.0,4122.0,647.0,3.0,Sprint,86.26666666666667,108.67556468172485,234.8,33.126121870571566,20.583611472838925,1:08:45,2024 World Triathlon Para Series Swansea,False,False,False,False,False,False,False,False,False
183784,634133,133006,Nico Van Der Burgt,Netherlands,FINISH,3.0,00:10:32,00:02:27,00:35:51,00:01:00,00:21:04,01:10:56,PTS3 Men,sprint,2024 World Triathlon Para Series Swansea,2024-06-22,World Para Series,750.0,19480.0,5000.0,632.0,147.0,2151.0,60.0,1264.0,4256.0,,,,False,632.0,4256.0,4254.0,4254.0,632.0,2.0,Sprint,84.26666666666667,110.42094455852155,252.8,32.60251046025105,20.25825452719665,1:10:56,2024 World Triathlon Para Series Swansea,False,False,False,False,False,False,False,False,False
183784,634133,58157,Daniel Molina,Spain,FINISH,2.0,00:10:34,00:02:05,00:37:32,00:00:51,00:19:23,01:10:27,PTS3 Men,sprint,2024 World Triathlon Para Series Swansea,2024-06-22,World Para Series,750.0,19480.0,5000.0,634.0,125.0,2252.0,51.0,1163.0,4227.0,,,,False,634.0,4227.0,4225.0,4225.0,634.0,2.0,Sprint,84.53333333333333,115.60574948665297,232.6,31.14031971580817,19.34969160213144,1:10:27,2024 World Triathlon Para Series Swansea,False,False,False,False,False,False,False,False,False
183785,634234,141553,Cedric Denuziere,France,FINISH,2.0,00:13:36,00:00:48,00:34:30,00:01:01,00:21:10,01:11:05,PTS3 Men,sprint,2024 World Triathlon Para Series Montreal,2024-06-29,World Para Series,760.0,20200.0,5000.0,816.0,48.0,2070.0,61.0,1270.0,4265.0,,,,False,816.0,4265.0,4265.0,4265.0,816.0,0.0,Sprint,107.36842105263159,102.47524752475248,254.0,35.130434782608695,21.829033391304346,1:11:05,2024 World Triathlon Para Series Montreal,False,False,False,False,False,False,False,False,False
183785,634234,180049,Henry Urand,Great Britain,FINISH,1.0,00:14:21,00:01:28,00:32:42,00:00:54,00:20:18,01:09:43,PTS3 Men,sprint,2024 World Triathlon Para Series Montreal,2024-06-29,World Para Series,760.0,20200.0,5000.0,861.0,88.0,1962.0,54.0,1218.0,4183.0,,,,False,861.0,4183.0,4183.0,4183.0,861.0,0.0,Sprint,113.28947368421053,97.12871287128714,243.6,37.064220183486235,23.030631559633026,1:09:43,2024 World Triathlon Para Series Montreal,False,False,False,False,False,False,False,False,False
163894,658394,133006,Nico Van Der Burgt,Netherlands,FINISH,3.0,00:11:26,00:01:29,00:34:00,00:00:58,00:21:31,01:09:24,PTS3 Men,sprint,Paris 2024 Paralympic Games,2024-09-02,Major Games,750.0,20000.0,5000.0,686.0,89.0,2040.0,58.0,1291.0,4164.0,,,,False,686.0,4164.0,4164.0,4164.0,686.0,0.0,Sprint,91.46666666666667,102.0,258.2,35.294117647058826,21.93074117647059,1:09:24,Paris 2024 Paralympic Games,False,False,False,False,False,False,False,False,False
163894,658394,180049,Henry Urand,Great Britain,FINISH,4.0,00:15:49,00:01:10,00:32:55,00:01:01,00:19:29,01:10:24,PTS3 Men,sprint,Paris 2024 Paralympic Games,2024-09-02,Major Games,750.0,20000.0,5000.0,949.0,70.0,1975.0,61.0,1169.0,4224.0,,,,False,949.0,4224.0,4224.0,4224.0,949.0,0.0,Sprint,126.53333333333333,98.75,233.8,36.45569620253164,22.652512405063288,1:10:24,Paris 2024 Paralympic Games,False,False,False,False,False,False,False,False,False
163894,658394,141553,Cedric Denuziere,France,FINISH,5.0,00:12:49,00:01:31,00:34:31,00:00:41,00:21:02,01:10:34,PTS3 Men,sprint,Paris 2024 Paralympic Games,2024-09-02,Major Games,750.0,20000.0,5000.0,769.0,91.0,2071.0,41.0,1262.0,4234.0,,,,False,769.0,4234.0,4234.0,4234.0,769.0,0.0,Sprint,102.53333333333333,103.55,252.4,34.76581361661033,21.60246837276678,1:10:34,Paris 2024 Paralympic Games,False,False,False,False,False,False,False,False,False
163894,658394,98284,Max Gelhaar,Germany,FINISH,2.0,00:11:44,00:01:24,00:33:41,00:00:59,00:20:55,01:08:43,PTS3 Men,sprint,Paris 2024 Paralympic Games,2024-09-02,Major Games,750.0,20000.0,5000.0,704.0,84.0,2021.0,59.0,1255.0,4123.0,,,,False,704.0,4123.0,4123.0,4123.0,704.0,0.0,Sprint,93.86666666666666,101.05,251.0,35.625927758535376,22.136918357248884,1:08:43,Paris 2024 Paralympic Games,False,False,False,False,False,False,False,False,False
163894,658394,58157,Daniel Molina,Spain,FINISH,1.0,00:11:22,00:01:23,00:34:51,00:01:03,00:19:26,01:08:05,PTS3 Men,sprint,Paris 2024 Paralympic Games,2024-09-02,Major Games,750.0,20000.0,5000.0,682.0,83.0,2091.0,63.0,1166.0,4085.0,,,,False,682.0,4085.0,4085.0,4085.0,682.0,0.0,Sprint,90.93333333333334,104.55,233.2,34.433285509325685,21.39584505021521,1:08:05,Paris 2024 Paralympic Games,False,False,False,False,False,False,False,False,False
183787,635478,180049,Henry Urand,Great Britain,FINISH,1.0,00:14:50,00:02:58,00:31:29,00:00:56,00:18:03,01:08:16,PTS3 Men,sprint,2024 World Triathlon Para Championships Torremolinos-Andalucia,2024-10-17,World Championships,750.0,19100.0,5000.0,890.0,178.0,1889.0,56.0,1083.0,4096.0,,,,False,890.0,4096.0,4096.0,4096.0,890.0,0.0,Sprint,118.66666666666667,98.90052356020942,216.6,36.400211752249874,22.618035976707258,1:08:16,2024 World Triathlon Para Championships Torremolinos-Andalucia,False,False,False,False,False,False,False,False,False
183787,635478,58157,Daniel Molina,Spain,FINISH,2.0,00:11:30,00:03:23,00:34:07,00:01:20,00:18:47,01:09:06,PTS3 Men,sprint,2024 World Triathlon Para Championships Torremolinos-Andalucia,2024-10-17,World Championships,750.0,19100.0,5000.0,690.0,203.0,2047.0,80.0,1127.0,4146.0,,,,False,690.0,4146.0,4147.0,4147.0,690.0,-1.0,Sprint,92.0,107.17277486910994,225.4,33.59062042012702,20.872237401074745,1:09:06,2024 World Triathlon Para Championships Torremolinos-Andalucia,False,False,False,False,False,False,False,False,False
183787,635478,98284,Max Gelhaar,Germany,FINISH,3.0,00:12:01,00:03:13,00:33:06,00:01:05,00:20:25,01:09:51,PTS3 Men,sprint,2024 World Triathlon Para Championships Torremolinos-Andalucia,2024-10-17,World Championships,750.0,19100.0,5000.0,721.0,193.0,1986.0,65.0,1225.0,4191.0,,,,False,721.0,4191.0,4190.0,4190.0,721.0,1.0,Sprint,96.13333333333334,103.97905759162303,245.0,34.62235649546828,21.51332827794562,1:09:51,2024 World Triathlon Para Championships Torremolinos-Andalucia,False,False,False,False,False,False,False,False,False
183787,635478,141553,Cedric Denuziere,France,FINISH,4.0,00:13:26,00:03:39,00:32:33,00:01:08,00:20:37,01:11:22,PTS3 Men,sprint,2024 World Triathlon Para Championships Torremolinos-Andalucia,2024-10-17,World Championships,750.0,19100.0,5000.0,806.0,219.0,1953.0,68.0,1237.0,4282.0,,,,False,806.0,4282.0,4283.0,4283.0,806.0,-1.0,Sprint,107.46666666666667,102.25130890052355,247.4,35.2073732718894,21.87684073732719,1:11:22,2024 World Triathlon Para Championships Torremolinos-Andalucia,False,False,False,False,False,False,False,False,False
194191,674082,141553,Cedric Denuziere,France,FINISH,2.0,00:11:55,00:01:54,00:35:41,00:01:19,00:20:49,01:11:38,PTS3 Men,sprint,2025 World Triathlon Para Series Yokohama,2025-05-17,World Para Series,750.0,21220.0,5000.0,715.0,114.0,2141.0,79.0,1249.0,4298.0,,,,False,715.0,4298.0,4298.0,4298.0,715.0,0.0,Sprint,95.33333333333333,100.89538171536287,249.8,35.680523120037364,22.170842331620737,1:11:38,2025 World Triathlon Para Series Yokohama,False,False,False,False,False,False,False,False,False
194191,674082,98284,Max Gelhaar,Germany,FINISH,1.0,00:11:14,00:01:40,00:35:37,00:01:11,00:20:07,01:09:49,PTS3 Men,sprint,2025 World Triathlon Para Series Yokohama,2025-05-17,World Para Series,750.0,21220.0,5000.0,674.0,100.0,2137.0,71.0,1207.0,4189.0,,,,False,674.0,4189.0,4189.0,4189.0,674.0,0.0,Sprint,89.86666666666666,100.70688030160227,241.4,35.747309312119796,22.21234133458119,1:09:49,2025 World Triathlon Para Series Yokohama,False,False,False,False,False,False,False,False,False
194212,674458,58157,Daniel Molina,Spain,FINISH,4.0,00:12:12,00:00:49,00:40:33,00:01:37,00:20:19,01:15:32,PTS3 Men,sprint,2025 World Triathlon Para Series Taranto,2025-06-07,World Para Series,750.0,21000.0,5000.0,732.0,49.0,2433.0,97.0,1219.0,4532.0,,,,False,732.0,4532.0,4530.0,4530.0,732.0,2.0,Sprint,97.6,115.85714285714286,243.8,31.072749691738597,19.307705548705304,1:15:32,2025 World Triathlon Para Series Taranto,False,False,False,False,False,False,False,False,False
194212,674458,141553,Cedric Denuziere,France,FINISH,2.0,00:12:26,00:00:37,00:35:59,00:01:02,00:20:36,01:10:44,PTS3 Men,sprint,2025 World Triathlon Para Series Taranto,2025-06-07,World Para Series,750.0,21000.0,5000.0,746.0,37.0,2159.0,62.0,1236.0,4244.0,,,,False,746.0,4244.0,4240.0,4240.0,746.0,4.0,Sprint,99.46666666666667,102.80952380952381,247.2,35.016211208893004,21.758058175081054,1:10:44,2025 World Triathlon Para Series Taranto,False,False,False,False,False,False,False,False,False
194212,674458,180049,Henry Urand,Great Britain,FINISH,1.0,00:13:46,00:00:48,00:33:52,00:00:53,00:19:20,01:08:42,PTS3 Men,sprint,2025 World Triathlon Para Series Taranto,2025-06-07,World Para Series,750.0,21000.0,5000.0,826.0,48.0,2032.0,53.0,1160.0,4122.0,,,,False,826.0,4122.0,4119.0,4119.0,826.0,3.0,Sprint,110.13333333333334,96.76190476190476,232.0,37.20472440944882,23.117936811023625,1:08:42,2025 World Triathlon Para Series Taranto,False,False,False,False,False,False,False,False,False
194213,674438,141553,Cedric Denuziere,France,FINISH,1.0,00:11:28,00:01:33,00:35:20,00:01:10,00:20:33,01:10:04,PTS3 Men,sprint,2025 World Triathlon Para Cup Magog,2025-07-12,World Para Cup,750.0,18900.0,5000.0,688.0,93.0,2120.0,70.0,1233.0,4204.0,,,,False,688.0,4204.0,4204.0,4204.0,688.0,0.0,Sprint,91.73333333333333,112.16931216931218,246.6,32.094339622641506,19.942491905660376,1:10:04,2025 World Triathlon Para Cup Magog,False,False,False,False,False,False,False,False,False
194213,674438,98284,Max Gelhaar,Germany,FINISH,2.0,00:10:43,00:01:38,00:35:52,00:01:06,00:21:11,01:10:30,PTS3 Men,sprint,2025 World Triathlon Para Cup Magog,2025-07-12,World Para Cup,750.0,18900.0,5000.0,643.0,98.0,2152.0,66.0,1271.0,4230.0,,,,False,643.0,4230.0,4230.0,4230.0,643.0,0.0,Sprint,85.73333333333333,113.86243386243387,254.2,31.617100371747213,19.64594927509294,1:10:30,2025 World Triathlon Para Cup Magog,False,False,False,False,False,False,False,False,False
194208,674516,98284,Max Gelhaar,Germany,FINISH,1.0,00:11:27,00:01:02,00:32:58,00:01:03,00:20:29,01:06:59,PTS3 Men,sprint,2025 World Triathlon Para Series Montreal,2025-07-19,World Para Series,750.0,20400.0,5000.0,687.0,62.0,1978.0,63.0,1229.0,4019.0,,,,False,687.0,4019.0,4019.0,4019.0,687.0,0.0,Sprint,91.6,96.9607843137255,245.8,37.128412537917086,23.070518827098077,1:06:59,2025 World Triathlon Para Series Montreal,False,False,False,False,False,False,False,False,False
194208,674516,141553,Cedric Denuziere,France,FINISH,2.0,00:12:39,00:00:43,00:32:31,00:01:10,00:20:50,01:07:53,PTS3 Men,sprint,2025 World Triathlon Para Series Montreal,2025-07-19,World Para Series,750.0,20400.0,5000.0,759.0,43.0,1951.0,70.0,1250.0,4073.0,,,,False,759.0,4073.0,4073.0,4073.0,759.0,0.0,Sprint,101.2,95.63725490196079,250.0,37.64223475140953,23.389793049718094,1:07:53,2025 World Triathlon Para Series Montreal,False,False,False,False,False,False,False,False,False
194856,674891,58157,Daniel Molina,Spain,FINISH,1.0,00:12:26,00:01:25,00:32:25,00:00:58,00:19:53,01:07:09,PTS3 Men,sprint,2025 World Triathlon Para Cup Alhandra,2025-09-06,World Para Cup,,19100.0,5000.0,746.0,85.0,1945.0,58.0,1193.0,4029.0,,,,False,746.0,4029.0,4027.0,4027.0,746.0,2.0,Sprint,,101.83246073298429,238.6,35.3521850899743,21.96682260154242,1:07:09,2025 World Triathlon Para Cup Alhandra,False,False,False,False,False,False,False,False,False
188993,674975,180049,Henry Urand,Great Britain,FINISH,1.0,00:11:39,00:01:15,00:33:13,00:00:49,00:19:18,01:06:14,PTS3 Men,standard,2025 World Triathlon Para Championships Wollongong,2025-10-15,World Championships,,,,699.0,75.0,1993.0,49.0,1158.0,3974.0,,,,False,699.0,3974.0,3974.0,3974.0,699.0,0.0,Standard,,,,,,1:06:14,2025 World Triathlon Para Championships Wollongong,False,False,False,False,False,False,False,False,False
188993,674975,58157,Daniel Molina,Spain,FINISH,3.0,00:10:13,00:01:38,00:36:40,00:01:11,00:19:37,01:09:19,PTS3 Men,standard,2025 World Triathlon Para Championships Wollongong,2025-10-15,World Championships,,,,613.0,98.0,2200.0,71.0,1177.0,4159.0,,,,False,613.0,4159.0,4159.0,4159.0,613.0,0.0,Standard,,,,,,1:09:19,2025 World Triathlon Para Championships Wollongong,False,False,False,False,False,False,False,False,False
188993,674975,98284,Max Gelhaar,Germany,FINISH,5.0,00:11:01,00:01:24,00:36:41,00:00:55,00:20:29,01:10:30,PTS3 Men,standard,2025 World Triathlon Para Championships Wollongong,2025-10-15,World Championships,,,,661.0,84.0,2201.0,55.0,1229.0,4230.0,,,,False,661.0,4230.0,4230.0,4230.0,661.0,0.0,Standard,,,,,,1:10:30,2025 World Triathlon Para Championships Wollongong,False,False,False,False,False,False,False,False,False
188993,674975,141553,Cedric Denuziere,France,FINISH,4.0,00:11:10,00:01:15,00:36:05,00:01:01,00:20:36,01:10:07,PTS3 Men,standard,2025 World Triathlon Para Championships Wollongong,2025-10-15,World Championships,,,,670.0,75.0,2165.0,61.0,1236.0,4207.0,,,,False,670.0,4207.0,4207.0,4207.0,670.0,0.0,Standard,,,,,,1:10:07,2025 World Triathlon Para Championships Wollongong,False,False,False,False,False,False,False,False,False
