event_id,prog_id,athlete_id,full_name,country,finish_status,finish_position,swimtime,t1time,biketime,t2time,runtime,total_time,prog_name,prog_distance_category,event_name,event_date,cat_name,swim_distance,bike_distance,run_distance,swimtime_sec,t1time_sec,biketime_sec,t2time_sec,runtime_sec,total_time_sec,para_subclass,time_factor_sec,time_factor_year,time_factor_applied,swimtime_sec_adjusted,total_time_sec_adjusted,sum_splits_sec,total_time_sec_raw,swimtime_sec_raw,time_factor_segment_sec,distance_panel,swim_pace_s_per_100m,bike_pace_s_per_km,run_pace_s_per_km,bike_speed_kmh,bike_speed_mph,total_time_fmt,event_label,t2time_sec_outlier,runtime_sec_outlier,bike_speed_kmh_outlier,bike_pace_s_per_km_outlier,biketime_sec_outlier,swim_pace_s_per_100m_outlier,swimtime_sec_outlier,run_pace_s_per_km_outlier,t1time_sec_outlier
152698,452754,60937,Hailey Danz,United States,FINISH,1.0,00:12:48,00:03:17,00:41:20,00:01:35,00:23:11,01:22:09,PTS2 Women,,AJ Bell 2021 World Triathlon Para Series Leeds,2021-06-05,World Para Series,,,,768.0,197.0,2480.0,95.0,1391.0,4929.0,,,,False,768.0,4929.0,4931.0,4931.0,768.0,-2.0,Unknown,,,,,,1:22:09,AJ Bell 2021 World Triathlon Para Series Leeds,False,False,False,False,False,False,False,False,False
152698,452754,114644,Veronica Yoko Plebani,Italy,FINISH,2.0,00:12:23,00:04:04,00:41:57,00:01:21,00:25:15,01:24:57,PTS2 Women,,AJ Bell 2021 World Triathlon Para Series Leeds,2021-06-05,World Para Series,,,,743.0,244.0,2517.0,81.0,1515.0,5097.0,,,,False,743.0,5097.0,5100.0,5100.0,743.0,-3.0,Unknown,,,,,,1:24:57,AJ Bell 2021 World Triathlon Para Series Leeds,False,False,False,False,False,False,False,False,False
154584,453930,114644,Veronica Yoko Plebani,Italy,FINISH,3.0,00:00:00,00:00:00,00:42:30,00:02:57,00:31:06,01:33:05,PTS2 Women,,2021 World Triathlon Para Cup Besancon,2021-06-13,World Para Cup,,,,,,2550.0,177.0,1866.0,5585.0,,,,False,,5585.0,,,,,Unknown,,,,,,1:33:05,2021 World Triathlon Para Cup Besancon,False,False,False,False,False,False,False,False,False
154586,453960,114644,Veronica Yoko Plebani,Italy,FINISH,1.0,00:14:54,00:01:50,00:41:07,00:03:27,00:26:37,01:27:57,PTS2 Women,,2021 World Triathlon Para Cup A Coruna,2021-06-20,World Para Cup,,,,894.0,110.0,2467.0,207.0,1597.0,5277.0,,,,False,894.0,5277.0,5275.0,5275.0,894.0,2.0,Unknown,,,,,,1:27:57,2021 World Triathlon Para Cup A Coruna,False,False,False,False,False,False,False,False,False
131301,508225,60938,Allysa Seely,United States,FINISH,1.0,00:12:47,00:01:36,00:36:29,00:01:19,00:21:52,01:14:03,PTS2 Women,,Tokyo 2020 Paralympic Games,2021-08-24,Major Games,,,,767.0,96.0,2189.0,79.0,1312.0,4443.0,,,,False,767.0,4443.0,4443.0,4443.0,767.0,0.0,Unknown,,,,,,1:14:03,Tokyo 2020 Paralympic Games,False,False,False,False,False,False,False,False,False
131301,508225,60937,Hailey Danz,United States,FINISH,2.0,00:12:32,00:01:55,00:35:06,00:01:12,00:24:13,01:14:58,PTS2 Women,,Tokyo 2020 Paralympic Games,2021-08-24,Major Games,,,,752.0,115.0,2106.0,72.0,1453.0,4498.0,,,,False,752.0,4498.0,4498.0,4498.0,752.0,0.0,Unknown,,,,,,1:14:58,Tokyo 2020 Paralympic Games,False,False,False,False,False,False,False,False,False
131301,508225,114644,Veronica Yoko Plebani,Italy,FINISH,3.0,00:12:29,00:01:46,00:36:37,00:01:07,00:23:56,01:15:55,PTS2 Women,,Tokyo 2020 Paralympic Games,2021-08-24,Major Games,,,,749.0,106.0,2197.0,67.0,1436.0,4555.0,,,,False,749.0,4555.0,4555.0,4555.0,749.0,0.0,Unknown,,,,,,1:15:55,Tokyo 2020 Paralympic Games,False,False,False,False,False,False,False,False,False
162511,526349,60937,Hailey Danz,United States,FINISH,1.0,00:12:49,00:02:38,00:35:04,00:01:50,00:25:02,01:17:21,PTS2 Women,,2021 World Triathlon Para Championships Abu Dhabi,2021-11-05,World Championships,,,,769.0,158.0,2104.0,110.0,1502.0,4641.0,,,,False,769.0,4641.0,4643.0,4643.0,769.0,-2.0,Unknown,,,,,,1:17:21,2021 World Triathlon Para Championships Abu Dhabi,False,False,False,False,False,False,False,False,False
162511,526349,114644,Veronica Yoko Plebani,Italy,DNF,,00:13:54,00:02:17,00:38:45,00:01:51,00:00:00,DNF,PTS2 Women,,2021 World Triathlon Para Championships Abu Dhabi,2021-11-05,World Championships,,,,,,,,,,,,,False,,,,,,,Unknown,,,,,,,2021 World Triathlon Para Championships Abu Dhabi,False,False,False,False,False,False,False,False,False
166221,553017,114644,Veronica Yoko Plebani,Italy,FINISH,3.0,00:14:00,00:01:16,00:45:58,00:01:13,00:25:44,01:28:09,PTS2 Women,Sprint,2022 World Triathlon Para Series Montreal,2022-07-08,World Para Series,750.0,22500.0,5000.0,840.0,76.0,2758.0,73.0,1544.0,5289.0,,,,False,840.0,5289.0,5291.0,5291.0,840.0,-2.0,Sprint,112.0,122.57777777777778,308.8,29.369108049311098,18.249112037708485,1:28:09,2022 World Triathlon Para Series Montreal,False,False,False,False,False,False,False,False,False
166221,553017,60937,Hailey Danz,United States,FINISH,1.0,00:11:47,00:01:40,00:39:29,00:01:16,00:25:53,01:20:03,PTS2 Women,Sprint,2022 World Triathlon Para Series Montreal,2022-07-08,World Para Series,750.0,22500.0,5000.0,707.0,100.0,2369.0,76.0,1553.0,4803.0,,,,False,707.0,4803.0,4805.0,4805.0,707.0,-2.0,Sprint,94.26666666666667,105.28888888888889,310.6,34.19164204305614,21.245694807935838,1:20:03,2022 World Triathlon Para Series Montreal,False,False,False,False,False,False,False,False,False
163477,546890,166026,Anu Francis,Australia,FINISH,2.0,00:15:50,00:03:42,00:37:49,00:01:30,00:22:32,01:21:21,PTS2 Women,sprint,2022 World Triathlon Para Series Swansea,2022-08-06,World Para Series,750.0,19500.0,5000.0,950.0,222.0,2269.0,90.0,1352.0,4881.0,,,,False,950.0,4881.0,4883.0,4883.0,950.0,-2.0,Sprint,126.66666666666667,116.35897435897436,270.4,30.938739532833846,19.2244355222565,1:21:21,2022 World Triathlon Para Series Swansea,False,False,False,False,False,False,False,False,False
163477,546890,60937,Hailey Danz,United States,FINISH,1.0,00:12:09,00:02:18,00:36:56,00:01:24,00:24:50,01:17:34,PTS2 Women,sprint,2022 World Triathlon Para Series Swansea,2022-08-06,World Para Series,750.0,19500.0,5000.0,729.0,138.0,2216.0,84.0,1490.0,4654.0,,,,False,729.0,4654.0,4657.0,4657.0,729.0,-3.0,Sprint,97.2,113.64102564102564,298.0,31.678700361010833,19.68422572202166,1:17:34,2022 World Triathlon Para Series Swansea,False,False,False,False,False,False,False,False,False
165397,550700,166026,Anu Francis,Australia,FINISH,1.0,00:30:08,00:03:12,00:37:54,00:00:00,00:00:00,01:35:14,PTS2 Women,,2022 World Triathlon Para Cup Alhandra,2022-09-03,World Para Cup,,,,1808.0,192.0,2274.0,,,5714.0,,,,False,1808.0,5714.0,,,1808.0,,Unknown,,,,,,1:35:14,2022 World Triathlon Para Cup Alhandra,False,False,False,False,False,False,False,False,False
184628,560532,114644,Veronica Yoko Plebani,Italy,FINISH,4.0,00:14:04,00:04:09,00:41:59,00:01:33,00:30:28,01:32:12,PTS2 Women,sprint,2022 World Triathlon Para Championships Abu Dhabi,2022-11-24,World Championships,750.0,20002.0,5000.0,844.0,249.0,2519.0,93.0,1828.0,5532.0,,,,False,844.0,5532.0,5533.0,5533.0,844.0,-1.0,Sprint,112.53333333333333,125.93740625937407,365.6,28.585629217943627,17.76228101278285,1:32:12,2022 World Triathlon Para Championships Abu Dhabi,False,False,False,False,False,False,False,False,False
184628,560532,166026,Anu Francis,Australia,FINISH,3.0,00:15:10,00:03:06,00:37:08,00:01:04,00:24:50,01:21:17,PTS2 Women,sprint,2022 World Triathlon Para Championships Abu Dhabi,2022-11-24,World Championships,750.0,20002.0,5000.0,910.0,186.0,2228.0,64.0,1490.0,4877.0,,,,False,910.0,4877.0,4878.0,4878.0,910.0,-1.0,Sprint,121.33333333333333,111.38886111388862,298.0,32.31921005385996,20.082219870377017,1:21:17,2022 World Triathlon Para Championships Abu Dhabi,False,False,False,False,False,False,False,False,False
184628,560532,60937,Hailey Danz,United States,FINISH,1.0,00:12:28,00:02:11,00:37:21,00:01:25,00:25:45,01:19:08,PTS2 Women,sprint,2022 World Triathlon Para Championships Abu Dhabi,2022-11-24,World Championships,750.0,20002.0,5000.0,748.0,131.0,2241.0,85.0,1545.0,4748.0,,,,False,748.0,4748.0,4750.0,4750.0,748.0,-2.0,Sprint,99.73333333333333,112.03879612038797,309.0,32.131726907630515,19.96572328032128,1:19:08,2022 World Triathlon Para Championships Abu Dhabi,False,False,False,False,False,False,False,False,False
171973,576170,60937,Hailey Danz,United States,FINISH,1.0,00:12:02,00:01:47,00:34:48,00:01:24,00:23:18,01:13:19,PTS2 Women,sprint,2023 World Triathlon Para Series Yokohama,2023-05-13,World Para Series,750.0,20000.0,4980.0,722.0,107.0,2088.0,84.0,1398.0,4399.0,,,,False,722.0,4399.0,4399.0,4399.0,722.0,0.0,Sprint,96.26666666666667,104.4,280.72289156626505,34.48275862068966,21.426586206896555,1:13:19,2023 World Triathlon Para Series Yokohama,False,False,False,False,False,False,False,False,False
171973,576170,166026,Anu Francis,Australia,FINISH,4.0,00:14:22,00:02:45,00:35:51,00:01:21,00:23:06,01:17:25,PTS2 Women,sprint,2023 World Triathlon Para Series Yokohama,2023-05-13,World Para Series,750.0,20000.0,4980.0,862.0,165.0,2151.0,81.0,1386.0,4645.0,,,,False,862.0,4645.0,4645.0,4645.0,862.0,0.0,Sprint,114.93333333333334,107.55,278.31325301204816,33.47280334728033,20.79902928870293,1:17:25,2023 World Triathlon Para Series Yokohama,False,False,False,False,False,False,False,False,False
171973,576170,60938,Allysa Seely,United States,FINISH,3.0,00:13:05,00:02:07,00:34:38,00:01:47,00:23:59,01:15:36,PTS2 Women,sprint,2023 World Triathlon Para Series Yokohama,2023-05-13,World Para Series,750.0,20000.0,4980.0,785.0,127.0,2078.0,107.0,1439.0,4536.0,,,,False,785.0,4536.0,4536.0,4536.0,785.0,0.0,Sprint,104.66666666666667,103.9,288.95582329317267,34.64870067372474,21.529697786333017,1:15:36,2023 World Triathlon Para Series Yokohama,False,False,False,False,False,False,False,False,False
171981,576238,114644,Veronica Yoko Plebani,Italy,FINISH,1.0,00:13:58,00:01:30,00:45:17,00:02:24,00:26:20,01:29:31,PTS2 Women,sprint,2023 World Triathlon Para Cup Besancon,2023-06-17,World Para Cup,750.0,20000.0,5000.0,838.0,90.0,2717.0,144.0,1580.0,5371.0,,,,False,838.0,5371.0,5369.0,5369.0,838.0,2.0,Sprint,111.73333333333333,135.85,316.0,26.499815973500187,16.466217151269785,1:29:31,2023 World Triathlon Para Cup Besancon,False,False,False,False,False,False,False,False,False
174960,589246,60937,Hailey Danz,United States,FINISH,1.0,00:13:02,00:01:08,00:34:52,00:01:24,00:24:14,01:14:40,PTS2 Women,sprint,2023 World Triathlon Para Series Montreal,2023-07-08,World Para Series,773.0,20200.0,5000.0,782.0,68.0,2092.0,84.0,1454.0,4480.0,,,,False,782.0,4480.0,4480.0,4480.0,782.0,0.0,Sprint,101.16429495472185,103.56435643564357,290.8,34.76099426386233,21.5994737667304,1:14:40,2023 World Triathlon Para Series Montreal,False,False,False,False,False,False,False,False,False
171976,582599,114644,Veronica Yoko Plebani,Italy,FINISH,4.0,00:15:27,00:00:00,n/a,n/a,00:25:15,00:40:42,PTS2 Women,sprint,2023 World Triathlon Para Series Swansea,2023-07-15,World Para Series,750.0,,5000.0,927.0,,,,1515.0,2442.0,,,,False,927.0,2442.0,,,927.0,,Sprint,123.6,,303.0,,,40:42,2023 World Triathlon Para Series Swansea,False,False,False,False,False,False,False,False,False
171976,582599,60938,Allysa Seely,United States,FINISH,1.0,00:15:05,00:00:00,n/a,n/a,00:23:45,00:38:50,PTS2 Women,sprint,2023 World Triathlon Para Series Swansea,2023-07-15,World Para Series,750.0,,5000.0,905.0,,,,1425.0,2330.0,,,,False,905.0,2330.0,,,905.0,,Sprint,120.66666666666667,,285.0,,,38:50,2023 World Triathlon Para Series Swansea,False,False,False,False,False,False,False,False,False
171976,582599,166026,Anu Francis,Australia,FINISH,2.0,00:14:22,00:02:51,n/a,n/a,00:22:27,00:39:39,PTS2 Women,sprint,2023 World Triathlon Para Series Swansea,2023-07-15,World Para Series,750.0,,5000.0,862.0,171.0,,,1347.0,2379.0,,,,False,862.0,2379.0,,,862.0,,Sprint,114.93333333333334,,269.4,,,39:39,2023 World Triathlon Para Series Swansea,False,False,False,False,False,False,False,False,False
172816,582641,60937,Hailey Danz,United States,FINISH,2.0,00:11:38,00:00:50,00:34:57,00:01:06,00:23:42,01:12:13,PTS2 Women,sprint,2023 World Triathlon Para Cup Paris,2023-08-19,World Para Cup,,18500.0,,698.0,50.0,2097.0,66.0,1422.0,4333.0,,,,False,698.0,4333.0,4333.0,4333.0,698.0,0.0,Sprint,,113.35135135135135,,31.759656652360515,19.734529613733905,1:12:13,2023 World Triathlon Para Cup Paris,False,False,False,False,False,False,False,False,False
172816,582641,114644,Veronica Yoko Plebani,Italy,FINISH,3.0,00:11:38,00:01:10,00:37:24,00:00:59,00:24:42,01:15:52,PTS2 Women,sprint,2023 World Triathlon Para Cup Paris,2023-08-19,World Para Cup,,18500.0,,698.0,70.0,2244.0,59.0,1482.0,4552.0,,,,False,698.0,4552.0,4553.0,4553.0,698.0,-1.0,Sprint,,121.29729729729729,,29.67914438502674,18.44175962566845,1:15:52,2023 World Triathlon Para Cup Paris,False,False,False,False,False,False,False,False,False
172816,582641,166026,Anu Francis,Australia,FINISH,1.0,00:11:33,00:00:53,00:34:48,00:01:04,00:23:28,01:11:46,PTS2 Women,sprint,2023 World Triathlon Para Cup Paris,2023-08-19,World Para Cup,,18500.0,,693.0,53.0,2088.0,64.0,1408.0,4306.0,,,,False,693.0,4306.0,4306.0,4306.0,693.0,0.0,Sprint,,112.86486486486487,,31.896551724137932,19.81959224137931,1:11:46,2023 World Triathlon Para Cup Paris,False,False,False,False,False,False,False,False,False
173746,582723,60938,Allysa Seely,United States,FINISH,3.0,00:12:00,00:01:32,00:39:03,00:01:12,00:22:02,01:15:48,PTS2 Women,sprint,2023 World Triathlon Para Championships Pontevedra,2023-09-22,World Championships,750.0,19600.0,5000.0,720.0,92.0,2343.0,72.0,1322.0,4548.0,,,,False,720.0,4548.0,4549.0,4549.0,720.0,-1.0,Sprint,96.0,119.5408163265306,264.4,30.115236875800257,18.71273485275288,1:15:48,2023 World Triathlon Para Championships Pontevedra,False,False,False,False,False,False,False,False,False
173746,582723,60937,Hailey Danz,United States,FINISH,1.0,00:11:35,00:05:20,00:32:29,00:01:42,00:23:34,01:14:38,PTS2 Women,sprint,2023 World Triathlon Para Championships Pontevedra,2023-09-22,World Championships,750.0,19600.0,5000.0,695.0,320.0,1949.0,102.0,1414.0,4478.0,,,,False,695.0,4478.0,4480.0,4480.0,695.0,-2.0,Sprint,92.66666666666667,99.43877551020408,282.8,36.203181118522316,22.49560685479733,1:14:38,2023 World Triathlon Para Championships Pontevedra,False,False,False,False,False,False,False,False,False
173746,582723,114644,Veronica Yoko Plebani,Italy,FINISH,7.0,00:13:39,00:02:22,00:46:47,00:01:29,00:25:29,01:29:43,PTS2 Women,sprint,2023 World Triathlon Para Championships Pontevedra,2023-09-22,World Championships,750.0,19600.0,5000.0,819.0,142.0,2807.0,89.0,1529.0,5383.0,,,,False,819.0,5383.0,5386.0,5386.0,819.0,-3.0,Sprint,109.2,143.2142857142857,305.8,25.13715710723192,15.619500448877806,1:29:43,2023 World Triathlon Para Championships Pontevedra,False,False,False,False,False,False,False,False,False
173746,582723,166026,Anu Francis,Australia,FINISH,2.0,00:13:40,00:02:13,00:35:46,00:01:23,00:22:01,01:15:01,PTS2 Women,sprint,2023 World Triathlon Para Championships Pontevedra,2023-09-22,World Championships,750.0,19600.0,5000.0,820.0,133.0,2146.0,83.0,1321.0,4501.0,,,,False,820.0,4501.0,4503.0,4503.0,820.0,-2.0,Sprint,109.33333333333333,109.48979591836734,264.2,32.87977632805219,20.430539496738117,1:15:01,2023 World Triathlon Para Championships Pontevedra,False,False,False,False,False,False,False,False,False
183281,622233,114644,Veronica Yoko Plebani,Italy,FINISH,1.0,00:14:07,00:02:11,00:42:46,00:01:02,00:21:18,01:21:25,PTS2 Women,sprint,2023 World Triathlon Para Cup Malaga,2023-10-21,World Para Cup,750.0,20000.0,5000.0,847.0,131.0,2566.0,62.0,1278.0,4885.0,,,,False,847.0,4885.0,4884.0,4884.0,847.0,1.0,Sprint,112.93333333333334,128.3,255.6,28.059236165237724,17.43519563522993,1:21:25,2023 World Triathlon Para Cup Malaga,False,False,False,False,False,False,False,False,False
183780,628087,166026,Anu Francis,Australia,FINISH,1.0,00:14:31,00:02:29,00:38:40,00:01:51,00:23:12,01:20:45,PTS2 Women,sprint,2024 World Triathlon Para Series Devonport,2024-03-15,World Para Series,750.0,20000.0,5000.0,871.0,149.0,2320.0,111.0,1392.0,4845.0,,,,False,871.0,4845.0,4843.0,4843.0,871.0,2.0,Sprint,116.13333333333334,116.0,278.4,31.034482758620687,19.283927586206897,1:20:45,2024 World Triathlon Para Series Devonport,False,False,False,False,False,False,False,False,False
183780,628087,60938,Allysa Seely,United States,FINISH,2.0,00:13:33,00:01:52,00:41:08,00:02:13,00:23:29,01:22:16,PTS2 Women,sprint,2024 World Triathlon Para Series Devonport,2024-03-15,World Para Series,750.0,20000.0,5000.0,813.0,112.0,2468.0,133.0,1409.0,4936.0,,,,False,813.0,4936.0,4935.0,4935.0,813.0,1.0,Sprint,108.4,123.4,281.8,29.173419773095624,18.1275170178282,1:22:16,2024 World Triathlon Para Series Devonport,False,False,False,False,False,False,False,False,False
185647,631968,114644,Veronica Yoko Plebani,Italy,FINISH,1.0,00:13:49,00:00:00,00:00:00,00:00:00,00:25:21,01:23:19,PTS2 Women,sprint,2024 World Triathlon Para Cup Yenisehir,2024-04-21,World Para Cup,750.0,20300.0,5000.0,829.0,,,,1521.0,4999.0,,,,False,829.0,4999.0,,,829.0,,Sprint,110.53333333333333,,304.2,,,1:23:19,2024 World Triathlon Para Cup Yenisehir,False,False,False,False,False,False,False,False,False
183781,630328,60937,Hailey Danz,United States,FINISH,1.0,00:11:49,00:02:19,00:35:31,00:01:17,00:22:28,01:13:24,PTS2 Women,sprint,2024 World Triathlon Para Series Yokohama,2024-05-11,World Para Series,,20000.0,4980.0,709.0,139.0,2131.0,77.0,1348.0,4404.0,,,,False,709.0,4404.0,4404.0,4404.0,709.0,0.0,Sprint,,106.55,270.68273092369475,33.7869544814641,20.99423369310183,1:13:24,2024 World Triathlon Para Series Yokohama,False,False,False,False,False,False,False,False,False
183781,630328,114644,Veronica Yoko Plebani,Italy,FINISH,4.0,00:13:45,00:02:43,00:39:30,00:01:12,00:22:50,01:20:00,PTS2 Women,sprint,2024 World Triathlon Para Series Yokohama,2024-05-11,World Para Series,,20000.0,4980.0,825.0,163.0,2370.0,72.0,1370.0,4800.0,,,,False,825.0,4800.0,4800.0,4800.0,825.0,0.0,Sprint,,118.5,275.1004016064257,30.37974683544304,18.877093670886076,1:20:00,2024 World Triathlon Para Series Yokohama,False,False,False,False,False,False,False,False,False
183781,630328,166026,Anu Francis,Australia,FINISH,2.0,00:13:43,00:02:32,00:34:17,00:01:08,00:23:04,01:14:44,PTS2 Women,sprint,2024 World Triathlon Para Series Yokohama,2024-05-11,World Para Series,,20000.0,4980.0,823.0,152.0,2057.0,68.0,1384.0,4484.0,,,,False,823.0,4484.0,4484.0,4484.0,823.0,0.0,Sprint,,102.85,277.91164658634534,35.00243072435586,21.749495381623724,1:14:44,2024 World Triathlon Para Series Yokohama,False,False,False,False,False,False,False,False,False
185649,632007,114644,Veronica Yoko Plebani,Italy,FINISH,1.0,00:14:45,00:00:51,00:45:44,00:01:03,00:25:12,01:27:38,PTS2 Women,sprint,2024 World Triathlon Para Cup Taranto,2024-06-08,World Para Cup,750.0,21000.0,5000.0,885.0,51.0,2744.0,63.0,1512.0,5258.0,,,,False,885.0,5258.0,5255.0,5255.0,885.0,3.0,Sprint,118.0,130.66666666666666,302.4,27.551020408163264,17.119405102040815,1:27:38,2024 World Triathlon Para Cup Taranto,False,False,False,False,False,False,False,False,False
183783,634043,60938,Allysa Seely,United States,FINISH,1.0,00:00:00,00:14:31,00:45:57,00:01:22,00:22:21,01:24:13,PTS2 Women,sprint,2024 World Triathlon Para Cup Besancon,2024-06-15,World Para Cup,750.0,21340.0,5000.0,,,2757.0,82.0,1341.0,5053.0,,,,False,,5053.0,,,,,Sprint,,129.19400187441425,268.2,27.86507072905332,17.31454686398259,1:24:13,2024 World Triathlon Para Cup Besancon,False,False,False,False,False,False,False,False,True
183784,634140,60938,Allysa Seely,United States,FINISH,1.0,00:12:23,00:02:11,00:42:46,00:00:48,00:22:02,01:20:12,PTS2 Women,sprint,2024 World Triathlon Para Series Swansea,2024-06-22,World Para Series,750.0,19480.0,5000.0,743.0,131.0,2566.0,48.0,1322.0,4812.0,,,,False,743.0,4812.0,4810.0,4810.0,743.0,2.0,Sprint,99.06666666666666,131.72484599589322,264.4,27.329696024941544,16.981880548713953,1:20:12,2024 World Triathlon Para Series Swansea,False,False,False,False,False,False,False,False,False
183784,634140,114644,Veronica Yoko Plebani,Italy,FINISH,2.0,00:13:10,00:03:02,00:43:15,00:01:14,00:21:32,01:22:15,PTS2 Women,sprint,2024 World Triathlon Para Series Swansea,2024-06-22,World Para Series,750.0,19480.0,5000.0,790.0,182.0,2595.0,74.0,1292.0,4935.0,,,,False,790.0,4935.0,4933.0,4933.0,790.0,2.0,Sprint,105.33333333333333,133.2135523613963,258.4,27.0242774566474,16.79210230751445,1:22:15,2024 World Triathlon Para Series Swansea,False,False,False,False,False,False,False,False,False
183785,634242,60937,Hailey Danz,United States,FINISH,2.0,00:12:23,00:01:37,00:36:34,00:01:16,00:24:30,01:16:20,PTS2 Women,sprint,2024 World Triathlon Para Series Montreal,2024-06-29,World Para Series,760.0,20200.0,5000.0,743.0,97.0,2194.0,76.0,1470.0,4580.0,,,,False,743.0,4580.0,4580.0,4580.0,743.0,0.0,Sprint,97.76315789473685,108.61386138613862,294.0,33.14494074749316,20.59530497721057,1:16:20,2024 World Triathlon Para Series Montreal,False,False,False,False,False,False,False,False,False
183785,634242,60938,Allysa Seely,United States,FINISH,1.0,00:13:09,00:00:51,00:38:25,00:00:47,00:21:08,01:14:20,PTS2 Women,sprint,2024 World Triathlon Para Series Montreal,2024-06-29,World Para Series,760.0,20200.0,5000.0,789.0,51.0,2305.0,47.0,1268.0,4460.0,,,,False,789.0,4460.0,4460.0,4460.0,789.0,0.0,Sprint,103.81578947368422,114.10891089108911,253.6,31.54880694143167,19.60351371800434,1:14:20,2024 World Triathlon Para Series Montreal,False,False,False,False,False,False,False,False,False
183785,634242,114644,Veronica Yoko Plebani,Italy,FINISH,3.0,00:14:11,00:11:12,00:38:40,00:00:57,00:22:00,01:17:00,PTS2 Women,sprint,2024 World Triathlon Para Series Montreal,2024-06-29,World Para Series,760.0,20200.0,5000.0,851.0,,2320.0,57.0,1320.0,4620.0,,,,False,851.0,4620.0,5220.0,5220.0,851.0,-600.0,Sprint,111.97368421052632,114.85148514851485,264.0,31.344827586206893,19.476766862068963,1:17:00,2024 World Triathlon Para Series Montreal,False,False,False,False,False,False,False,False,True
163894,658397,60937,Hailey Danz,United States,FINISH,1.0,00:13:11,00:01:26,00:36:06,00:00:59,00:22:49,01:14:31,PTS2 Women,sprint,Paris 2024 Paralympic Games,2024-09-02,Major Games,750.0,20000.0,5000.0,791.0,86.0,2166.0,59.0,1369.0,4471.0,,,,False,791.0,4471.0,4471.0,4471.0,791.0,0.0,Sprint,105.46666666666667,108.3,273.8,33.2409972299169,20.654991689750695,1:14:31,Paris 2024 Paralympic Games,False,False,False,False,False,False,False,False,False
163894,658397,60938,Allysa Seely,United States,FINISH,3.0,00:13:12,00:01:14,00:39:34,00:00:46,00:21:47,01:16:33,PTS2 Women,sprint,Paris 2024 Paralympic Games,2024-09-02,Major Games,750.0,20000.0,5000.0,792.0,74.0,2374.0,46.0,1307.0,4593.0,,,,False,792.0,4593.0,4593.0,4593.0,792.0,0.0,Sprint,105.6,118.7,261.4,30.328559393428808,18.84528727885425,1:16:33,Paris 2024 Paralympic Games,False,False,False,False,False,False,False,False,False
163894,658397,166026,Anu Francis,Australia,FINISH,4.0,00:14:38,00:02:03,00:36:27,00:01:00,00:23:40,01:17:48,PTS2 Women,sprint,Paris 2024 Paralympic Games,2024-09-02,Major Games,750.0,20000.0,5000.0,878.0,123.0,2187.0,60.0,1420.0,4668.0,,,,False,878.0,4668.0,4668.0,4668.0,878.0,0.0,Sprint,117.06666666666666,109.35,284.0,32.92181069958848,20.456658436213992,1:17:48,Paris 2024 Paralympic Games,False,False,False,False,False,False,False,False,False
163894,658397,114644,Veronica Yoko Plebani,Italy,FINISH,2.0,00:13:12,00:01:43,00:37:47,00:00:59,00:21:56,01:15:37,PTS2 Women,sprint,Paris 2024 Paralympic Games,2024-09-02,Major Games,750.0,20000.0,5000.0,792.0,103.0,2267.0,59.0,1316.0,4537.0,,,,False,792.0,4537.0,4537.0,4537.0,792.0,0.0,Sprint,105.6,113.35,263.2,31.7600352889281,19.734764887516544,1:15:37,Paris 2024 Paralympic Games,False,False,False,False,False,False,False,False,False
183787,635486,166026,Anu Francis,Australia,DNS,,00:00:00,00:00:00,00:00:00,00:00:00,00:00:00,DNS,PTS2 Women,sprint,2024 World Triathlon Para Championships Torremolinos-Andalucia,2024-10-17,World Championships,750.0,19100.0,5000.0,,,,,,,,,,False,,,,,,,Sprint,,,,,,,2024 World Triathlon Para Championships Torremolinos-Andalucia,False,False,False,False,False,False,False,False,False
183787,635486,60938,Allysa Seely,United States,FINISH,1.0,00:11:23,00:16:14,00:38:21,00:01:10,00:22:15,01:19:23,PTS2 Women,sprint,2024 World Triathlon Para Championships Torremolinos-Andalucia,2024-10-17,World Championships,750.0,19100.0,5000.0,683.0,,2301.0,70.0,1335.0,4763.0,,,,False,683.0,4763.0,5363.0,5363.0,683.0,-600.0,Sprint,91.06666666666666,120.47120418848166,267.0,29.88265971316819,18.568218148631033,1:19:23,2024 World Triathlon Para Championships Torremolinos-Andalucia,False,False,False,False,False,False,False,False,True
194210,671138,166026,Anu Francis,Australia,FINISH,1.0,00:13:32,00:02:32,00:40:26,00:01:34,00:23:36,01:21:41,PTS2 Women,sprint,2025 World Triathlon Para Series Devonport,2025-03-14,World Para Series,750.0,20000.0,5000.0,812.0,152.0,2426.0,94.0,1416.0,4901.0,,,,False,812.0,4901.0,4900.0,4900.0,812.0,1.0,Sprint,108.26666666666667,121.3,283.2,29.67848309975268,18.44134872217642,1:21:41,2025 World Triathlon Para Series Devonport,False,False,False,False,False,False,False,False,False
194191,674089,166026,Anu Francis,Australia,FINISH,1.0,00:14:22,00:03:00,00:39:05,00:01:12,00:23:41,01:21:20,PTS2 Women,sprint,2025 World Triathlon Para Series Yokohama,2025-05-17,World Para Series,750.0,21220.0,5000.0,862.0,180.0,2345.0,72.0,1421.0,4880.0,,,,False,862.0,4880.0,4880.0,4880.0,862.0,0.0,Sprint,114.93333333333334,110.50895381715364,284.2,32.576545842217485,20.24212086652452,1:21:20,2025 World Triathlon Para Series Yokohama,False,False,False,False,False,False,False,False,False
194213,674445,60938,Allysa Seely,United States,FINISH,1.0,00:00:00,00:14:51,00:43:08,00:01:31,00:26:31,01:26:01,PTS2 Women,sprint,2025 World Triathlon Para Cup Magog,2025-07-12,World Para Cup,750.0,18900.0,5000.0,,,2588.0,91.0,1591.0,5161.0,,,,False,,5161.0,,,,,Sprint,,136.93121693121694,318.2,26.290571870170012,16.33619893353941,1:26:01,2025 World Triathlon Para Cup Magog,False,False,False,False,False,False,False,False,True
194208,674524,60938,Allysa Seely,United States,FINISH,2.0,00:15:02,00:01:14,00:37:23,00:01:30,00:24:27,01:19:36,PTS2 Women,sprint,2025 World Triathlon Para Series Montreal,2025-07-19,World Para Series,750.0,20400.0,5000.0,902.0,74.0,2243.0,90.0,1467.0,4776.0,,,,False,902.0,4776.0,4776.0,4776.0,902.0,0.0,Sprint,120.26666666666667,109.95098039215686,293.4,32.74186357556843,20.344844511814532,1:19:36,2025 World Triathlon Para Series Montreal,False,False,False,False,False,False,False,False,False
194208,674524,166026,Anu Francis,Australia,FINISH,1.0,00:13:38,00:01:37,00:35:48,00:01:25,00:24:15,01:16:43,PTS2 Women,sprint,2025 World Triathlon Para Series Montreal,2025-07-19,World Para Series,750.0,20400.0,5000.0,818.0,97.0,2148.0,85.0,1455.0,4603.0,,,,False,818.0,4603.0,4603.0,4603.0,818.0,0.0,Sprint,109.06666666666666,105.29411764705883,291.0,34.18994413407821,21.24463977653631,1:16:43,2025 World Triathlon Para Series Montreal,False,False,False,False,False,False,False,False,False
188993,674968,166026,Anu Francis,Australia,FINISH,1.0,00:13:09,00:02:12,00:39:23,00:01:04,00:23:08,01:18:56,PTS2 Women,standard,2025 World Triathlon Para Championships Wollongong,2025-10-15,World Championships,,,,789.0,132.0,2363.0,64.0,1388.0,4736.0,,,,False,789.0,4736.0,4736.0,4736.0,789.0,0.0,Standard,,,,,,1:18:56,2025 World Triathlon Para Championships Wollongong,False,False,False,False,False,False,False,False,False
188993,674968,60938,Allysa Seely,United States,FINISH,4.0,00:13:11,00:02:16,00:42:41,00:01:16,00:26:10,01:25:34,PTS2 Women,standard,2025 World Triathlon Para Championships Wollongong,2025-10-15,World Championships,,,,791.0,136.0,2561.0,76.0,1570.0,5134.0,,,,False,791.0,5134.0,5134.0,5134.0,791.0,0.0,Standard,,,,,,1:25:34,2025 World Triathlon Para Championships Wollongong,False,False,False,False,False,False,False,False,False
188993,674968,60937,Hailey Danz,United States,FINISH,2.0,00:11:54,00:01:59,00:41:19,00:00:52,00:23:15,01:19:18,PTS2 Women,standard,2025 World Triathlon Para Championships Wollongong,2025-10-15,World Championships,,,,714.0,119.0,2479.0,52.0,1395.0,4758.0,,,,False,714.0,4758.0,4759.0,4759.0,714.0,-1.0,Standard,,,,,,1:19:18,2025 World Triathlon Para Championships Wollongong,False,False,False,False,False,False,False,False,False
