event_id,prog_id,athlete_id,full_name,country,finish_status,finish_position,swimtime,t1time,biketime,t2time,runtime,total_time,prog_name,prog_distance_category,event_name,event_date,cat_name,swim_distance,bike_distance,run_distance,swimtime_sec,t1time_sec,biketime_sec,t2time_sec,runtime_sec,total_time_sec,para_subclass,time_factor_sec,time_factor_year,time_factor_applied,swimtime_sec_adjusted,total_time_sec_adjusted,sum_splits_sec,total_time_sec_raw,swimtime_sec_raw,time_factor_segment_sec,distance_panel,swim_pace_s_per_100m,bike_pace_s_per_km,run_pace_s_per_km,bike_speed_kmh,bike_speed_mph,total_time_fmt,event_label,run_pace_s_per_km_outlier,t1time_sec_outlier,runtime_sec_outlier,t2time_sec_outlier,swimtime_sec_outlier,bike_speed_kmh_outlier,biketime_sec_outlier,swim_pace_s_per_100m_outlier,bike_pace_s_per_km_outlier
152696,452694,75037,Jetze Plat H2,Netherlands,FINISH,1,00:09:55,00:01:08,00:29:02,00:00:49,00:11:14,00:55:16,PTWC Men,,2021 World Triathlon Para Series Yokohama,2021-05-15,World Para Series,,,,595.0,68.0,1742.0,49.0,674.0,3316.0,H2,,,False,595.0,3316.0,3128.0,3128.0,595.0,188.0,Unknown,,,,,,55:16,2021 World Triathlon Para Series Yokohama,False,False,False,False,False,False,False,False,False
152696,452694,75860,Geert Schipper H2,Netherlands,FINISH,2,00:11:36,00:01:10,00:30:09,00:00:45,00:11:27,00:58:15,PTWC Men,,2021 World Triathlon Para Series Yokohama,2021-05-15,World Para Series,,,,696.0,70.0,1809.0,45.0,687.0,3495.0,H2,,,False,696.0,3495.0,3307.0,3307.0,696.0,188.0,Unknown,,,,,,58:15,2021 World Triathlon Para Series Yokohama,False,False,False,False,False,False,False,False,False
152696,452694,69957,Howie Sanborn H1,United States,FINISH,8,00:15:59,00:01:44,00:35:51,00:01:29,00:13:00,01:08:03,PTWC Men,,2021 World Triathlon Para Series Yokohama,2021-05-15,World Para Series,,,,959.0,104.0,2151.0,89.0,780.0,4083.0,H1,,,False,959.0,4083.0,4083.0,4083.0,959.0,0.0,Unknown,,,,,,1:08:03,2021 World Triathlon Para Series Yokohama,False,False,False,False,False,False,False,False,False
152698,452751,69957,Howie Sanborn H1,United States,FINISH,9,00:15:14,00:03:41,00:52:02,00:01:36,00:15:05,01:27:36,PTWC Men,,AJ Bell 2021 World Triathlon Para Series Leeds,2021-06-05,World Para Series,,,,914.0,221.0,3122.0,96.0,905.0,5256.0,H1,,,False,914.0,5256.0,5258.0,5258.0,914.0,-2.0,Unknown,,,,,,1:27:36,AJ Bell 2021 World Triathlon Para Series Leeds,False,False,False,False,False,False,False,False,False
152698,452751,114957,Florian Brungraber H2,Austria,FINISH,3,00:11:15,00:03:06,00:37:48,00:00:52,00:13:13,01:09:20,PTWC Men,,AJ Bell 2021 World Triathlon Para Series Leeds,2021-06-05,World Para Series,,,,675.0,186.0,2268.0,52.0,793.0,4160.0,H2,,,False,675.0,4160.0,3974.0,3974.0,675.0,186.0,Unknown,,,,,,1:09:20,AJ Bell 2021 World Triathlon Para Series Leeds,False,False,False,False,False,False,False,False,False
152698,452751,75860,Geert Schipper H2,Netherlands,FINISH,2,00:11:00,00:02:36,00:36:00,00:00:50,00:13:24,01:06:57,PTWC Men,,AJ Bell 2021 World Triathlon Para Series Leeds,2021-06-05,World Para Series,,,,660.0,156.0,2160.0,50.0,804.0,4017.0,H2,,,False,660.0,4017.0,3830.0,3830.0,660.0,187.0,Unknown,,,,,,1:06:57,AJ Bell 2021 World Triathlon Para Series Leeds,False,False,False,False,False,False,False,False,False
152698,452751,75037,Jetze Plat H2,Netherlands,FINISH,1,00:09:35,00:02:16,00:33:42,00:01:00,00:12:08,01:01:47,PTWC Men,,AJ Bell 2021 World Triathlon Para Series Leeds,2021-06-05,World Para Series,,,,575.0,136.0,2022.0,60.0,728.0,3707.0,H2,,,False,575.0,3707.0,3521.0,3521.0,575.0,186.0,Unknown,,,,,,1:01:47,AJ Bell 2021 World Triathlon Para Series Leeds,False,False,False,False,False,False,False,False,False
154584,453927,114957,Florian Brungraber H2,Austria,FINISH,1,00:10:38,00:01:23,00:36:22,00:01:17,00:12:46,01:05:36,PTWC Men,,2021 World Triathlon Para Cup Besancon,2021-06-13,World Para Cup,,,,638.0,83.0,2182.0,77.0,766.0,3936.0,H2,,,False,638.0,3936.0,3746.0,3746.0,638.0,190.0,Unknown,,,,,,1:05:36,2021 World Triathlon Para Cup Besancon,False,False,False,False,False,False,False,False,False
154584,453927,69957,Howie Sanborn H1,United States,FINISH,6,00:14:14,00:02:21,00:46:10,00:01:38,00:14:54,01:19:18,PTWC Men,,2021 World Triathlon Para Cup Besancon,2021-06-13,World Para Cup,,,,854.0,141.0,2770.0,98.0,894.0,4758.0,H1,,,False,854.0,4758.0,4757.0,4757.0,854.0,1.0,Unknown,,,,,,1:19:18,2021 World Triathlon Para Cup Besancon,False,False,False,False,False,False,False,False,False
154586,453957,69957,Howie Sanborn H1,United States,FINISH,6,00:15:16,00:02:05,00:40:32,00:01:56,00:14:18,01:14:07,PTWC Men,,2021 World Triathlon Para Cup A Coruna,2021-06-20,World Para Cup,,,,916.0,125.0,2432.0,116.0,858.0,4447.0,H1,,,False,916.0,4447.0,4447.0,4447.0,916.0,0.0,Unknown,,,,,,1:14:07,2021 World Triathlon Para Cup A Coruna,False,False,False,False,False,False,False,False,False
131301,508220,114957,Florian Brungraber H2,Austria,FINISH,2,00:10:27,00:01:23,00:31:59,00:00:54,00:12:04,00:59:55,PTWC Men,,Tokyo 2020 Paralympic Games,2021-08-24,Major Games,,,,627.0,83.0,1919.0,54.0,724.0,3595.0,H2,,,False,627.0,3595.0,3407.0,3407.0,627.0,188.0,Unknown,,,,,,59:55,Tokyo 2020 Paralympic Games,False,False,False,False,False,False,False,False,False
131301,508220,75860,Geert Schipper H2,Netherlands,FINISH,4,00:10:55,00:01:18,00:34:04,00:00:49,00:12:47,01:03:01,PTWC Men,,Tokyo 2020 Paralympic Games,2021-08-24,Major Games,,,,655.0,78.0,2044.0,49.0,767.0,3781.0,H2,,,False,655.0,3781.0,3593.0,3593.0,655.0,188.0,Unknown,,,,,,1:03:01,Tokyo 2020 Paralympic Games,False,False,False,False,False,False,False,False,False
131301,508220,75037,Jetze Plat H2,Netherlands,FINISH,1,00:09:31,00:01:11,00:30:31,00:00:47,00:12:43,00:57:51,PTWC Men,,Tokyo 2020 Paralympic Games,2021-08-24,Major Games,,,,571.0,71.0,1831.0,47.0,763.0,3471.0,H2,,,False,571.0,3471.0,3283.0,3283.0,571.0,188.0,Unknown,,,,,,57:51,Tokyo 2020 Paralympic Games,False,False,False,False,False,False,False,False,False
141445,351287,75860,Geert Schipper H2,Netherlands,FINISH,1,00:58:35,00:03:33,04:57:37,00:02:12,01:53:27,07:55:22,PTWC Men,,2021 World Triathlon Long Distance Championships Almere-Amsterdam,2021-09-12,"World Championships, Age-Group Event",,,,,213.0,,132.0,,28522.0,H2,,,False,3515.0,28522.0,28524.0,28524.0,3515.0,-2.0,Unknown,,,,,,7:55:22,2021 World Triathlon Long Distance Championships Almere-Amsterdam,False,False,True,False,True,False,True,False,False
155518,461246,69957,Howie Sanborn H1,United States,FINISH,2,00:16:08,00:00:55,00:36:40,00:01:06,00:16:19,01:11:05,PTWC Men,,2021 World Triathlon Para Cup Alanya,2021-10-01,World Para Cup,,,,968.0,55.0,2200.0,66.0,979.0,4265.0,H1,,,False,968.0,4265.0,4268.0,4268.0,968.0,-3.0,Unknown,,,,,,1:11:05,2021 World Triathlon Para Cup Alanya,False,False,False,False,False,False,False,False,False
155520,500559,69957,Howie Sanborn H1,United States,FINISH,3,00:14:35,00:01:43,00:34:30,00:01:13,00:13:36,01:05:37,PTWC Men,,2021 World Triathlon Para Cup Alhandra,2021-10-30,World Para Cup,,,,875.0,103.0,2070.0,73.0,816.0,3937.0,H1,,,False,875.0,3937.0,3937.0,3937.0,875.0,0.0,Unknown,,,,,,1:05:37,2021 World Triathlon Para Cup Alhandra,False,False,False,False,False,False,False,False,False
162511,526346,75860,Geert Schipper H2,Netherlands,FINISH,2,00:10:50,00:01:35,00:29:21,00:00:55,00:11:46,00:57:33,PTWC Men,,2021 World Triathlon Para Championships Abu Dhabi,2021-11-05,World Championships,,,,650.0,95.0,1761.0,55.0,706.0,3453.0,H2,,,False,650.0,3453.0,3267.0,3267.0,650.0,186.0,Unknown,,,,,,57:33,2021 World Triathlon Para Championships Abu Dhabi,False,False,False,False,False,False,False,False,False
162511,526346,69957,Howie Sanborn H1,United States,FINISH,7,00:13:25,00:02:26,00:33:58,00:01:21,00:13:55,01:05:04,PTWC Men,,2021 World Triathlon Para Championships Abu Dhabi,2021-11-05,World Championships,,,,805.0,146.0,2038.0,81.0,835.0,3904.0,H1,,,False,805.0,3904.0,3905.0,3905.0,805.0,-1.0,Unknown,,,,,,1:05:04,2021 World Triathlon Para Championships Abu Dhabi,False,False,False,False,False,False,False,False,False
162511,526346,75037,Jetze Plat H2,Netherlands,FINISH,1,00:09:50,00:01:22,00:29:38,00:00:55,00:11:24,00:56:15,PTWC Men,,2021 World Triathlon Para Championships Abu Dhabi,2021-11-05,World Championships,,,,590.0,82.0,1778.0,55.0,684.0,3375.0,H2,,,False,590.0,3375.0,3189.0,3189.0,590.0,186.0,Unknown,,,,,,56:15,2021 World Triathlon Para Championships Abu Dhabi,False,False,False,False,False,False,False,False,False
162511,526346,114957,Florian Brungraber H2,Austria,FINISH,3,00:10:32,00:01:41,00:30:12,00:00:59,00:11:14,00:57:44,PTWC Men,,2021 World Triathlon Para Championships Abu Dhabi,2021-11-05,World Championships,,,,632.0,101.0,1812.0,59.0,674.0,3464.0,H2,,,False,632.0,3464.0,3278.0,3278.0,632.0,186.0,Unknown,,,,,,57:44,2021 World Triathlon Para Championships Abu Dhabi,False,False,False,False,False,False,False,False,False
163470,544240,69957,Howie Sanborn H1,United States,FINISH,3,00:13:00,00:02:28,00:33:18,00:01:17,00:16:01,01:06:04,PTWC Men,sprint,2022 World Triathlon Para Series Yokohama,2022-05-14,World Para Series,750.0,20000.0,5000.0,780.0,148.0,1998.0,77.0,961.0,3964.0,H1,,,False,780.0,3964.0,3964.0,3964.0,780.0,0.0,Sprint,104.0,99.9,192.2,36.03603603603603,22.391747747747743,1:06:04,2022 World Triathlon Para Series Yokohama,False,False,False,False,False,False,False,False,False
163473,545477,114957,Florian Brungraber H2,Austria,FINISH,1,00:00:00,00:00:00,00:37:02,00:00:53,00:12:38,01:05:13,PTWC Men,sprint,2022 World Triathlon Para Cup Besancon,2022-06-11,World Para Cup,,,,,,2222.0,53.0,758.0,3913.0,H2,,,False,,3913.0,,,,,Sprint,,,,,,1:05:13,2022 World Triathlon Para Cup Besancon,False,False,False,False,False,False,False,False,False
166221,553007,75860,Geert Schipper H2,Netherlands,FINISH,2,00:11:15,00:00:00,00:31:53,00:00:41,00:11:47,00:58:35,PTWC Men,Sprint,2022 World Triathlon Para Series Montreal,2022-07-08,World Para Series,750.0,22500.0,5000.0,675.0,,1913.0,41.0,707.0,3515.0,H2,,,False,675.0,3515.0,,,675.0,,Sprint,90.0,85.02222222222223,141.4,42.34187140616832,26.310010977522218,58:35,2022 World Triathlon Para Series Montreal,False,False,False,False,False,False,False,False,False
166221,553007,75037,Jetze Plat H2,Netherlands,FINISH,1,00:10:30,00:00:00,00:31:17,00:00:44,00:10:57,00:56:25,PTWC Men,Sprint,2022 World Triathlon Para Series Montreal,2022-07-08,World Para Series,750.0,22500.0,5000.0,630.0,,1877.0,44.0,657.0,3385.0,H2,,,False,630.0,3385.0,,,630.0,,Sprint,84.0,83.42222222222222,131.4,43.15396909962706,26.814624933404367,56:25,2022 World Triathlon Para Series Montreal,False,False,False,False,False,False,False,False,False
166221,553007,69957,Howie Sanborn H1,United States,FINISH,5,00:14:49,00:00:00,00:37:42,00:00:58,00:13:38,01:07:04,PTWC Men,Sprint,2022 World Triathlon Para Series Montreal,2022-07-08,World Para Series,750.0,22500.0,5000.0,889.0,,2262.0,58.0,818.0,4024.0,H1,,,False,889.0,4024.0,,,889.0,,Sprint,118.53333333333333,100.53333333333333,163.6,35.80901856763926,22.25068567639257,1:07:04,2022 World Triathlon Para Series Montreal,False,False,False,False,False,False,False,False,False
163477,546887,69957,Howie Sanborn H1,United States,FINISH,5,00:13:16,00:02:03,00:36:23,00:01:01,00:15:06,01:07:46,PTWC Men,sprint,2022 World Triathlon Para Series Swansea,2022-08-06,World Para Series,750.0,19500.0,5000.0,796.0,123.0,2183.0,61.0,906.0,4066.0,H1,,,False,796.0,4066.0,4069.0,4069.0,796.0,-3.0,Sprint,106.13333333333334,111.94871794871794,181.2,32.15758131012368,19.98178845625286,1:07:46,2022 World Triathlon Para Series Swansea,False,False,False,False,False,False,False,False,False
163477,546887,114957,Florian Brungraber H2,Austria,FINISH,1,00:10:19,00:01:46,00:31:50,00:00:48,00:12:36,01:00:15,PTWC Men,sprint,2022 World Triathlon Para Series Swansea,2022-08-06,World Para Series,750.0,19500.0,5000.0,619.0,106.0,1910.0,48.0,756.0,3615.0,H2,,,False,619.0,3615.0,3439.0,3439.0,619.0,176.0,Sprint,82.53333333333333,97.94871794871794,151.2,36.75392670157068,22.837824188481672,1:00:15,2022 World Triathlon Para Series Swansea,False,False,False,False,False,False,False,False,False
164701,550714,69957,Howie Sanborn H1,United States,FINISH,4,00:14:42,00:01:00,00:35:29,00:01:00,00:15:55,01:08:04,PTWC Men,sprint,2022 World Triathlon Para Cup Alanya,2022-10-15,World Para Cup,,,,882.0,60.0,2129.0,60.0,955.0,4084.0,H1,,,False,882.0,4084.0,4086.0,4086.0,882.0,-2.0,Sprint,,,,,,1:08:04,2022 World Triathlon Para Cup Alanya,False,False,False,False,False,False,False,False,False
184628,560523,75037,Jetze Plat H2,Netherlands,FINISH,1,00:09:40,00:01:50,00:31:17,00:00:50,00:11:22,00:57:56,PTWC Men,sprint,2022 World Triathlon Para Championships Abu Dhabi,2022-11-24,World Championships,750.0,20002.0,5000.0,580.0,110.0,1877.0,50.0,682.0,3476.0,H2,,,False,580.0,3476.0,3299.0,3299.0,580.0,177.0,Sprint,77.33333333333333,93.84061593840616,136.4,38.36291955247736,23.83760568524241,57:56,2022 World Triathlon Para Championships Abu Dhabi,False,False,False,False,False,False,False,False,False
184628,560523,114957,Florian Brungraber H2,Austria,FINISH,2,00:10:19,00:01:41,00:32:42,00:00:53,00:11:43,01:00:14,PTWC Men,sprint,2022 World Triathlon Para Championships Abu Dhabi,2022-11-24,World Championships,750.0,20002.0,5000.0,619.0,101.0,1962.0,53.0,703.0,3614.0,H2,,,False,619.0,3614.0,3438.0,3438.0,619.0,176.0,Sprint,82.53333333333333,98.09019098090191,140.6,36.70091743119266,22.804885765137612,1:00:14,2022 World Triathlon Para Championships Abu Dhabi,False,False,False,False,False,False,False,False,False
184628,560523,69957,Howie Sanborn H1,United States,FINISH,9,00:12:07,00:03:39,00:38:08,00:01:00,00:14:31,01:09:23,PTWC Men,sprint,2022 World Triathlon Para Championships Abu Dhabi,2022-11-24,World Championships,750.0,20002.0,5000.0,727.0,219.0,2288.0,60.0,871.0,4163.0,H1,,,False,727.0,4163.0,4165.0,4165.0,727.0,-2.0,Sprint,96.93333333333334,114.38856114388562,174.2,31.471678321678322,19.55558823041958,1:09:23,2022 World Triathlon Para Championships Abu Dhabi,False,False,False,False,False,False,False,False,False
184628,560523,75860,Geert Schipper H2,Netherlands,FINISH,3,00:11:12,00:01:52,00:31:54,00:00:44,00:12:09,01:00:47,PTWC Men,sprint,2022 World Triathlon Para Championships Abu Dhabi,2022-11-24,World Championships,750.0,20002.0,5000.0,672.0,112.0,1914.0,44.0,729.0,3647.0,H2,,,False,672.0,3647.0,3471.0,3471.0,672.0,176.0,Sprint,89.6,95.69043095690431,145.8,37.62131661442007,23.376795126018813,1:00:47,2022 World Triathlon Para Championships Abu Dhabi,False,False,False,False,False,False,False,False,False
175168,587049,114957,Florian Brungraber H2,Austria,FINISH,1,00:09:41,00:01:44,00:30:35,00:00:53,00:11:58,00:57:49,PTWC Men,sprint,2023 World Triathlon Para Cup Abu Dhabi,2023-03-03,World Para Cup,750.0,20356.0,5000.0,581.0,104.0,1835.0,53.0,718.0,3469.0,H2,,,False,581.0,3469.0,3291.0,3291.0,581.0,178.0,Sprint,77.46666666666667,90.14541167223422,143.6,39.93547683923706,24.81474717907357,57:49,2023 World Triathlon Para Cup Abu Dhabi,False,False,False,False,False,False,False,False,False
171975,576201,69957,Howie Sanborn H1,United States,FINISH,1,00:13:29,00:01:31,00:37:17,00:01:20,00:13:00,01:06:36,PTWC Men,sprint,2023 World Triathlon Para Series Devonport,2023-03-18,World Para Series,750.0,20000.0,5000.0,809.0,91.0,2237.0,80.0,780.0,3996.0,H1,,,False,809.0,3996.0,3997.0,3997.0,809.0,-1.0,Sprint,107.86666666666666,111.85,156.0,32.18596334376397,19.999424228877963,1:06:36,2023 World Triathlon Para Series Devonport,False,False,False,False,False,False,False,False,False
171973,576177,69957,Howie Sanborn H1,United States,FINISH,2,00:13:27,00:01:41,00:34:22,00:01:03,00:14:11,01:04:44,PTWC Men,sprint,2023 World Triathlon Para Series Yokohama,2023-05-13,World Para Series,750.0,20000.0,5000.0,807.0,101.0,2062.0,63.0,851.0,3884.0,H1,,,False,807.0,3884.0,3884.0,3884.0,807.0,0.0,Sprint,107.6,103.1,170.2,34.91755577109602,21.696756547041705,1:04:44,2023 World Triathlon Para Series Yokohama,False,False,False,False,False,False,False,False,False
171981,576245,114957,Florian Brungraber H2,Austria,FINISH,1,00:10:16,00:01:25,00:36:11,00:00:55,00:12:19,01:04:07,PTWC Men,sprint,2023 World Triathlon Para Cup Besancon,2023-06-17,World Para Cup,750.0,20000.0,5000.0,616.0,85.0,2171.0,55.0,739.0,3847.0,H2,,,False,616.0,3847.0,3666.0,3666.0,616.0,181.0,Sprint,82.13333333333334,108.55,147.8,33.16444035006909,20.607421464762783,1:04:07,2023 World Triathlon Para Cup Besancon,False,False,False,False,False,False,False,False,False
174960,589236,69957,Howie Sanborn H1,United States,FINISH,1,00:13:41,00:01:14,00:32:07,00:00:59,00:12:59,01:01:00,PTWC Men,sprint,2023 World Triathlon Para Series Montreal,2023-07-08,World Para Series,773.0,20200.0,5000.0,821.0,74.0,1927.0,59.0,779.0,3660.0,H1,,,False,821.0,3660.0,3660.0,3660.0,821.0,0.0,Sprint,106.20957309184993,95.3960396039604,155.8,37.73741567202906,23.44893571354437,1:01:00,2023 World Triathlon Para Series Montreal,False,False,False,False,False,False,False,False,False
173647,582570,69957,Howie Sanborn H1,United States,FINISH,2,00:14:09,00:02:39,00:33:21,00:00:58,00:13:34,01:04:38,PTWC Men,sprint,2023 World Triathlon Para Cup Long Beach,2023-07-14,World Para Cup,750.0,20000.0,5000.0,849.0,159.0,2001.0,58.0,814.0,3878.0,H1,,,False,849.0,3878.0,3881.0,3881.0,849.0,-3.0,Sprint,113.2,100.05,162.8,35.98200899550225,22.358176911544227,1:04:38,2023 World Triathlon Para Cup Long Beach,False,False,False,False,False,False,False,False,False
173647,582570,114957,Florian Brungraber H2,Austria,FINISH,1,00:11:24,00:02:08,00:31:47,00:00:50,00:12:06,01:01:12,PTWC Men,sprint,2023 World Triathlon Para Cup Long Beach,2023-07-14,World Para Cup,750.0,20000.0,5000.0,684.0,128.0,1907.0,50.0,726.0,3672.0,H2,,,False,684.0,3672.0,3495.0,3495.0,684.0,177.0,Sprint,91.2,95.35,145.2,37.755637126376506,23.460257996853695,1:01:12,2023 World Triathlon Para Cup Long Beach,False,False,False,False,False,False,False,False,False
171976,582589,75860,Geert Schipper H2,Netherlands,FINISH,2,00:10:43,00:01:48,n/a,n/a,00:12:34,00:25:04,PTWC Men,sprint,2023 World Triathlon Para Series Swansea,2023-07-15,World Para Series,750.0,,5000.0,643.0,108.0,,,754.0,1504.0,H2,,,False,643.0,1504.0,,,643.0,,Sprint,85.73333333333333,,150.8,,,25:04,2023 World Triathlon Para Series Swansea,False,False,False,False,False,False,False,False,False
171976,582589,75037,Jetze Plat H2,Netherlands,FINISH,1,00:09:32,00:02:03,n/a,n/a,00:12:53,00:24:27,PTWC Men,sprint,2023 World Triathlon Para Series Swansea,2023-07-15,World Para Series,750.0,,5000.0,572.0,123.0,,,773.0,1467.0,H2,,,False,572.0,1467.0,,,572.0,,Sprint,76.26666666666667,,154.6,,,24:27,2023 World Triathlon Para Series Swansea,False,False,False,False,False,False,False,False,False
172816,582631,69957,Howie Sanborn H1,United States,FINISH,7,00:07:18,00:00:43,00:34:30,00:00:54,00:22:03,01:05:25,PTWC Men,sprint,2023 World Triathlon Para Cup Paris,2023-08-19,World Para Cup,,18500.0,,438.0,43.0,2070.0,54.0,1323.0,3925.0,H1,,,False,438.0,3925.0,3928.0,3928.0,438.0,-3.0,Sprint,,111.89189189189189,,32.173913043478265,19.991936521739134,1:05:25,2023 World Triathlon Para Cup Paris,False,False,False,False,False,False,False,False,False
172816,582631,114957,Florian Brungraber H2,Austria,FINISH,3,00:05:58,00:00:38,00:30:59,00:00:44,00:12:54,00:53:53,PTWC Men,sprint,2023 World Triathlon Para Cup Paris,2023-08-19,World Para Cup,,18500.0,,358.0,38.0,1859.0,44.0,774.0,3233.0,H2,,,False,358.0,3233.0,3073.0,3073.0,358.0,160.0,Sprint,,100.48648648648648,,35.82571274878967,22.261058956428187,53:53,2023 World Triathlon Para Cup Paris,False,False,False,False,False,False,False,False,False
172816,582631,75860,Geert Schipper H2,Netherlands,FINISH,2,00:05:55,00:00:38,00:30:52,00:00:43,00:12:25,00:53:12,PTWC Men,sprint,2023 World Triathlon Para Cup Paris,2023-08-19,World Para Cup,,18500.0,,355.0,38.0,1852.0,43.0,745.0,3192.0,H2,,,False,355.0,3192.0,3033.0,3033.0,355.0,159.0,Sprint,,100.10810810810811,,35.961123110151185,22.34519902807775,53:12,2023 World Triathlon Para Cup Paris,False,False,False,False,False,False,False,False,False
172816,582631,75037,Jetze Plat H2,Netherlands,FINISH,1,00:05:56,00:00:32,00:29:16,00:00:39,00:13:15,00:52:18,PTWC Men,sprint,2023 World Triathlon Para Cup Paris,2023-08-19,World Para Cup,,18500.0,,356.0,32.0,1756.0,39.0,795.0,3138.0,H2,,,False,356.0,3138.0,2978.0,2978.0,356.0,160.0,Sprint,,94.91891891891892,,37.92710706150342,23.56680444191344,52:18,2023 World Triathlon Para Cup Paris,False,False,False,False,False,False,False,False,False
173746,582713,75860,Geert Schipper H2,Netherlands,FINISH,1,00:10:35,00:01:57,00:31:52,00:01:11,00:12:25,01:00:58,PTWC Men,sprint,2023 World Triathlon Para Championships Pontevedra,2023-09-22,World Championships,750.0,19600.0,5000.0,635.0,117.0,1912.0,71.0,745.0,3658.0,H2,,,False,635.0,3658.0,3480.0,3480.0,635.0,178.0,Sprint,84.66666666666667,97.55102040816325,149.0,36.903765690376574,22.93092979079498,1:00:58,2023 World Triathlon Para Championships Pontevedra,False,False,False,False,False,False,False,False,False
173746,582713,69957,Howie Sanborn H1,United States,FINISH,5,00:12:52,00:02:43,00:35:53,00:01:28,00:14:20,01:07:14,PTWC Men,sprint,2023 World Triathlon Para Championships Pontevedra,2023-09-22,World Championships,750.0,19600.0,5000.0,772.0,163.0,2153.0,88.0,860.0,4034.0,H1,,,False,772.0,4034.0,4036.0,4036.0,772.0,-2.0,Sprint,102.93333333333334,109.8469387755102,172.0,32.772875058058524,20.364114147700885,1:07:14,2023 World Triathlon Para Championships Pontevedra,False,False,False,False,False,False,False,False,False
173746,582713,114957,Florian Brungraber H2,Austria,FINISH,3,00:10:20,00:02:10,00:31:59,00:01:09,00:13:32,01:02:08,PTWC Men,sprint,2023 World Triathlon Para Championships Pontevedra,2023-09-22,World Championships,750.0,19600.0,5000.0,620.0,130.0,1919.0,69.0,812.0,3728.0,H2,,,False,620.0,3728.0,3550.0,3550.0,620.0,178.0,Sprint,82.66666666666667,97.90816326530611,162.4,36.76915059927046,22.847283877019287,1:02:08,2023 World Triathlon Para Championships Pontevedra,False,False,False,False,False,False,False,False,False
173746,582713,75037,Jetze Plat H2,Netherlands,FINISH,2,00:09:36,00:01:59,00:30:59,00:01:11,00:14:20,01:01:03,PTWC Men,sprint,2023 World Triathlon Para Championships Pontevedra,2023-09-22,World Championships,750.0,19600.0,5000.0,576.0,119.0,1859.0,71.0,860.0,3663.0,H2,,,False,576.0,3663.0,3485.0,3485.0,576.0,178.0,Sprint,76.8,94.8469387755102,172.0,37.955890263582575,23.58468948897257,1:01:03,2023 World Triathlon Para Championships Pontevedra,False,False,False,False,False,False,False,False,False
183649,624266,69957,Howie Sanborn H1,United States,FINISH,4,00:12:05,00:02:11,00:39:36,00:01:05,00:13:20,01:08:18,PTWC Men,sprint,2023 World Triathlon Para Cup Taranto,2023-10-29,World Para Cup,750.0,21000.0,5000.0,725.0,131.0,2376.0,65.0,800.0,4098.0,H1,,,False,725.0,4098.0,4097.0,4097.0,725.0,1.0,Sprint,96.66666666666667,113.14285714285714,160.0,31.818181818181817,19.770895454545453,1:08:18,2023 World Triathlon Para Cup Taranto,False,False,False,False,False,False,False,False,False
183781,630318,114957,Florian Brungraber H2,Austria,FINISH,2,00:10:31,00:01:48,00:30:48,00:00:55,00:11:16,00:58:18,PTWC Men,sprint,2024 World Triathlon Para Series Yokohama,2024-05-11,World Para Series,,20000.0,5000.0,631.0,108.0,1848.0,55.0,676.0,3498.0,H2,180.0,2024.0,True,631.0,3498.0,3318.0,3318.0,631.0,180.0,Sprint,,92.4,135.2,38.961038961038966,24.209259740259743,58:18,2024 World Triathlon Para Series Yokohama,False,False,False,False,False,False,False,False,False
183781,630318,75860,Geert Schipper H2,Netherlands,FINISH,1,00:10:32,00:01:34,00:30:30,00:00:47,00:11:15,00:57:38,PTWC Men,sprint,2024 World Triathlon Para Series Yokohama,2024-05-11,World Para Series,,20000.0,5000.0,632.0,94.0,1830.0,47.0,675.0,3458.0,H2,180.0,2024.0,True,632.0,3458.0,3278.0,3278.0,632.0,180.0,Sprint,,91.5,135.0,39.34426229508197,24.447383606557377,57:38,2024 World Triathlon Para Series Yokohama,False,False,False,False,False,False,False,False,False
183783,634034,114957,Florian Brungraber H2,Austria,FINISH,2,00:10:11,00:01:18,00:36:00,00:00:46,00:11:52,01:03:08,PTWC Men,sprint,2024 World Triathlon Para Cup Besancon,2024-06-15,World Para Cup,750.0,21340.0,5000.0,611.0,78.0,2160.0,46.0,712.0,3788.0,H2,180.0,2024.0,True,611.0,3788.0,3607.0,3607.0,611.0,181.0,Sprint,81.46666666666667,101.21836925960638,142.4,35.56666666666667,22.100095233333334,1:03:08,2024 World Triathlon Para Cup Besancon,False,False,False,False,False,False,False,False,False
183783,634034,75037,Jetze Plat H2,Netherlands,FINISH,1,00:09:25,00:01:10,00:32:04,00:00:55,00:12:18,00:58:54,PTWC Men,sprint,2024 World Triathlon Para Cup Besancon,2024-06-15,World Para Cup,750.0,21340.0,5000.0,565.0,70.0,1924.0,55.0,738.0,3534.0,H2,180.0,2024.0,True,565.0,3534.0,3352.0,3352.0,565.0,182.0,Sprint,75.33333333333333,90.1593252108716,147.6,39.92931392931393,24.810917725571723,58:54,2024 World Triathlon Para Cup Besancon,False,False,False,False,False,False,False,False,False
183784,634130,114957,Florian Brungraber H2,Austria,FINISH,2,00:10:06,00:01:51,00:35:02,00:00:42,00:11:56,01:02:39,PTWC Men,sprint,2024 World Triathlon Para Series Swansea,2024-06-22,World Para Series,750.0,19480.0,5000.0,606.0,111.0,2102.0,42.0,716.0,3759.0,H2,180.0,2024.0,True,606.0,3759.0,3577.0,3577.0,606.0,182.0,Sprint,80.8,107.90554414784394,143.2,33.36251189343482,20.73049737773549,1:02:39,2024 World Triathlon Para Series Swansea,False,False,False,False,False,False,False,False,False
183784,634130,75037,Jetze Plat H2,Netherlands,FINISH,1,00:12:21,00:01:58,00:32:42,00:00:45,00:11:37,00:59:24,PTWC Men,sprint,2024 World Triathlon Para Series Swansea,2024-06-22,World Para Series,750.0,19480.0,5000.0,741.0,118.0,1962.0,45.0,697.0,3564.0,H2,180.0,2024.0,True,741.0,3564.0,3563.0,3563.0,741.0,1.0,Sprint,98.8,100.71868583162217,139.4,35.74311926605505,22.209737761467892,59:24,2024 World Triathlon Para Series Swansea,False,False,False,False,False,False,False,False,False
183784,634130,75860,Geert Schipper H2,Netherlands,FINISH,3,00:10:17,00:01:52,00:35:39,00:00:44,00:11:36,01:03:10,PTWC Men,sprint,2024 World Triathlon Para Series Swansea,2024-06-22,World Para Series,750.0,19480.0,5000.0,617.0,112.0,2139.0,44.0,696.0,3790.0,H2,180.0,2024.0,True,617.0,3790.0,3608.0,3608.0,617.0,182.0,Sprint,82.26666666666667,109.80492813141683,139.2,32.78541374474054,20.371905323983174,1:03:10,2024 World Triathlon Para Series Swansea,False,False,False,False,False,False,False,False,False
183785,634231,69957,Howie Sanborn H1,United States,FINISH,2,00:14:17,00:01:29,00:31:52,00:01:12,00:13:04,01:01:54,PTWC Men,sprint,2024 World Triathlon Para Series Montreal,2024-06-29,World Para Series,760.0,20200.0,5000.0,857.0,89.0,1912.0,72.0,784.0,3714.0,H1,180.0,2024.0,False,857.0,3714.0,3714.0,3714.0,857.0,0.0,Sprint,112.76315789473685,94.65346534653466,156.8,38.03347280334728,23.632897029288703,1:01:54,2024 World Triathlon Para Series Montreal,False,False,False,False,False,False,False,False,False
163894,658385,114957,Florian Brungraber H2,Austria,FINISH,2,00:11:15,00:01:14,00:31:49,00:00:51,00:11:16,00:59:25,PTWC Men,sprint,Paris 2024 Paralympic Games,2024-09-02,Major Games,750.0,20000.0,5000.0,675.0,74.0,1909.0,51.0,676.0,3565.0,H2,180.0,2024.0,True,675.0,3565.0,3385.0,3385.0,675.0,180.0,Sprint,90.0,95.45,135.2,37.71608171817706,23.435679413305397,59:25,Paris 2024 Paralympic Games,False,False,False,False,False,False,False,False,False
163894,658385,75860,Geert Schipper H2,Netherlands,FINISH,3,00:11:21,00:01:06,00:32:42,00:00:42,00:11:29,01:00:20,PTWC Men,sprint,Paris 2024 Paralympic Games,2024-09-02,Major Games,750.0,20000.0,5000.0,681.0,66.0,1962.0,42.0,689.0,3620.0,H2,180.0,2024.0,True,681.0,3620.0,3440.0,3440.0,681.0,180.0,Sprint,90.8,98.1,137.8,36.69724770642202,22.802605504587156,1:00:20,Paris 2024 Paralympic Games,False,False,False,False,False,False,False,False,False
163894,658385,75037,Jetze Plat H2,Netherlands,FINISH,1,00:10:19,00:01:14,00:31:19,00:00:40,00:11:44,00:58:16,PTWC Men,sprint,Paris 2024 Paralympic Games,2024-09-02,Major Games,750.0,20000.0,5000.0,619.0,74.0,1879.0,40.0,704.0,3496.0,H2,180.0,2024.0,True,619.0,3496.0,3316.0,3316.0,619.0,180.0,Sprint,82.53333333333333,93.95,140.8,38.318254390633314,23.809852048962213,58:16,Paris 2024 Paralympic Games,False,False,False,False,False,False,False,False,False
163894,658385,69957,Howie Sanborn H1,United States,FINISH,9,00:14:24,00:01:36,00:34:06,00:00:46,00:18:49,01:09:41,PTWC Men,sprint,Paris 2024 Paralympic Games,2024-09-02,Major Games,750.0,20000.0,5000.0,864.0,96.0,2046.0,46.0,1129.0,4181.0,H1,180.0,2024.0,False,864.0,4181.0,4181.0,4181.0,864.0,0.0,Sprint,115.2,102.3,225.8,35.19061583577712,21.866428152492666,1:09:41,Paris 2024 Paralympic Games,False,False,False,False,False,False,False,False,False
183787,635475,114957,Florian Brungraber H2,Austria,FINISH,2,00:11:19,00:02:26,00:30:32,00:00:51,00:10:44,00:58:52,PTWC Men,sprint,2024 World Triathlon Para Championships Torremolinos-Andalucia,2024-10-17,World Championships,750.0,19100.0,5000.0,679.0,146.0,1832.0,51.0,644.0,3532.0,H2,180.0,2024.0,True,679.0,3532.0,3352.0,3352.0,679.0,180.0,Sprint,90.53333333333333,95.91623036649214,128.8,37.53275109170306,23.321763078602622,58:52,2024 World Triathlon Para Championships Torremolinos-Andalucia,False,False,False,False,False,False,False,False,False
183787,635475,69957,Howie Sanborn H1,United States,FINISH,6,00:14:29,00:03:47,00:32:53,00:01:05,00:12:36,01:04:51,PTWC Men,sprint,2024 World Triathlon Para Championships Torremolinos-Andalucia,2024-10-17,World Championships,750.0,19100.0,5000.0,869.0,227.0,1973.0,65.0,756.0,3891.0,H1,180.0,2024.0,False,869.0,3891.0,3890.0,3890.0,869.0,1.0,Sprint,115.86666666666666,103.29842931937172,151.2,34.85048150025342,21.65507854029397,1:04:51,2024 World Triathlon Para Championships Torremolinos-Andalucia,False,False,False,False,False,False,False,False,False
183787,635475,75037,Jetze Plat H2,Netherlands,FINISH,1,00:10:16,00:02:36,00:28:51,00:00:52,00:11:04,00:56:39,PTWC Men,sprint,2024 World Triathlon Para Championships Torremolinos-Andalucia,2024-10-17,World Championships,750.0,19100.0,5000.0,616.0,156.0,1731.0,52.0,664.0,3399.0,H2,180.0,2024.0,True,616.0,3399.0,3219.0,3219.0,616.0,180.0,Sprint,82.13333333333334,90.6282722513089,132.8,39.722703639514734,24.68253608318891,56:39,2024 World Triathlon Para Championships Torremolinos-Andalucia,False,False,False,False,False,False,False,False,False
194196,671097,114957,Florian Brungraber H2,Austria,FINISH,2,00:10:14,00:01:32,00:30:45,00:00:47,00:11:54,00:58:12,PTWC Men,sprint,2025 World Triathlon Para Cup Abu Dhabi,2025-02-15,World Para Cup,,19980.0,750.0,614.0,92.0,1845.0,47.0,714.0,3492.0,H2,188.0,2025.0,True,614.0,3492.0,3312.0,3312.0,614.0,180.0,Sprint,,92.34234234234233,,38.98536585365854,24.22437576585366,58:12,2025 World Triathlon Para Cup Abu Dhabi,True,False,False,False,False,False,False,False,False
194210,671128,69957,Howie Sanborn H1,United States,FINISH,1,00:13:59,00:01:43,00:38:12,00:01:11,00:14:25,01:09:33,PTWC Men,sprint,2025 World Triathlon Para Series Devonport,2025-03-14,World Para Series,750.0,20000.0,5000.0,839.0,103.0,2292.0,71.0,865.0,4173.0,H1,188.0,2025.0,False,839.0,4173.0,4170.0,4170.0,839.0,3.0,Sprint,111.86666666666666,114.6,173.0,31.413612565445025,19.51950785340314,1:09:33,2025 World Triathlon Para Series Devonport,False,False,False,False,False,False,False,False,False
194191,674096,75860,Geert Schipper H2,Netherlands,FINISH,1,00:10:52,00:01:48,00:34:09,00:00:50,00:11:39,01:02:18,PTWC Men,sprint,2025 World Triathlon Para Series Yokohama,2025-05-17,World Para Series,750.0,21220.0,5000.0,652.0,108.0,2049.0,50.0,699.0,3738.0,H2,188.0,2025.0,True,652.0,3738.0,3558.0,3558.0,652.0,180.0,Sprint,86.93333333333334,96.559849198869,139.8,37.28257686676427,23.166312070278185,1:02:18,2025 World Triathlon Para Series Yokohama,False,False,False,False,False,False,False,False,False
194191,674096,69957,Howie Sanborn H1,United States,FINISH,4,00:12:59,00:02:46,00:37:44,00:01:11,00:15:14,01:09:54,PTWC Men,sprint,2025 World Triathlon Para Series Yokohama,2025-05-17,World Para Series,750.0,21220.0,5000.0,779.0,166.0,2264.0,71.0,914.0,4194.0,H1,188.0,2025.0,False,779.0,4194.0,4194.0,4194.0,779.0,0.0,Sprint,103.86666666666666,106.69180018850142,182.8,33.74204946996466,20.966331021201412,1:09:54,2025 World Triathlon Para Series Yokohama,False,False,False,False,False,False,False,False,False
194212,674455,75860,Geert Schipper H2,Netherlands,FINISH,1,00:11:35,00:00:40,00:35:51,00:00:49,00:11:45,01:03:41,PTWC Men,sprint,2025 World Triathlon Para Series Taranto,2025-06-07,World Para Series,750.0,21000.0,5000.0,695.0,40.0,2151.0,49.0,705.0,3821.0,H2,188.0,2025.0,True,695.0,3821.0,3640.0,3640.0,695.0,181.0,Sprint,92.66666666666667,102.42857142857143,141.0,35.146443514644346,21.838980753138074,1:03:41,2025 World Triathlon Para Series Taranto,False,False,False,False,False,False,False,False,False
194213,674435,69957,Howie Sanborn H1,United States,FINISH,2,00:13:45,00:01:14,00:38:04,00:00:54,00:13:59,01:07:56,PTWC Men,sprint,2025 World Triathlon Para Cup Magog,2025-07-12,World Para Cup,750.0,18900.0,5000.0,825.0,74.0,2284.0,54.0,839.0,4076.0,H1,188.0,2025.0,False,825.0,4076.0,4076.0,4076.0,825.0,0.0,Sprint,110.0,120.84656084656086,167.8,29.789842381786336,18.510544150612958,1:07:56,2025 World Triathlon Para Cup Magog,False,False,False,False,False,False,False,False,False
194208,674513,69957,Howie Sanborn H1,United States,FINISH,3,00:13:41,00:01:21,00:34:30,00:00:55,00:13:42,01:04:09,PTWC Men,sprint,2025 World Triathlon Para Series Montreal,2025-07-19,World Para Series,750.0,21500.0,5000.0,821.0,81.0,2070.0,55.0,822.0,3849.0,H1,188.0,2025.0,False,821.0,3849.0,3849.0,3849.0,821.0,0.0,Sprint,109.46666666666667,96.27906976744185,164.4,37.39130434782609,23.23387217391305,1:04:09,2025 World Triathlon Para Series Montreal,False,False,False,False,False,False,False,False,False
188993,674978,114957,Florian Brungraber H2,Austria,FINISH,2,00:10:30,00:01:39,00:36:26,00:00:45,00:12:35,01:04:54,PTWC Men,standard,2025 World Triathlon Para Championships Wollongong,2025-10-15,World Championships,,,,630.0,99.0,2186.0,45.0,755.0,3894.0,H2,188.0,2025.0,True,630.0,3894.0,3715.0,3715.0,630.0,179.0,Standard,,,,,,1:04:54,2025 World Triathlon Para Championships Wollongong,False,False,False,False,False,False,False,False,False
188993,674978,69957,Howie Sanborn H1,United States,FINISH,4,00:13:04,00:01:51,00:38:40,00:00:55,00:14:31,01:09:02,PTWC Men,standard,2025 World Triathlon Para Championships Wollongong,2025-10-15,World Championships,,,,784.0,111.0,2320.0,55.0,871.0,4142.0,H1,188.0,2025.0,False,784.0,4142.0,4141.0,4141.0,784.0,1.0,Standard,,,,,,1:09:02,2025 World Triathlon Para Championships Wollongong,False,False,False,False,False,False,False,False,False
