event_id,prog_id,athlete_id,full_name,country,finish_status,finish_position,swimtime,t1time,biketime,t2time,runtime,total_time,prog_name,prog_distance_category,event_name,event_date,cat_name,swim_distance,bike_distance,run_distance,swimtime_sec,t1time_sec,biketime_sec,t2time_sec,runtime_sec,total_time_sec,para_subclass,time_factor_sec,time_factor_year,time_factor_applied,swimtime_sec_adjusted,total_time_sec_adjusted,sum_splits_sec,total_time_sec_raw,swimtime_sec_raw,time_factor_segment_sec,distance_panel,swim_pace_s_per_100m,bike_pace_s_per_km,run_pace_s_per_km,bike_speed_kmh,bike_speed_mph,total_time_fmt,event_label,biketime_sec_outlier,swimtime_sec_outlier,bike_speed_kmh_outlier,swim_pace_s_per_100m_outlier,run_pace_s_per_km_outlier,t2time_sec_outlier,t1time_sec_outlier,runtime_sec_outlier,bike_pace_s_per_km_outlier
152696,452695,83771,Kendall Gretsch H2,United States,FINISH,1.0,00:12:38,00:01:33,00:35:57,00:00:51,00:12:49,01:07:52,PTWC Women,,2021 World Triathlon Para Series Yokohama,2021-05-15,World Para Series,,,,758.0,93.0,2157.0,51.0,769.0,4072.0,H2,,,False,758.0,4072.0,3828.0,3828.0,758.0,244.0,Unknown,,,,,,1:07:52,2021 World Triathlon Para Series Yokohama,False,False,False,False,False,False,False,False,False
152696,452695,124233,Jessica Ferreira H1,Brazil,FINISH,2.0,00:16:11,00:01:53,00:35:39,00:01:01,00:13:26,01:08:10,PTWC Women,,2021 World Triathlon Para Series Yokohama,2021-05-15,World Para Series,,,,971.0,113.0,2139.0,61.0,806.0,4090.0,H1,,,False,971.0,4090.0,4090.0,4090.0,971.0,0.0,Unknown,,,,,,1:08:10,2021 World Triathlon Para Series Yokohama,False,False,False,False,False,False,False,False,False
152698,452752,132337,Leanne Taylor H1,Canada,FINISH,6.0,00:16:12,00:04:14,00:56:57,00:01:13,00:17:56,01:36:31,PTWC Women,,AJ Bell 2021 World Triathlon Para Series Leeds,2021-06-05,World Para Series,,,,972.0,254.0,3417.0,73.0,1076.0,5791.0,H1,,,False,972.0,5791.0,5792.0,5792.0,972.0,-1.0,Unknown,,,,,,1:36:31,AJ Bell 2021 World Triathlon Para Series Leeds,False,False,False,False,False,False,False,False,False
152698,452752,83771,Kendall Gretsch H2,United States,FINISH,1.0,00:12:49,00:03:37,00:43:46,00:00:43,00:14:42,01:19:40,PTWC Women,,AJ Bell 2021 World Triathlon Para Series Leeds,2021-06-05,World Para Series,,,,769.0,217.0,2626.0,43.0,882.0,4780.0,H2,,,False,769.0,4780.0,4537.0,4537.0,769.0,243.0,Unknown,,,,,,1:19:40,AJ Bell 2021 World Triathlon Para Series Leeds,False,False,False,False,False,False,False,False,False
154586,453958,132337,Leanne Taylor H1,Canada,FINISH,5.0,00:16:32,00:01:09,00:50:06,00:01:45,00:17:19,01:26:51,PTWC Women,,2021 World Triathlon Para Cup A Coruna,2021-06-20,World Para Cup,,,,992.0,69.0,3006.0,105.0,1039.0,5211.0,H1,,,False,992.0,5211.0,5211.0,5211.0,992.0,0.0,Unknown,,,,,,1:26:51,2021 World Triathlon Para Cup A Coruna,False,False,False,False,False,False,False,False,False
154586,453958,124233,Jessica Ferreira H1,Brazil,FINISH,1.0,00:16:38,00:00:57,00:41:34,00:01:40,00:15:36,01:16:25,PTWC Women,,2021 World Triathlon Para Cup A Coruna,2021-06-20,World Para Cup,,,,998.0,57.0,2494.0,100.0,936.0,4585.0,H1,,,False,998.0,4585.0,4585.0,4585.0,998.0,0.0,Unknown,,,,,,1:16:25,2021 World Triathlon Para Cup A Coruna,False,False,False,False,False,False,False,False,False
131301,508224,122515,Lauren Parker H1,Australia,FINISH,2.0,00:11:47,00:02:11,00:37:03,00:01:09,00:14:16,01:06:26,PTWC Women,,Tokyo 2020 Paralympic Games,2021-08-24,Major Games,,,,707.0,131.0,2223.0,69.0,856.0,3986.0,H1,,,False,707.0,3986.0,3986.0,3986.0,707.0,0.0,Unknown,,,,,,1:06:26,Tokyo 2020 Paralympic Games,False,False,False,False,False,False,False,False,False
131301,508224,124233,Jessica Ferreira H1,Brazil,FINISH,4.0,00:16:31,00:02:12,00:40:26,00:01:13,00:16:01,01:16:23,PTWC Women,,Tokyo 2020 Paralympic Games,2021-08-24,Major Games,,,,991.0,132.0,2426.0,73.0,961.0,4583.0,H1,,,False,991.0,4583.0,4583.0,4583.0,991.0,0.0,Unknown,,,,,,1:16:23,Tokyo 2020 Paralympic Games,False,False,False,False,False,False,False,False,False
131301,508224,83771,Kendall Gretsch H2,United States,FINISH,1.0,00:11:12,00:01:33,00:35:58,00:00:43,00:12:55,01:06:25,PTWC Women,,Tokyo 2020 Paralympic Games,2021-08-24,Major Games,,,,672.0,93.0,2158.0,43.0,775.0,3985.0,H2,,,False,672.0,3985.0,3741.0,3741.0,672.0,244.0,Unknown,,,,,,1:06:25,Tokyo 2020 Paralympic Games,False,False,False,False,False,False,False,False,False
162511,526347,132337,Leanne Taylor H1,Canada,FINISH,6.0,00:14:26,00:02:33,00:47:20,00:01:20,00:14:03,01:19:41,PTWC Women,,2021 World Triathlon Para Championships Abu Dhabi,2021-11-05,World Championships,,,,866.0,153.0,2840.0,80.0,843.0,4781.0,H1,,,False,866.0,4781.0,4782.0,4782.0,866.0,-1.0,Unknown,,,,,,1:19:41,2021 World Triathlon Para Championships Abu Dhabi,False,False,False,False,False,False,False,False,False
162511,526347,122515,Lauren Parker H1,Australia,FINISH,1.0,00:11:36,00:02:43,00:34:54,00:01:24,00:14:48,01:05:24,PTWC Women,,2021 World Triathlon Para Championships Abu Dhabi,2021-11-05,World Championships,,,,696.0,163.0,2094.0,84.0,888.0,3924.0,H1,,,False,696.0,3924.0,3925.0,3925.0,696.0,-1.0,Unknown,,,,,,1:05:24,2021 World Triathlon Para Championships Abu Dhabi,False,False,False,False,False,False,False,False,False
162511,526347,124233,Jessica Ferreira H1,Brazil,FINISH,2.0,00:14:31,00:02:24,00:37:41,00:01:17,00:13:28,01:09:19,PTWC Women,,2021 World Triathlon Para Championships Abu Dhabi,2021-11-05,World Championships,,,,871.0,144.0,2261.0,77.0,808.0,4159.0,H1,,,False,871.0,4159.0,4161.0,4161.0,871.0,-2.0,Unknown,,,,,,1:09:19,2021 World Triathlon Para Championships Abu Dhabi,False,False,False,False,False,False,False,False,False
163470,544239,124233,Jessica Ferreira H1,Brazil,FINISH,3.0,00:15:08,00:02:29,00:37:26,00:01:22,00:17:24,01:13:49,PTWC Women,sprint,2022 World Triathlon Para Series Yokohama,2022-05-14,World Para Series,750.0,20000.0,5000.0,908.0,149.0,2246.0,82.0,1044.0,4429.0,H1,,,False,908.0,4429.0,4429.0,4429.0,908.0,0.0,Sprint,121.06666666666666,112.3,208.8,32.05699020480855,19.919284060552094,1:13:49,2022 World Triathlon Para Series Yokohama,False,False,False,False,False,False,False,False,False
163470,544239,132337,Leanne Taylor H1,Canada,FINISH,2.0,00:14:51,00:01:55,00:40:29,00:01:10,00:15:01,01:13:26,PTWC Women,sprint,2022 World Triathlon Para Series Yokohama,2022-05-14,World Para Series,750.0,20000.0,5000.0,891.0,115.0,2429.0,70.0,901.0,4406.0,H1,,,False,891.0,4406.0,4406.0,4406.0,891.0,0.0,Sprint,118.8,121.45,180.2,29.641827912721283,18.418572251955535,1:13:26,2022 World Triathlon Para Series Yokohama,False,False,False,False,False,False,False,False,False
163473,545478,132337,Leanne Taylor H1,Canada,FINISH,2.0,00:00:00,00:00:00,00:52:14,00:01:17,00:15:33,01:25:40,PTWC Women,sprint,2022 World Triathlon Para Cup Besancon,2022-06-11,World Para Cup,,,,,,3134.0,77.0,933.0,5140.0,H1,,,False,,5140.0,,,,,Sprint,,,,,,1:25:40,2022 World Triathlon Para Cup Besancon,False,False,False,False,False,False,False,False,False
163485,545434,132337,Leanne Taylor H1,Canada,DNF,,00:00:00,00:00:00,00:00:00,00:00:00,00:00:00,DNF,PTWC Women,sprint,2022 World Triathlon Para Cup A Coruna,2022-06-19,World Para Cup,750.0,20800.0,5050.0,,,,,,,H1,,,False,,,,,,,Sprint,,,,,,,2022 World Triathlon Para Cup A Coruna,False,False,False,False,False,False,False,False,False
166221,553015,122515,Lauren Parker H1,Australia,FINISH,1.0,00:13:22,00:00:00,00:37:00,00:01:05,00:13:43,01:05:08,PTWC Women,,2022 World Triathlon Para Series Montreal,2022-07-08,World Para Series,750.0,22500.0,5000.0,802.0,,2220.0,65.0,823.0,3908.0,H1,,,False,802.0,3908.0,,,802.0,,Sprint,106.93333333333334,98.66666666666667,164.6,36.486486486486484,22.671644594594593,1:05:08,2022 World Triathlon Para Series Montreal,False,False,False,False,False,False,False,False,False
166221,553015,132337,Leanne Taylor H1,Canada,FINISH,3.0,00:15:17,00:00:00,00:43:15,00:00:52,00:13:18,01:12:40,PTWC Women,,2022 World Triathlon Para Series Montreal,2022-07-08,World Para Series,750.0,22500.0,5000.0,917.0,,2595.0,52.0,798.0,4360.0,H1,,,False,917.0,4360.0,,,917.0,,Sprint,122.26666666666667,115.33333333333333,159.6,31.213872832369944,19.395395375722543,1:12:40,2022 World Triathlon Para Series Montreal,False,False,False,False,False,False,False,False,False
166221,553015,83771,Kendall Gretsch H2,United States,FINISH,2.0,00:12:25,00:00:00,00:41:54,00:00:55,00:12:56,01:11:50,PTWC Women,,2022 World Triathlon Para Series Montreal,2022-07-08,World Para Series,750.0,22500.0,5000.0,745.0,,2514.0,55.0,776.0,4310.0,H2,,,False,745.0,4310.0,,,745.0,,Sprint,99.33333333333333,111.73333333333333,155.2,32.21957040572792,20.020306682577566,1:11:50,2022 World Triathlon Para Series Montreal,False,False,False,False,False,False,False,False,False
166221,553015,124233,Jessica Ferreira H1,Brazil,DSQ,,00:15:33,00:00:00,00:41:21,00:00:52,00:14:30,DSQ,PTWC Women,,2022 World Triathlon Para Series Montreal,2022-07-08,World Para Series,750.0,22500.0,5000.0,,,,,,,H1,,,False,,,,,,,Sprint,,,,,,,2022 World Triathlon Para Series Montreal,False,False,False,False,False,False,False,False,False
163477,546888,132337,Leanne Taylor H1,Canada,FINISH,5.0,00:13:55,00:02:21,00:41:22,00:00:55,00:15:11,01:13:42,PTWC Women,sprint,2022 World Triathlon Para Series Swansea,2022-08-06,World Para Series,750.0,19500.0,5000.0,835.0,141.0,2482.0,55.0,911.0,4422.0,H1,,,False,835.0,4422.0,4424.0,4424.0,835.0,-2.0,Sprint,111.33333333333333,127.28205128205128,182.2,28.283642224012894,17.574635052377115,1:13:42,2022 World Triathlon Para Series Swansea,False,False,False,False,False,False,False,False,False
163477,546888,122515,Lauren Parker H1,Australia,FINISH,1.0,00:11:47,00:02:12,00:35:37,00:01:04,00:16:00,01:06:38,PTWC Women,sprint,2022 World Triathlon Para Series Swansea,2022-08-06,World Para Series,750.0,19500.0,5000.0,707.0,132.0,2137.0,64.0,960.0,3998.0,H1,,,False,707.0,3998.0,4000.0,4000.0,707.0,-2.0,Sprint,94.26666666666667,109.58974358974359,192.0,32.84978942442677,20.411906504445486,1:06:38,2022 World Triathlon Para Series Swansea,False,False,False,False,False,False,False,False,False
163477,546888,83771,Kendall Gretsch H2,United States,FINISH,2.0,00:11:23,00:01:43,00:38:48,00:00:45,00:15:01,01:11:20,PTWC Women,sprint,2022 World Triathlon Para Series Swansea,2022-08-06,World Para Series,750.0,19500.0,5000.0,683.0,103.0,2328.0,45.0,901.0,4280.0,H2,,,False,683.0,4280.0,4060.0,4060.0,683.0,220.0,Sprint,91.06666666666666,119.38461538461539,180.2,30.154639175257735,18.737218298969076,1:11:20,2022 World Triathlon Para Series Swansea,False,False,False,False,False,False,False,False,False
163477,546888,124233,Jessica Ferreira H1,Brazil,FINISH,3.0,00:14:00,00:02:22,00:39:11,00:00:55,00:15:57,01:12:23,PTWC Women,sprint,2022 World Triathlon Para Series Swansea,2022-08-06,World Para Series,750.0,19500.0,5000.0,840.0,142.0,2351.0,55.0,957.0,4343.0,H1,,,False,840.0,4343.0,4345.0,4345.0,840.0,-2.0,Sprint,112.0,120.56410256410257,191.4,29.859634198213527,18.553910761378138,1:12:23,2022 World Triathlon Para Series Swansea,False,False,False,False,False,False,False,False,False
184628,560531,124233,Jessica Ferreira H1,Brazil,FINISH,3.0,00:14:28,00:02:39,00:38:38,00:01:04,00:14:26,01:11:12,PTWC Women,sprint,2022 World Triathlon Para Championships Abu Dhabi,2022-11-24,World Championships,750.0,20002.0,5000.0,868.0,159.0,2318.0,64.0,866.0,4272.0,H1,,,False,868.0,4272.0,4275.0,4275.0,868.0,-3.0,Sprint,115.73333333333333,115.88841115888413,173.2,31.064365832614325,19.302496061777397,1:11:12,2022 World Triathlon Para Championships Abu Dhabi,False,False,False,False,False,False,False,False,False
184628,560531,132337,Leanne Taylor H1,Canada,FINISH,4.0,00:13:17,00:03:00,00:42:29,00:01:03,00:13:45,01:13:32,PTWC Women,sprint,2022 World Triathlon Para Championships Abu Dhabi,2022-11-24,World Championships,750.0,20002.0,5000.0,797.0,180.0,2549.0,63.0,825.0,4412.0,H1,,,False,797.0,4412.0,4414.0,4414.0,797.0,-2.0,Sprint,106.26666666666667,127.43725627437257,165.0,28.24919576304433,17.55323102047862,1:13:32,2022 World Triathlon Para Championships Abu Dhabi,False,False,False,False,False,False,False,False,False
184628,560531,83771,Kendall Gretsch H2,United States,FINISH,2.0,00:11:38,00:02:20,00:37:13,00:00:45,00:13:33,01:09:08,PTWC Women,sprint,2022 World Triathlon Para Championships Abu Dhabi,2022-11-24,World Championships,750.0,20002.0,5000.0,698.0,140.0,2233.0,45.0,813.0,4148.0,H2,,,False,698.0,4148.0,3929.0,3929.0,698.0,219.0,Sprint,93.06666666666666,111.63883611638836,162.6,32.24684281236005,20.037252965158977,1:09:08,2022 World Triathlon Para Championships Abu Dhabi,False,False,False,False,False,False,False,False,False
184628,560531,122515,Lauren Parker H1,Australia,FINISH,1.0,00:11:57,00:02:41,00:38:41,00:01:17,00:14:09,01:08:43,PTWC Women,sprint,2022 World Triathlon Para Championships Abu Dhabi,2022-11-24,World Championships,750.0,20002.0,5000.0,717.0,161.0,2321.0,77.0,849.0,4123.0,H1,,,False,717.0,4123.0,4125.0,4125.0,717.0,-2.0,Sprint,95.6,116.03839616038397,169.8,31.024213700990952,19.27754669159845,1:08:43,2022 World Triathlon Para Championships Abu Dhabi,False,False,False,False,False,False,False,False,False
171975,576202,122515,Lauren Parker H1,Australia,FINISH,1.0,00:12:18,00:01:53,00:39:45,00:01:43,00:14:12,01:09:49,PTWC Women,sprint,2023 World Triathlon Para Series Devonport,2023-03-18,World Para Series,750.0,20000.0,5000.0,738.0,113.0,2385.0,103.0,852.0,4189.0,H1,,,False,738.0,4189.0,4191.0,4191.0,738.0,-2.0,Sprint,98.4,119.25,170.4,30.18867924528302,18.758369811320755,1:09:49,2023 World Triathlon Para Series Devonport,False,False,False,False,False,False,False,False,False
171973,576178,124233,Jessica Ferreira H1,Brazil,FINISH,3.0,00:14:03,00:02:01,00:36:28,00:01:14,00:15:27,01:09:13,PTWC Women,sprint,2023 World Triathlon Para Series Yokohama,2023-05-13,World Para Series,750.0,20000.0,5000.0,843.0,121.0,2188.0,74.0,927.0,4153.0,H1,,,False,843.0,4153.0,4153.0,4153.0,843.0,0.0,Sprint,112.4,109.4,185.4,32.90676416819013,20.44730895795247,1:09:13,2023 World Triathlon Para Series Yokohama,False,False,False,False,False,False,False,False,False
171973,576178,122515,Lauren Parker H1,Australia,FINISH,1.0,00:12:09,00:03:52,00:34:51,00:01:12,00:15:02,01:07:06,PTWC Women,sprint,2023 World Triathlon Para Series Yokohama,2023-05-13,World Para Series,750.0,20000.0,5000.0,729.0,232.0,2091.0,72.0,902.0,4026.0,H1,,,False,729.0,4026.0,4026.0,4026.0,729.0,0.0,Sprint,97.2,104.55,180.4,34.433285509325685,21.39584505021521,1:07:06,2023 World Triathlon Para Series Yokohama,False,False,False,False,False,False,False,False,False
171973,576178,83771,Kendall Gretsch H2,United States,FINISH,2.0,00:12:09,00:01:35,00:35:43,00:01:03,00:14:05,01:08:13,PTWC Women,sprint,2023 World Triathlon Para Series Yokohama,2023-05-13,World Para Series,750.0,20000.0,5000.0,729.0,95.0,2143.0,63.0,845.0,4093.0,H2,,,False,729.0,4093.0,3875.0,3875.0,729.0,218.0,Sprint,97.2,107.15,169.0,33.59776014932338,20.876673821745218,1:08:13,2023 World Triathlon Para Series Yokohama,False,False,False,False,False,False,False,False,False
171973,576178,132337,Leanne Taylor H1,Canada,FINISH,5.0,00:14:00,00:02:09,00:37:48,00:01:06,00:16:13,01:11:16,PTWC Women,sprint,2023 World Triathlon Para Series Yokohama,2023-05-13,World Para Series,750.0,20000.0,5000.0,840.0,129.0,2268.0,66.0,973.0,4276.0,H1,,,False,840.0,4276.0,4276.0,4276.0,840.0,0.0,Sprint,112.0,113.4,194.6,31.746031746031747,19.726063492063492,1:11:16,2023 World Triathlon Para Series Yokohama,False,False,False,False,False,False,False,False,False
174960,589244,124233,Jessica Ferreira H1,Brazil,FINISH,3.0,00:14:41,00:01:29,00:35:51,00:01:01,00:13:29,01:06:31,PTWC Women,sprint,2023 World Triathlon Para Series Montreal,2023-07-08,World Para Series,773.0,20200.0,5000.0,881.0,89.0,2151.0,61.0,809.0,3991.0,H1,,,False,881.0,3991.0,3991.0,3991.0,881.0,0.0,Sprint,113.97153945666234,106.48514851485149,161.8,33.80753138075313,21.007019581589955,1:06:31,2023 World Triathlon Para Series Montreal,False,False,False,False,False,False,False,False,False
174960,589244,122515,Lauren Parker H1,Australia,FINISH,1.0,00:12:16,00:01:40,00:34:26,00:01:14,00:13:56,01:03:32,PTWC Women,sprint,2023 World Triathlon Para Series Montreal,2023-07-08,World Para Series,773.0,20200.0,5000.0,736.0,100.0,2066.0,74.0,836.0,3812.0,H1,,,False,736.0,3812.0,3812.0,3812.0,736.0,0.0,Sprint,95.21345407503233,102.27722772277228,167.2,35.198451113262344,21.871296766698936,1:03:32,2023 World Triathlon Para Series Montreal,False,False,False,False,False,False,False,False,False
174960,589244,132337,Leanne Taylor H1,Canada,FINISH,4.0,00:13:07,00:01:28,00:38:49,00:01:09,00:13:47,01:08:20,PTWC Women,sprint,2023 World Triathlon Para Series Montreal,2023-07-08,World Para Series,773.0,20200.0,5000.0,787.0,88.0,2329.0,69.0,827.0,4100.0,H1,,,False,787.0,4100.0,4100.0,4100.0,787.0,0.0,Sprint,101.81112548512289,115.2970297029703,165.4,31.223701159295835,19.401502413052814,1:08:20,2023 World Triathlon Para Series Montreal,False,False,False,False,False,False,False,False,False
174960,589244,83771,Kendall Gretsch H2,United States,FINISH,2.0,00:11:46,00:01:30,00:35:43,00:00:44,00:12:50,01:06:11,PTWC Women,sprint,2023 World Triathlon Para Series Montreal,2023-07-08,World Para Series,773.0,20200.0,5000.0,706.0,90.0,2143.0,44.0,770.0,3971.0,H2,,,False,706.0,3971.0,3753.0,3753.0,706.0,218.0,Sprint,91.33247089262613,106.0891089108911,154.0,33.93373775081661,21.08544055996267,1:06:11,2023 World Triathlon Para Series Montreal,False,False,False,False,False,False,False,False,False
171976,582597,122515,Lauren Parker H1,Australia,DNS,,00:00:00,00:00:00,n/a,n/a,00:00:00,DNS,PTWC Women,sprint,2023 World Triathlon Para Series Swansea,2023-07-15,World Para Series,750.0,,5000.0,,,,,,,H1,,,False,,,,,,,Sprint,,,,,,,2023 World Triathlon Para Series Swansea,False,False,False,False,False,False,False,False,False
171976,582597,124233,Jessica Ferreira H1,Brazil,FINISH,2.0,00:13:42,00:02:54,n/a,n/a,00:15:44,00:32:20,PTWC Women,sprint,2023 World Triathlon Para Series Swansea,2023-07-15,World Para Series,750.0,,5000.0,822.0,174.0,,,944.0,1940.0,H1,,,False,822.0,1940.0,,,822.0,,Sprint,109.6,,188.8,,,32:20,2023 World Triathlon Para Series Swansea,False,False,False,False,False,False,False,False,False
172816,582639,124233,Jessica Ferreira H1,Brazil,FINISH,3.0,00:07:34,00:00:52,00:39:31,00:00:55,00:14:40,01:03:31,PTWC Women,sprint,2023 World Triathlon Para Cup Paris,2023-08-19,World Para Cup,,18500.0,,454.0,52.0,2371.0,55.0,880.0,3811.0,H1,,,False,454.0,3811.0,3812.0,3812.0,454.0,-1.0,Sprint,,128.16216216216216,,28.089413749472794,17.45394711092366,1:03:31,2023 World Triathlon Para Cup Paris,False,False,False,False,False,False,False,False,False
172816,582639,83771,Kendall Gretsch H2,United States,FINISH,2.0,00:06:56,00:00:39,00:35:29,00:00:45,00:13:42,01:00:44,PTWC Women,sprint,2023 World Triathlon Para Cup Paris,2023-08-19,World Para Cup,,18500.0,,416.0,39.0,2129.0,45.0,822.0,3644.0,H2,,,False,416.0,3644.0,3451.0,3451.0,416.0,193.0,Sprint,,115.08108108108108,,31.282292155941757,19.437909159229687,1:00:44,2023 World Triathlon Para Cup Paris,False,False,False,False,False,False,False,False,False
172816,582639,132337,Leanne Taylor H1,Canada,FINISH,4.0,00:08:13,00:00:48,00:40:00,00:01:01,00:14:29,01:04:30,PTWC Women,sprint,2023 World Triathlon Para Cup Paris,2023-08-19,World Para Cup,,18500.0,,493.0,48.0,2400.0,61.0,869.0,3870.0,H1,,,False,493.0,3870.0,3871.0,3871.0,493.0,-1.0,Sprint,,129.72972972972974,,27.75,17.24304525,1:04:30,2023 World Triathlon Para Cup Paris,False,False,False,False,False,False,False,False,False
172816,582639,122515,Lauren Parker H1,Australia,FINISH,1.0,00:07:35,00:00:52,00:34:59,00:01:01,00:14:47,00:59:14,PTWC Women,sprint,2023 World Triathlon Para Cup Paris,2023-08-19,World Para Cup,,18500.0,,455.0,52.0,2099.0,61.0,887.0,3554.0,H1,,,False,455.0,3554.0,3554.0,3554.0,455.0,0.0,Sprint,,113.45945945945945,,31.72939494997618,19.715725869461647,59:14,2023 World Triathlon Para Cup Paris,False,False,False,False,False,False,False,False,False
173746,582721,124233,Jessica Ferreira H1,Brazil,FINISH,3.0,00:13:57,00:03:10,00:40:00,00:01:27,00:15:16,01:13:48,PTWC Women,sprint,2023 World Triathlon Para Championships Pontevedra,2023-09-22,World Championships,750.0,19600.0,5000.0,837.0,190.0,2400.0,87.0,916.0,4428.0,H1,,,False,837.0,4428.0,4430.0,4430.0,837.0,-2.0,Sprint,111.6,122.44897959183673,183.2,29.400000000000002,18.2683074,1:13:48,2023 World Triathlon Para Championships Pontevedra,False,False,False,False,False,False,False,False,False
173746,582721,83771,Kendall Gretsch H2,United States,FINISH,2.0,00:12:05,00:02:33,00:37:59,00:01:15,00:13:51,01:11:19,PTWC Women,sprint,2023 World Triathlon Para Championships Pontevedra,2023-09-22,World Championships,750.0,19600.0,5000.0,725.0,153.0,2279.0,75.0,831.0,4279.0,H2,,,False,725.0,4279.0,4063.0,4063.0,725.0,216.0,Sprint,96.66666666666667,116.27551020408163,166.2,30.96094778411584,19.238235085563844,1:11:19,2023 World Triathlon Para Championships Pontevedra,False,False,False,False,False,False,False,False,False
173746,582721,122515,Lauren Parker H1,Australia,FINISH,1.0,00:12:29,00:03:29,00:38:06,00:01:47,00:14:50,01:10:38,PTWC Women,sprint,2023 World Triathlon Para Championships Pontevedra,2023-09-22,World Championships,750.0,19600.0,5000.0,749.0,209.0,2286.0,107.0,890.0,4238.0,H1,,,False,749.0,4238.0,4241.0,4241.0,749.0,-3.0,Sprint,99.86666666666666,116.63265306122449,178.0,30.866141732283467,19.17932535433071,1:10:38,2023 World Triathlon Para Championships Pontevedra,False,False,False,False,False,False,False,False,False
173746,582721,132337,Leanne Taylor H1,Canada,FINISH,5.0,00:13:07,00:02:56,00:42:26,00:01:40,00:16:34,01:16:40,PTWC Women,sprint,2023 World Triathlon Para Championships Pontevedra,2023-09-22,World Championships,750.0,19600.0,5000.0,787.0,176.0,2546.0,100.0,994.0,4600.0,H1,,,False,787.0,4600.0,4603.0,4603.0,787.0,-3.0,Sprint,104.93333333333334,129.89795918367346,198.8,27.71406127258445,17.22071396700707,1:16:40,2023 World Triathlon Para Championships Pontevedra,False,False,False,False,False,False,False,False,False
175735,596442,124233,Jessica Ferreira H1,Brazil,FINISH,1.0,00:14:49,00:00:57,00:37:05,00:01:00,00:13:30,01:07:21,PTWC Women,sprint,2023 World Triathlon Para Cup Alhandra,2023-10-07,World Para Cup,750.0,19950.0,4930.0,889.0,57.0,2225.0,60.0,810.0,4041.0,H1,,,False,889.0,4041.0,4041.0,4041.0,889.0,0.0,Sprint,118.53333333333333,111.52882205513785,164.3002028397566,32.27865168539326,20.057018076404493,1:07:21,2023 World Triathlon Para Cup Alhandra,False,False,False,False,False,False,False,False,False
183781,630326,122515,Lauren Parker H1,Australia,FINISH,1.0,00:12:03,00:02:21,00:34:18,00:00:57,00:13:57,01:03:36,PTWC Women,sprint,2024 World Triathlon Para Series Yokohama,2024-05-11,World Para Series,,20000.0,5000.0,723.0,141.0,2058.0,57.0,837.0,3816.0,H1,218.0,2024.0,False,723.0,3816.0,3816.0,3816.0,723.0,0.0,Sprint,,102.9,167.4,34.98542274052478,21.738927113702626,1:03:36,2024 World Triathlon Para Series Yokohama,False,False,False,False,False,False,False,False,False
183781,630326,124233,Jessica Ferreira H1,Brazil,FINISH,3.0,00:13:46,00:01:46,00:35:20,00:00:55,00:13:15,01:05:02,PTWC Women,sprint,2024 World Triathlon Para Series Yokohama,2024-05-11,World Para Series,,20000.0,5000.0,826.0,106.0,2120.0,55.0,795.0,3902.0,H1,218.0,2024.0,False,826.0,3902.0,3902.0,3902.0,826.0,0.0,Sprint,,106.0,159.0,33.9622641509434,21.10316603773585,1:05:02,2024 World Triathlon Para Series Yokohama,False,False,False,False,False,False,False,False,False
183781,630326,83771,Kendall Gretsch H2,United States,FINISH,4.0,00:11:34,00:01:42,00:35:01,00:00:46,00:12:59,01:05:40,PTWC Women,sprint,2024 World Triathlon Para Series Yokohama,2024-05-11,World Para Series,,20000.0,5000.0,694.0,102.0,2101.0,46.0,779.0,3940.0,H2,218.0,2024.0,True,694.0,3940.0,3722.0,3722.0,694.0,218.0,Sprint,,105.05,155.8,34.26939552594003,21.294008567348882,1:05:40,2024 World Triathlon Para Series Yokohama,False,False,False,False,False,False,False,False,False
183781,630326,132337,Leanne Taylor H1,Canada,FINISH,2.0,00:12:53,00:02:11,00:35:58,00:01:00,00:12:59,01:05:01,PTWC Women,sprint,2024 World Triathlon Para Series Yokohama,2024-05-11,World Para Series,,20000.0,5000.0,773.0,131.0,2158.0,60.0,779.0,3901.0,H1,218.0,2024.0,False,773.0,3901.0,3901.0,3901.0,773.0,0.0,Sprint,,107.9,155.8,33.364226135310474,20.731562557924004,1:05:01,2024 World Triathlon Para Series Yokohama,False,False,False,False,False,False,False,False,False
183784,634138,83771,Kendall Gretsch H2,United States,FINISH,2.0,00:11:33,00:02:20,00:39:38,00:00:40,00:15:45,01:13:36,PTWC Women,sprint,2024 World Triathlon Para Series Swansea,2024-06-22,World Para Series,750.0,19480.0,5000.0,693.0,140.0,2378.0,40.0,945.0,4416.0,H2,218.0,2024.0,True,693.0,4416.0,4196.0,4196.0,693.0,220.0,Sprint,92.4,122.07392197125256,189.0,29.490328006728344,18.3244346038688,1:13:36,2024 World Triathlon Para Series Swansea,False,False,False,False,False,False,False,False,False
183784,634138,132337,Leanne Taylor H1,Canada,FINISH,1.0,00:12:50,00:02:40,00:41:42,00:00:50,00:14:18,01:12:21,PTWC Women,sprint,2024 World Triathlon Para Series Swansea,2024-06-22,World Para Series,750.0,19480.0,5000.0,770.0,160.0,2502.0,50.0,858.0,4341.0,H1,218.0,2024.0,False,770.0,4341.0,4340.0,4340.0,770.0,1.0,Sprint,102.66666666666667,128.4394250513347,171.6,28.02877697841727,17.41626917985612,1:12:21,2024 World Triathlon Para Series Swansea,False,False,False,False,False,False,False,False,False
183785,634240,124233,Jessica Ferreira H1,Brazil,FINISH,3.0,00:14:10,00:01:28,00:36:53,00:01:07,00:13:16,01:06:54,PTWC Women,sprint,2024 World Triathlon Para Series Montreal,2024-06-29,World Para Series,760.0,20200.0,5000.0,850.0,88.0,2213.0,67.0,796.0,4014.0,H1,218.0,2024.0,False,850.0,4014.0,4014.0,4014.0,850.0,0.0,Sprint,111.8421052631579,109.55445544554456,159.2,32.86037053773159,20.418481301400817,1:06:54,2024 World Triathlon Para Series Montreal,False,False,False,False,False,False,False,False,False
183785,634240,132337,Leanne Taylor H1,Canada,FINISH,2.0,00:13:40,00:01:41,00:36:13,00:00:55,00:13:18,01:05:47,PTWC Women,sprint,2024 World Triathlon Para Series Montreal,2024-06-29,World Para Series,760.0,20200.0,5000.0,820.0,101.0,2173.0,55.0,798.0,3947.0,H1,218.0,2024.0,False,820.0,3947.0,3947.0,3947.0,820.0,0.0,Sprint,107.89473684210527,107.57425742574257,159.6,33.46525540727105,20.79433921767142,1:05:47,2024 World Triathlon Para Series Montreal,False,False,False,False,False,False,False,False,False
183785,634240,83771,Kendall Gretsch H2,United States,FINISH,1.0,00:12:02,00:01:11,00:34:42,00:00:45,00:13:16,01:05:34,PTWC Women,sprint,2024 World Triathlon Para Series Montreal,2024-06-29,World Para Series,760.0,20200.0,5000.0,722.0,71.0,2082.0,45.0,796.0,3934.0,H2,218.0,2024.0,True,722.0,3934.0,3716.0,3716.0,722.0,218.0,Sprint,95.0,103.06930693069307,159.2,34.92795389048991,21.703217636887604,1:05:34,2024 World Triathlon Para Series Montreal,False,False,False,False,False,False,False,False,False
163894,658386,132337,Leanne Taylor H1,Canada,FINISH,3.0,00:14:31,00:01:43,00:41:07,00:00:50,00:14:00,01:12:11,PTWC Women,sprint,Paris 2024 Paralympic Games,2024-09-02,Major Games,750.0,20000.0,5000.0,871.0,103.0,2467.0,50.0,840.0,4331.0,H1,218.0,2024.0,False,871.0,4331.0,4331.0,4331.0,871.0,0.0,Sprint,116.13333333333334,123.35,168.0,29.18524523713012,18.134865018240777,1:12:11,Paris 2024 Paralympic Games,False,False,False,False,False,False,False,False,False
163894,658386,124233,Jessica Ferreira H1,Brazil,DNF,,00:15:10,00:01:44,00:38:15,00:00:59,00:00:00,DNF,PTWC Women,sprint,Paris 2024 Paralympic Games,2024-09-02,Major Games,750.0,20000.0,5000.0,,,,,,,H1,218.0,2024.0,False,,,,,,,Sprint,,,,,,,Paris 2024 Paralympic Games,False,False,False,False,False,False,False,False,False
163894,658386,122515,Lauren Parker H1,Australia,FINISH,1.0,00:13:19,00:01:48,00:36:39,00:00:49,00:13:48,01:06:23,PTWC Women,sprint,Paris 2024 Paralympic Games,2024-09-02,Major Games,750.0,20000.0,5000.0,799.0,108.0,2199.0,49.0,828.0,3983.0,H1,218.0,2024.0,False,799.0,3983.0,3983.0,3983.0,799.0,0.0,Sprint,106.53333333333333,109.95,165.6,32.74215552523874,20.345025920873123,1:06:23,Paris 2024 Paralympic Games,False,False,False,False,False,False,False,False,False
163894,658386,83771,Kendall Gretsch H2,United States,FINISH,2.0,00:12:41,00:01:13,00:36:28,00:00:33,00:13:13,01:07:46,PTWC Women,sprint,Paris 2024 Paralympic Games,2024-09-02,Major Games,750.0,20000.0,5000.0,761.0,73.0,2188.0,33.0,793.0,4066.0,H2,218.0,2024.0,True,761.0,4066.0,3848.0,3848.0,761.0,218.0,Sprint,101.46666666666667,109.4,158.6,32.90676416819013,20.44730895795247,1:07:46,Paris 2024 Paralympic Games,False,False,False,False,False,False,False,False,False
185650,632034,124233,Jessica Ferreira H1,Brazil,FINISH,1.0,00:18:46,00:01:57,00:35:56,00:01:26,00:13:32,01:11:37,PTWC Women,sprint,2024 World Triathlon Para Cup Alhandra,2024-10-12,World Para Cup,750.0,19000.0,5000.0,1126.0,117.0,2156.0,86.0,812.0,4297.0,H1,218.0,2024.0,False,1126.0,4297.0,4297.0,4297.0,1126.0,0.0,Sprint,150.13333333333333,113.47368421052632,162.4,31.725417439703154,19.713254359925788,1:11:37,2024 World Triathlon Para Cup Alhandra,False,False,False,False,False,False,False,False,False
183787,635484,122515,Lauren Parker H1,Australia,FINISH,3.0,00:13:08,00:04:38,00:36:04,00:01:13,00:13:55,01:08:57,PTWC Women,sprint,2024 World Triathlon Para Championships Torremolinos-Andalucia,2024-10-17,World Championships,750.0,19100.0,5000.0,788.0,278.0,2164.0,73.0,835.0,4137.0,H1,218.0,2024.0,False,788.0,4137.0,4138.0,4138.0,788.0,-1.0,Sprint,105.06666666666666,113.29842931937172,167.0,31.77449168207024,19.74374767097967,1:08:57,2024 World Triathlon Para Championships Torremolinos-Andalucia,False,False,False,False,False,False,False,False,False
183787,635484,132337,Leanne Taylor H1,Canada,FINISH,4.0,00:14:17,00:03:33,00:37:59,00:01:07,00:13:10,01:10:07,PTWC Women,sprint,2024 World Triathlon Para Championships Torremolinos-Andalucia,2024-10-17,World Championships,750.0,19100.0,5000.0,857.0,213.0,2279.0,67.0,790.0,4207.0,H1,218.0,2024.0,False,857.0,4207.0,4206.0,4206.0,857.0,1.0,Sprint,114.26666666666667,119.31937172774869,158.0,30.171127687582274,18.747463782360686,1:10:07,2024 World Triathlon Para Championships Torremolinos-Andalucia,False,False,False,False,False,False,False,False,False
183787,635484,124233,Jessica Ferreira H1,Brazil,FINISH,2.0,00:14:13,00:03:33,00:36:09,00:01:05,00:12:45,01:07:45,PTWC Women,sprint,2024 World Triathlon Para Championships Torremolinos-Andalucia,2024-10-17,World Championships,750.0,19100.0,5000.0,853.0,213.0,2169.0,65.0,765.0,4065.0,H1,218.0,2024.0,False,853.0,4065.0,4065.0,4065.0,853.0,0.0,Sprint,113.73333333333333,113.56020942408377,153.0,31.70124481327801,19.69823419087137,1:07:45,2024 World Triathlon Para Championships Torremolinos-Andalucia,False,False,False,False,False,False,False,False,False
183787,635484,83771,Kendall Gretsch H2,United States,FINISH,1.0,00:12:40,00:03:03,00:34:33,00:00:54,00:12:43,01:07:31,PTWC Women,sprint,2024 World Triathlon Para Championships Torremolinos-Andalucia,2024-10-17,World Championships,750.0,19100.0,5000.0,760.0,183.0,2073.0,54.0,763.0,4051.0,H2,218.0,2024.0,True,760.0,4051.0,3833.0,3833.0,760.0,218.0,Sprint,101.33333333333333,108.53403141361255,152.6,33.16931982633864,20.61045342981187,1:07:31,2024 World Triathlon Para Championships Torremolinos-Andalucia,False,False,False,False,False,False,False,False,False
194210,671136,122515,Lauren Parker H1,Australia,FINISH,1.0,00:13:04,00:02:02,00:38:42,00:01:25,00:13:31,01:08:45,PTWC Women,sprint,2025 World Triathlon Para Series Devonport,2025-03-14,World Para Series,750.0,20000.0,5000.0,784.0,122.0,2322.0,85.0,811.0,4125.0,H1,218.0,2025.0,False,784.0,4125.0,4124.0,4124.0,784.0,1.0,Sprint,104.53333333333333,116.1,162.2,31.007751937984494,19.26731782945736,1:08:45,2025 World Triathlon Para Series Devonport,False,False,False,False,False,False,False,False,False
194191,674087,122515,Lauren Parker H1,Australia,FINISH,1.0,00:12:09,00:02:40,00:37:54,00:01:03,00:14:25,01:08:11,PTWC Women,sprint,2025 World Triathlon Para Series Yokohama,2025-05-17,World Para Series,750.0,21220.0,5000.0,729.0,160.0,2274.0,63.0,865.0,4091.0,H1,218.0,2025.0,False,729.0,4091.0,4091.0,4091.0,729.0,0.0,Sprint,97.2,107.16305372290293,173.0,33.59366754617414,20.87413079683377,1:08:11,2025 World Triathlon Para Series Yokohama,False,False,False,False,False,False,False,False,False
194212,674463,124233,Jessica Ferreira H1,Brazil,FINISH,1.0,00:14:30,00:00:41,00:42:39,00:00:30,00:14:04,01:12:25,PTWC Women,sprint,2025 World Triathlon Para Series Taranto,2025-06-07,World Para Series,750.0,21000.0,5000.0,870.0,41.0,2559.0,30.0,844.0,4345.0,H1,218.0,2025.0,False,870.0,4345.0,4344.0,4344.0,870.0,1.0,Sprint,116.0,121.85714285714286,168.8,29.542790152403285,18.357033059788982,1:12:25,2025 World Triathlon Para Series Taranto,False,False,False,False,False,False,False,False,False
194213,674443,122515,Lauren Parker H1,Australia,FINISH,1.0,00:12:02,00:01:32,00:37:54,00:00:48,00:13:56,01:06:12,PTWC Women,sprint,2025 World Triathlon Para Cup Magog,2025-07-12,World Para Cup,750.0,18900.0,5000.0,722.0,92.0,2274.0,48.0,836.0,3972.0,H1,218.0,2025.0,False,722.0,3972.0,3972.0,3972.0,722.0,0.0,Sprint,96.26666666666667,120.31746031746033,167.2,29.920844327176777,18.59194496042216,1:06:12,2025 World Triathlon Para Cup Magog,False,False,False,False,False,False,False,False,False
194213,674443,83771,Kendall Gretsch H2,United States,FINISH,2.0,00:11:49,00:00:57,00:38:38,00:00:31,00:12:50,01:08:23,PTWC Women,sprint,2025 World Triathlon Para Cup Magog,2025-07-12,World Para Cup,750.0,18900.0,5000.0,709.0,57.0,2318.0,31.0,770.0,4103.0,H2,218.0,2025.0,True,709.0,4103.0,3885.0,3885.0,709.0,218.0,Sprint,94.53333333333333,122.64550264550266,154.0,29.352890422778255,18.23903487489215,1:08:23,2025 World Triathlon Para Cup Magog,False,False,False,False,False,False,False,False,False
194208,674522,122515,Lauren Parker H1,Australia,FINISH,1.0,00:12:05,00:01:32,00:35:08,00:00:55,00:13:28,01:03:08,PTWC Women,sprint,2025 World Triathlon Para Series Montreal,2025-07-19,World Para Series,750.0,21500.0,5000.0,725.0,92.0,2108.0,55.0,808.0,3788.0,H1,218.0,2025.0,False,725.0,3788.0,3788.0,3788.0,725.0,0.0,Sprint,96.66666666666667,98.04651162790698,161.6,36.71726755218216,22.81504525616698,1:03:08,2025 World Triathlon Para Series Montreal,False,False,False,False,False,False,False,False,False
194208,674522,124233,Jessica Ferreira H1,Brazil,FINISH,4.0,00:13:37,00:01:08,00:37:10,00:00:38,00:13:15,01:05:48,PTWC Women,sprint,2025 World Triathlon Para Series Montreal,2025-07-19,World Para Series,750.0,21500.0,5000.0,817.0,68.0,2230.0,38.0,795.0,3948.0,H1,218.0,2025.0,False,817.0,3948.0,3948.0,3948.0,817.0,0.0,Sprint,108.93333333333334,103.72093023255815,159.0,34.708520179372194,21.56686789237668,1:05:48,2025 World Triathlon Para Series Montreal,False,False,False,False,False,False,False,False,False
194208,674522,83771,Kendall Gretsch H2,United States,FINISH,3.0,00:11:51,00:00:51,00:35:37,00:00:33,00:12:55,01:05:25,PTWC Women,sprint,2025 World Triathlon Para Series Montreal,2025-07-19,World Para Series,750.0,21500.0,5000.0,711.0,51.0,2137.0,33.0,775.0,3925.0,H2,218.0,2025.0,True,711.0,3925.0,3707.0,3707.0,711.0,218.0,Sprint,94.8,99.3953488372093,155.0,36.21899859616285,22.505435376696305,1:05:25,2025 World Triathlon Para Series Montreal,False,False,False,False,False,False,False,False,False
194856,674896,124233,Jessica Ferreira H1,Brazil,FINISH,1.0,00:26:22,00:01:09,00:34:49,00:00:55,00:13:22,01:16:39,PTWC Women,sprint,2025 World Triathlon Para Cup Alhandra,2025-09-06,World Para Cup,,19100.0,5000.0,1582.0,69.0,2089.0,55.0,802.0,4599.0,H1,218.0,2025.0,False,1582.0,4599.0,4597.0,4597.0,1582.0,2.0,Sprint,,109.37172774869109,160.4,32.915270464337006,20.45259452369555,1:16:39,2025 World Triathlon Para Cup Alhandra,False,False,False,False,False,False,False,False,False
188993,674970,124233,Jessica Ferreira H1,Brazil,FINISH,3.0,00:13:16,00:01:50,00:42:44,00:00:50,00:14:05,01:12:45,PTWC Women,standard,2025 World Triathlon Para Championships Wollongong,2025-10-15,World Championships,,,,796.0,110.0,2564.0,50.0,845.0,4365.0,H1,218.0,2025.0,False,796.0,4365.0,4365.0,4365.0,796.0,0.0,Standard,,,,,,1:12:45,2025 World Triathlon Para Championships Wollongong,False,False,False,False,False,False,False,False,False
188993,674970,122515,Lauren Parker H1,Australia,FINISH,1.0,00:11:59,00:02:22,00:40:16,00:01:01,00:15:05,01:10:43,PTWC Women,standard,2025 World Triathlon Para Championships Wollongong,2025-10-15,World Championships,,,,719.0,142.0,2416.0,61.0,905.0,4243.0,H1,218.0,2025.0,False,719.0,4243.0,4243.0,4243.0,719.0,0.0,Standard,,,,,,1:10:43,2025 World Triathlon Para Championships Wollongong,False,False,False,False,False,False,False,False,False
