USAT #,First Name,Last Name,Gender,DOB,Email,State,City ,Worlds,Event, Fee Paid,Phone,Unique,Time,,,CAT
N/A,Donald ,Brooks (GBR),Male,N/A,N/A,N/A,N/A,N/A,Standard (Olympic) Triathlon,N/A,N/A,N/A,2:00:10,0:06:01,2:06:11,AGE GROUP
2100433079,Arthur,Benson,Male,9/19/1999,arthurb140@gmail.com,PA,Yardley,Team USA Pontevedra - Race Registration Fee ,Standard (Olympic) Triathlon,2.68E+13,(609) 712-6868,ArthurBenson,2:04:38,,,AGE GROUP
2100434996,Dylan,McMurrer,Male,4/17/1995,dmcmurrer74@gmail.com,NJ,Kinnelon,Team USA Pontevedra - Race Registration Fee ,Standard (Olympic) Triathlon,8.32E+13,(973) 487-6529,DylanMcMurrer,2:05:47,,,AGE GROUP
2100439200,Audie,McRae,Male,5/24/1985,MCRAE.AUDIE@GMAIL.COM,NY,Sayville,Team USA Pontevedra - Race Registration Fee ,Standard (Olympic) Triathlon,6.41E+13,(408) 310-2571,AudieMcRae,2:07:02,,,AGE GROUP
2100129812,Evan ,DeVincenzo,Male,8/30/1995,devincevan@gmail.com,CO,Arvada,Team USA Pontevedra - Race Registration Fee ,Standard (Olympic) Triathlon,9.36E+13,(720) 209-9326,Evan DeVincenzo,2:07:23,,,AGE GROUP
2100445908,TOMMY,Doubleday,Male,6/15/2002,tdubs980@gmail.com,IL,PARK RIDGE,Team USA Pontevedra - Race Registration Fee ,Standard (Olympic) Triathlon,9.48E+13,(847) 804-6321,TOMMYDoubleday,2:08:09,,,AGE GROUP
2100222895,AARON,BELCHER,Male,5/2/1992,swimbikeaarun@gmail.com,IN,Fort Wayne,Team USA Pontevedra - Race Registration Fee ,Standard (Olympic) Triathlon,4.30E+13,13176007323,AARONBELCHER,2:09:57,,,AGE GROUP
2100043446,Henry,Bowe,Male,12/19/1988,henry.bowe@gmail.com,NC,Charlotte,Team USA Pontevedra - Race Registration Fee ,Standard (Olympic) Triathlon,1.64E+13,(612) 875-1136,HenryBowe,2:10:38,,,AGE GROUP
2100305577,Stuart,Gildea,Male,3/29/1999,sgildea3@gmail.com,WI,Elm Grove,Team USA Pontevedra - Race Registration Fee ,Standard (Olympic) Triathlon,3.97E+13,317-450-3293,StuartGildea,2:10:42,,,AGE GROUP
2100242571,Ty,Ziniel,Male,1/19/1989,tz@tyziniel.com,IL,Chicago,Team USA Pontevedra - Race Registration Fee ,Standard (Olympic) Triathlon,8.89E+13,(608) 792-5728,TyZiniel,2:11:10,,,AGE GROUP
2100202345,Dave,LeVeque,Male,6/27/1985,d3levequ@gmail.com,CO,Golden,Team USA Pontevedra - Race Registration Fee ,Super Sprint & Standard Triathlon,2.53E+13,(810) 923-2742,DaveLeVeque,2:12:09,,,AGE GROUP
2100049889,Alex,Gilson,Male,11/16/1998,alexandersgilson@gmail.com,UT,Draper,Team USA Pontevedra - Race Registration Fee ,Standard (Olympic) Triathlon,8.95E+13,(801) 694-8617,AlexGilson,2:12:32,,,AGE GROUP
36091147,Joshua,Schaidle,Male,9/7/1984,schaidle@umich.edu,CO,Golden,Team USA Pontevedra - Race Registration Fee ,Standard (Olympic) Triathlon,8.82E+13,864-915-8649,JoshuaSchaidle,2:13:06,,,AGE GROUP
2100447420,Brett,Szalapski,Male,7/28/1992,brett.szalapski@gmail.com,CA,Cupertino,Team USA Pontevedra - Race Registration Fee ,Standard (Olympic) Triathlon,7.17E+13,(952) 649-7549,BrettSzalapski,2:13:34,,,AGE GROUP
2100326578,Jeff,Gordon,Male,11/26/1964,jdgreno212@gmail.com,GA,Gainesville,Team USA Pontevedra - Race Registration Fee ,Standard (Olympic) Triathlon,2.12E+13,916-807-3029,JeffGordon,2:13:55,,,AGE GROUP
2100353319,Reddington,Walters,Male,8/11/1997,rrw811@gmail.com,AR,Bentonville,Team USA Pontevedra - Race Registration Fee ,Standard (Olympic) Triathlon,2.02E+13,(214) 543-6746,ReddingtonWalters,2:13:56,,,AGE GROUP
N/A,Phoebe ,Kelly ,Female,,N/A,N/A,N/A,N/A,N/A,Standard (Olympic) Triathlon,N/A,N/A,2:13:57,0:06:42,2:20:39,
539592,Brad,Gilson,Male,9/10/1974,brad@gilsonengineering.com,UT,Draper,Team USA Pontevedra - Race Registration Fee ,Standard (Olympic) Triathlon,8.85E+13,801-694-7770,BradGilson,2:13:58,,,AGE GROUP
723725981,Alex,Lulka,Male,12/27/1997,lulka117@comcast.net,IL,Prairie View,Team USA Pontevedra - Race Registration Fee ,Standard (Olympic) Triathlon,4.38E+13,(847) 772-4234,AlexLulka,2:14:02,,,AGE GROUP
900735050,Connor,Clare,Male,4/12/1998,Connor.clare26@gmail.com,KY,Finchville,Team USA Pontevedra - Race Registration Fee ,Standard (Olympic) Triathlon,5.04E+13,(502) 523-2441,ConnorClare,2:14:17,,,AGE GROUP
2100334716,Christopher,Halsey,Male,12/12/1994,cchalsey713@gmail.com,NY,ITHACA,Team USA Pontevedra - Race Registration Fee ,Standard (Olympic) Triathlon,9.67E+13,(315) 806-6380,ChristopherHalsey,2:14:33,,,AGE GROUP
36086390,Zac,Kieffer,Male,4/5/1985,zackieffer@gmail.com,MA,Boston,Team USA Pontevedra - Race Registration Fee ,Standard (Olympic) Triathlon,7.02E+13,14257654136,ZacKieffer,2:15:26,,,AGE GROUP
2100274463,Andrew,Rayner,Male,2/10/1981,andrewcrayner@yahoo.com,CA,Los Angeles,Team USA Pontevedra - Race Registration Fee ,Standard (Olympic) Triathlon,5.04E+13,(310) 779-5893,AndrewRayner,2:15:39,,,AGE GROUP
2100204360,Lawrence,Herold,Male,10/21/1980,smilinglarry@hotmail.com,IL,Chicago,Team USA Pontevedra - Race Registration Fee ,Super Sprint & Standard Triathlon,4.80E+13,(312) 800-3125,LawrenceHerold,2:15:53,,,AGE GROUP
2100422424,Jordan,Hall,Male,11/21/1988,jordan.hall8821@gmail.com,AZ,Phoenix,Team USA Pontevedra - Race Registration Fee ,Standard (Olympic) Triathlon,8.14E+13,(602) 980-4964,JordanHall,2:16:02,,,AGE GROUP
2100357362,Daniel,Callahan,Male,1/7/1983,drcal25@gmail.com,PA,Warriors Mark,Team USA Pontevedra - Race Registration Fee ,Standard (Olympic) Triathlon,7.66E+13,412-310-4100,DanielCallahan,2:16:03,,,AGE GROUP
2099655910,Iain,Campbell,Male,7/11/1961,iaincampbell@comcast.net,CO,Boulder,Team USA Pontevedra - Race Registration Fee ,Standard (Olympic) Triathlon,8.23E+13,(847) 943-7334,IainCampbell,2:16:31,,,AGE GROUP
201846496,Nicholas,Dicklin,Male,3/15/2000,nick.dicklin@gmail.com,IA,Ames,Team USA Pontevedra - Race Registration Fee ,Standard (Olympic) Triathlon,6.44E+13,(309) 582-6424,NicholasDicklin,2:16:40,,,AGE GROUP
2100331957,Zachary,Williston,Male,5/1/2001,williston.zack@gmail.com,MI,Ann Arbor,Team USA Pontevedra - Race Registration Fee ,Standard (Olympic) Triathlon,3.19E+13,(734) 972-1791,ZacharyWilliston,2:16:51,,,AGE GROUP
2100121544,Greg,Chaganos,Male,9/11/1981,greg.m.chaganos@gmail.com,IL,Skokie,Team USA Pontevedra - Race Registration Fee ,Standard (Olympic) Triathlon,3.25E+13,19202775227,GregChaganos,2:17:13,,,AGE GROUP
2100272510,Harold,Danks,Male,9/5/1996,danksharold@gmail.com,WA,Seattle,Team USA Pontevedra - Race Registration Fee ,Standard (Olympic) Triathlon,1.98E+13,(423) 802-5924,HaroldDanks,2:17:21,,,AGE GROUP
2100374218,Kurt,Phillips,Male,9/25/1977,kurt22@sbcglobal.net,OH,LANCASTER,Team USA Pontevedra - Race Registration Fee ,Standard (Olympic) Triathlon,7.79E+13,(740) 255-3587,KurtPhillips,2:17:42,,,AGE GROUP
153853,William,Schumann,Male,7/2/1963,william_schumann@hsb.com,CT,West Hartford,Team USA Pontevedra - Race Registration Fee ,Standard (Olympic) Triathlon,9.90E+13,(860) 922-2563,WilliamSchumann,2:18:01,,,AGE GROUP
2100427446,Chris,Teakle,Male,8/17/1970,christeakle@gmail.com,NY,Brooklyn,Team USA Pontevedra - Race Registration Fee ,Standard (Olympic) Triathlon,5.91E+13,(917) 319-1898,ChrisTeakle,2:18:42,,,AGE GROUP
300102,William,Krebs,Male,7/27/1985,william.a.krebs@gmail.com,OH,Perrysburg,Team USA Pontevedra - Race Registration Fee ,Standard (Olympic) Triathlon,7.60E+13,937-657-5020,WilliamKrebs,2:19:26,,,AGE GROUP
123489610,Daniel,Kaminstein,Male,9/25/1977,daniel.kaminstein@gmail.com,SC,North Augusta,Team USA Pontevedra - Race Registration Fee ,Standard (Olympic) Triathlon,2.62E+13,(717) 945-4120,DanielKaminstein,2:19:30,,,AGE GROUP
2100269002,Jeron,Griffin,Male,1/5/2004,jeron.griffin@hotmail.com,WA,Tumwater,Team USA Pontevedra - Race Registration Fee ,Standard (Olympic) Triathlon,8.53E+13,(970) 815-6257,JeronGriffin,2:19:33,,,AGE GROUP
2100432901,Vanessa,Nagel,Female,5/29/1985,vanessa.l.nagel.vn@gmail.com,MN,Bloomington,Team USA Pontevedra - Race Registration Fee ,Standard (Olympic) Triathlon,9.36E+13,17014409007,VanessaNagel,2:20:09,,,AGE GROUP
396121870,Marissa,Lovell,Female,12/15/1994,marissa.lovell@gmail.com,OR,Eugene,Team USA Pontevedra - Race Registration Fee ,Standard (Olympic) Triathlon,6.98E+13,(414) 308-4859,MarissaLovell,2:20:41,,,AGE GROUP
169164,Tracy,Kellner,Female,8/4/1970,toddkellner@sbcglobal.net,WI,Mequon,Team USA Pontevedra - Race Registration Fee ,Standard (Olympic) Triathlon,9.13E+13,(262) 498-1539,TracyKellner,2:21:01,,,AGE GROUP
2010500580,Robert,Langer,Male,5/31/1989,ralanger31@gmail.com,IL,Chicago,Team USA Pontevedra - Race Registration Fee ,Standard (Olympic) Triathlon,4.16E+13,219-208-5063,RobertLanger,2:21:04,,,AGE GROUP
551305,Rick,Klutey,Male,6/10/1963,rick.klutey@gmail.com,CT,Ridgefield,Team USA Pontevedra - Race Registration Fee ,Standard (Olympic) Triathlon,2.38E+13,(203) 733-6785,RickKlutey,2:21:08,,,AGE GROUP
118920458,Nathan,Kaestner,Male,6/24/2004,skkaestner@yahoo.com,KS,Stilwell,Team USA Pontevedra - Race Registration Fee ,Standard (Olympic) Triathlon,7.10E+13,(913) 413-5145,NathanKaestner,2:21:21,,,AGE GROUP
79888,Scott,Roehrborn,Male,4/7/1971,saroehrborn@yahoo.com,WI,Sheboygan,Team USA Pontevedra - Race Registration Fee ,Standard (Olympic) Triathlon,5.60E+13,(920) 838-4613,ScottRoehrborn,2:21:28,,,AGE GROUP
2100370202,william,kessinger,Male,4/26/1977,wkessinger@gmail.com,CT,weston,Team USA Pontevedra - Race Registration Fee ,Standard (Olympic) Triathlon,2.44E+13,18604485633,williamkessinger,2:22:15,,,AGE GROUP
253843,Erik,Heyer,Male,2/7/1972,erik@sienalearning.org,MD,Chevy Chase,Team USA Pontevedra - Race Registration Fee ,Standard (Olympic) Triathlon,7.90E+13,(301) 233-4443,ErikHeyer,2:22:55,,,AGE GROUP
2100362425,Blair,Benson-D'Alesandro,Female,7/27/1989,blair.a.benson@gmail.com,NY,Rochester,Team USA Pontevedra - Race Registration Fee ,Standard (Olympic) Triathlon,6.26E+13,(716) 801-0392,BlairBenson-D'Alesandro,2:22:56,,,AGE GROUP
2100402098,Zachary,Williams,Male,6/2/1992,zachary@soleuscapital.com,NY,New York,Team USA Pontevedra - Race Registration Fee ,Standard (Olympic) Triathlon,4.04E+13,(630) 247-4578,ZacharyWilliams,2:22:58,,,AGE GROUP
36090255,Mary,Bowman,Female,4/10/1985,secogesm@gmail.com,IL,Evanston,Team USA Pontevedra - Race Registration Fee ,Standard (Olympic) Triathlon,5.50E+13,(317) 610-9020,MaryBowman,2:23:01,,,AGE GROUP
2100213309,Maddy,Blain,Female,8/10/1993,maddyblain@gmail.com,WI,Milton,Team USA Pontevedra - Race Registration Fee ,Standard (Olympic) Triathlon,6.59E+13,(608) 201-5375,MaddyBlain,2:23:07,,,AGE GROUP
155795,Kyle,Welch,Male,9/20/1961,kyle_welch@comcast.net,CA,Sunnyvale,Team USA Pontevedra - Race Registration Fee ,Standard (Olympic) Triathlon,3.81E+13,(415) 602-3225,KyleWelch,2:23:10,,,AGE GROUP
2100181258,Ramses,Rodriguez,Male,4/12/1972,ramsesrdguez@hotmail.com,FL,Port St Lucie,Team USA Pontevedra - Race Registration Fee ,Standard (Olympic) Triathlon,6.11E+13,561-503-6131,RamsesRodriguez,2:23:21,,,AGE GROUP
2100228737,Matthew,Olivas,Male,1/9/1989,mdo83684@gmail.com,CA,Redondo Beach,Team USA Pontevedra - Race Registration Fee ,Standard (Olympic) Triathlon,6.02E+13,(858) 945-8573,MatthewOlivas,2:24:14,,,AGE GROUP
2100093904,Scott,Williamson,Male,3/29/1973,sfw_73@hotmail.com,CO,Boulder,Team USA Pontevedra - Race Registration Fee ,Standard (Olympic) Triathlon,7.55E+13,(303) 596-7899,ScottWilliamson,2:24:26,,,AGE GROUP
2099793167,Tiffany,Kari Cizmas,Female,12/27/1980,tkari27@hotmail.com,MN,Duluth,Team USA Pontevedra - Race Registration Fee ,Standard (Olympic) Triathlon,4.64E+13,(218) 591-6146,TiffanyKari Cizmas,2:24:39,,,AGE GROUP
140731,Peter,York,Male,10/4/1964,peterbyork@yahoo.com,OH,Columbus,Team USA Pontevedra - Race Registration Fee ,Standard (Olympic) Triathlon,2.34E+13,(312) 560-9482,PeterYork,2:24:49,,,AGE GROUP
23406,Tony,Schiller,Male,4/14/1958,talkingtony@gmail.com,MT,Whitefish,Team USA Pontevedra - Race Registration Fee ,Standard (Olympic) Triathlon,8.42E+13,(952) 843-3691,TonySchiller,2:24:50,,,AGE GROUP
2100125263,Lisa,Mueller,Female,5/22/1972,lislabonita@hotmail.com,WA,kirkalnd,Team USA Pontevedra - Race Registration Fee ,Standard (Olympic) Triathlon,4.14E+13,(206) 719-5266,LisaMueller,2:25:02,,,AGE GROUP
214576,Dean,Tilman,Male,9/10/1965,dtilman4@hotmail.com,GA,Atlanta,Team USA Pontevedra - Race Registration Fee ,Standard (Olympic) Triathlon,7.63E+13,(404) 822-9507,DeanTilman,2:25:08,,,AGE GROUP
2100189396,Brent,Levin,Male,5/13/1987,brentrlevin@gmail.com,MD,Silver Spring,Team USA Pontevedra - Race Registration Fee ,Standard (Olympic) Triathlon,8.19E+13,(410) 707-5381,BrentLevin,2:25:19,,,AGE GROUP
2065019030,Maggie,Scardapane,Female,5/28/1988,maggiescardapane@gmail.com,NJ,Weehawken,Team USA Pontevedra - Race Registration Fee ,Standard (Olympic) Triathlon,8.42E+13,908-403-4715,MaggieScardapane,2:25:24,,,AGE GROUP
2100153304,Christine,Morrison,Female,1/29/1988,christine.n.morrison@gmail.com,CO,Lakewood,Team USA Pontevedra - Race Registration Fee ,Standard (Olympic) Triathlon,2.00E+13,248-931-3922,ChristineMorrison,2:25:56,,,AGE GROUP
491849,Chad,McMahon,Male,6/22/1971,chadandchris@gmail.com,WI,Verona,Team USA Pontevedra - Race Registration Fee ,Standard (Olympic) Triathlon,7.15E+13,(608) 209-2383,ChadMcMahon,2:26:02,,,AGE GROUP
285123912,Kristen,Burrall,Female,6/21/1986,burrall.kristen@gmail.com,CA,Oakland,Team USA Pontevedra - Race Registration Fee ,Standard (Olympic) Triathlon,8.78E+13,(916) 479-0514,KristenBurrall,2:26:03,,,AGE GROUP
210729,Angello,Rodriguez,Male,4/2/1970,angellorv@yahoo.com,VA,Alexandria,Team USA Pontevedra - Race Registration Fee ,Standard (Olympic) Triathlon,2.50E+13,(571) 309-4177,AngelloRodriguez,2:26:05,,,AGE GROUP
160802,Steph,Popelar,Female,7/25/1967,stephpopelar@gmail.com,CO,Elizabeth,Team USA Pontevedra - Race Registration Fee ,Super Sprint & Standard Triathlon,7.77E+13,(720) 641-0052,StephPopelar,2:26:23,,,AGE GROUP
2100299768,Amanda,Hoffer,Female,7/14/1988,marshallamanda21@gmail.com,IN,Hamlet,Team USA Pontevedra - Race Registration Fee ,Standard (Olympic) Triathlon,3.53E+13,(765) 412-8934,AmandaHoffer,2:26:31,,,AGE GROUP
2099794284,Lisa,Nolte,Female,8/10/1986,Noltelm@gmail.com,OH,Cincinnati,Team USA Pontevedra - Race Registration Fee ,Standard (Olympic) Triathlon,2.04E+13,(513) 404-7619,LisaNolte,2:26:41,,,AGE GROUP
2100384915,Beth,Rudge,Female,4/13/1982,beth.rudge@hotmail.com,PA,Carlisle,Team USA Pontevedra - Race Registration Fee ,Standard (Olympic) Triathlon,7.24E+13,(717) 440-5008,BethRudge,2:26:58,,,AGE GROUP
2100234507,Jessica,Holmes,Female,3/1/1976,jessholmes0120@gmail.com,MA,Natick,Team USA Pontevedra - Race Registration Fee ,Standard (Olympic) Triathlon,8.69E+13,(617) 898-7769,JessicaHolmes,2:27:10,,,AGE GROUP
2065132165,Tom,Rutkowski,Male,8/5/1975,dtrutk@gmail.com,IA,Iowa City,Team USA Pontevedra - Race Registration Fee ,Standard (Olympic) Triathlon,2.99E+13,(319) 936-7256,TomRutkowski,2:27:20,,,AGE GROUP
166072,Craig,Strong,Male,10/4/1972,coachcraig@precisionmultisport.com,IL,Evanston,Team USA Pontevedra - Race Registration Fee ,Standard (Olympic) Triathlon,2.06E+13,(847) 641-0067,CraigStrong,2:27:33,,,AGE GROUP
1910274666,Adrienne,Leblanc,Female,12/23/1969,adrienneleblanc23@yahoo.com,AZ,Scottsdale,Team USA Pontevedra - Race Registration Fee ,Standard (Olympic) Triathlon,7.49E+13,(602) 448-0049,AdrienneLeblanc,2:27:35,,,AGE GROUP
2010503798,Justin,Hayes,Male,6/12/1975,jhayes@jhayeslaw.com,MA,North Andover,Team USA Pontevedra - Race Registration Fee ,Standard (Olympic) Triathlon,6.41E+13,(978) 314-4950,JustinHayes,2:27:38,,,AGE GROUP
2100164269,Jenny,Gormley,Female,11/4/1997,jenny.seuling@gmail.com,MA,Watertown,Team USA Pontevedra - Race Registration Fee ,Super Sprint & Standard Triathlon,9.16E+13,(516) 312-9955,JennyGormley,2:27:41,,,AGE GROUP
2100306526,Leslie,Peterson,Female,5/19/1997,petersonleslie@sbcglobal.net,PA,Pittsburgh,Team USA Pontevedra - Race Registration Fee ,Standard (Olympic) Triathlon,3.36E+13,(440) 596-0469,LesliePeterson,2:28:03,,,AGE GROUP
2099853394,Scott,Suurmeyer,Male,5/22/1979,ssuurmeyer@gmail.com,OK,Tulsa,Team USA Pontevedra - Race Registration Fee ,Standard (Olympic) Triathlon,3.87E+13,(501) 548-1802,ScottSuurmeyer,2:28:38,,,AGE GROUP
2099777205,Ruth,Beucker ,Female,6/18/1987,Seiffert.ruth@gmail.com,GA,Dunwoody,Team USA Pontevedra - Race Registration Fee ,Standard (Olympic) Triathlon,8.06E+13,(484) 904-7081,RuthBeucker ,2:28:43,,,AGE GROUP
2100095731,Brent,Wiltshire,Male,8/19/1970,brent@ruddick.com,CT,STONINGTON,Team USA Pontevedra - Race Registration Fee ,Super Sprint & Standard Triathlon,8.83E+13,(860) 415-0523,BrentWiltshire,2:28:45,,,AGE GROUP
41504413,Taylor,Ames,Male,3/26/1986,taylor.ames@gmail.com,CO,Denver,Team USA Pontevedra - Race Registration Fee ,Standard (Olympic) Triathlon,1.12E+13,(303) 264-4536,TaylorAmes,2:29:10,,,AGE GROUP
339368,Thomas,Gessner,Male,10/31/1966,thomas.gessner@gmail.com,NH,Grantham,Team USA Pontevedra - Race Registration Fee ,Standard (Olympic) Triathlon,8.38E+13,603-667-3586,ThomasGessner,2:29:12,,,AGE GROUP
2100353582,Samantha,Joray,Female,2/15/2000,aeroswimgirl@yahoo.com,TX,Burleson,Team USA Pontevedra - Race Registration Fee ,Standard (Olympic) Triathlon,6.35E+13,817-526-4707,SamanthaJoray,2:29:17,,,AGE GROUP
2100392933,Kara,Rubinich,Female,9/24/1978,krubinich@gmail.com,PA,Downingtown,Team USA Pontevedra - Race Registration Fee ,Standard (Olympic) Triathlon,4.16E+13,(484) 680-9111,KaraRubinich,2:29:57,,,AGE GROUP
123496009,Megan,Severa,Female,9/4/1981,vikingpants@hotmail.com,WI,Madison,Team USA Pontevedra - Race Registration Fee ,Standard (Olympic) Triathlon,3.67E+13,(608) 228-4275,MeganSevera,2:30:11,,,AGE GROUP
223952,Curt,Beutler,Male,10/23/1963,cbeutler@new.rr.com,WI,Combined Locks,Team USA Pontevedra - Race Registration Fee ,Standard (Olympic) Triathlon,7.51E+13,(920) 759-0635,CurtBeutler,2:30:34,,,AGE GROUP
234388,Marisa,Rastetter,Female,4/20/1974,marisarastetter@gmail.com,CA,Rancho Santa Fe,Team USA Pontevedra - Race Registration Fee ,Super Sprint & Standard Triathlon,1.16E+13,(858) 775-0196,MarisaRastetter,2:30:41,,,AGE GROUP
658589229,Jas,Lee,Female,7/13/1977,jessamine.lee@gmail.com,MA,Newton,Team USA Pontevedra - Race Registration Fee ,Standard (Olympic) Triathlon,8.19E+13,(617) 571-4984,JasLee,2:30:50,,,AGE GROUP
2095185553,Lauri ,Marsh,Female,11/9/1982,laurimarsh@gmail.com,FL,Madeira Beach,Team USA Pontevedra - Race Registration Fee ,Standard (Olympic) Triathlon,2.13E+13,(530) 321-3791,Lauri Marsh,2:31:05,,,AGE GROUP
2095792692,AMELIA,KANE-HESTER,Female,3/6/1989,kane.mia@gmail.com,CO,Wheat Ridge,Team USA Pontevedra - Race Registration Fee ,Standard (Olympic) Triathlon,1.98E+13,(404) 275-6306,AMELIAKANE-HESTER,2:31:12,,,AGE GROUP
2100245729,Sean &,Richardson,Male,8/1/1961,seanrichardson@allstreetcapital.com,CA,palos verdes estate,Team USA Pontevedra - Race Registration Fee ,Standard (Olympic) Triathlon,8.99E+13,(310) 880-4773,Sean &Richardson,2:31:18,,,AGE GROUP
2100222180,Michael,Speranza,Male,6/10/1958,Michael.speranza54@gmail.com,PA,Philadelphia,Team USA Pontevedra - Race Registration Fee ,Standard (Olympic) Triathlon,1.00E+14,(215) 510-6572,MichaelSperanza,2:31:36,,,AGE GROUP
2100075016,Gary,Sauer,Male,9/9/1959,ggs.slfp@gmail.com,PA,WEXFORD,Team USA Pontevedra - Race Registration Fee ,Standard (Olympic) Triathlon,4.29E+13,(412) 874-0751,GarySauer,2:31:42,,,AGE GROUP
585065,Steven,Dunbar,Male,4/23/1970,sd70@ad0dt.com,CO,Lafayette,Team USA Pontevedra - Race Registration Fee ,Standard (Olympic) Triathlon,9.35E+13,(720) 323-6647,StevenDunbar,2:31:56,,,AGE GROUP
574498,Patrick,Faurer,Male,6/14/1987,pfaurer@gmail.com,CO,Snowmass Village,Team USA Pontevedra - Race Registration Fee ,Standard (Olympic) Triathlon,7.16E+13,(970) 948-3686,PatrickFaurer,2:32:18,,,AGE GROUP
261057,Michael,Dwyer,Male,11/9/1977,mr_md77@yahoo.com,IL,Springfield,Team USA Pontevedra - Race Registration Fee ,Standard (Olympic) Triathlon,8.15E+13,(217) 414-6110,MichaelDwyer,2:32:20,,,AGE GROUP
187241,Megumi,Masuda,Female,9/4/1973,guswims@mac.com,CA,Cupertino,Team USA Pontevedra - Race Registration Fee ,Standard (Olympic) Triathlon,2.33E+13,14082422421,MegumiMasuda,2:32:32,,,AGE GROUP
2100408718,Petra,Bakosova,Female,3/27/1988,Petra.bakosova@gmail.com,IL,CHICAGO,Team USA Pontevedra - Race Registration Fee ,Standard (Olympic) Triathlon,3.50E+13,(312) 218-3501,PetraBakosova,2:32:35,,,AGE GROUP
2099996513,Kevin,Elwood,Male,2/26/1967,KTELWOOD@YAHOO.COM,MA,Boxford,Team USA Pontevedra - Race Registration Fee ,Standard (Olympic) Triathlon,6.77E+13,(617) 504-8740,KevinElwood,2:32:44,,,AGE GROUP
265006874,Elsa,Chinburg,Female,10/4/1996,elchinburg@gmail.com,VT,Burlington,Team USA Pontevedra - Race Registration Fee ,Standard (Olympic) Triathlon,4.41E+13,(603) 770-7650,ElsaChinburg,2:32:50,,,AGE GROUP
2100321787,Karina,Polanco-Jimenez,Female,2/24/1995,karypojim24@gmail.com,CA,Tustin,Team USA Pontevedra - Race Registration Fee ,Standard (Olympic) Triathlon,1.77E+13,(510) 917-8974,KarinaPolanco-Jimenez,2:32:52,,,AGE GROUP
886995076,Elizabeth,Ordeman,Female,9/1/1999,eordeman@berkeley.edu,CA,Palo Alto,Team USA Pontevedra - Race Registration Fee ,Super Sprint & Standard Triathlon,7.04E+13,+1 937-417-8723,ElizabethOrdeman,2:32:52,,,AGE GROUP
2100254488,Michael,Hendrickson,Male,9/25/1963,huskermoh@gmail.com,MO,rogersville,Team USA Pontevedra - Race Registration Fee ,Standard (Olympic) Triathlon,9.65E+13,(417) 880-9932,MichaelHendrickson,2:32:55,,,AGE GROUP
554247,Toni,Brenzikofer,Female,4/26/1978,tmtaddonio@mhff.net,CO,Englewood ,Team USA Pontevedra - Race Registration Fee ,Standard (Olympic) Triathlon,9.82E+13,(303) 859-0069,ToniBrenzikofer,2:33:38,,,AGE GROUP
2100418489,David,Marsalli,Male,5/14/1962,davmarsalli@gmail.com,WI,DELAFIELD,Team USA Pontevedra - Race Registration Fee ,Standard (Olympic) Triathlon,2.81E+13,(630) 989-1109,DavidMarsalli,2:33:49,,,AGE GROUP
2065063189,Darin,Napton,Male,9/15/1970,dagznapton@gmail.com,MN,Rochester,Team USA Pontevedra - Race Registration Fee ,Standard (Olympic) Triathlon,5.68E+13,507-358-9895,DarinNapton,2:33:52,,,AGE GROUP
2099795856,Olivia,Christmann,Female,10/27/1997,olivia.christmann.12@gmail.com,MA,Boston,Team USA Pontevedra - Race Registration Fee ,Standard (Olympic) Triathlon,9.69E+13,(973) 214-6256,OliviaChristmann,2:34:03,,,AGE GROUP
166483,Jacqui,Barber,Female,5/5/1976,jacquibarber76@gmail.com,OH,SYLVANIA,Team USA Pontevedra - Race Registration Fee ,Standard (Olympic) Triathlon,9.48E+13,(419) 350-7559,JacquiBarber,2:34:09,,,AGE GROUP
2008448848,Cristina,Lambert ,Female,10/2/1979,Cristinatlambert@gmail.com,IL,Willmette,Team USA Pontevedra - Race Registration Fee ,Standard (Olympic) Triathlon,6.87E+13,(917) 484-1891,CristinaLambert ,2:34:22,,,AGE GROUP
2100218368,Kateryna,Moisyeyeva,Female,9/9/1977,ygv2.2013@gmail.com,TN,Chattanooga,Team USA Pontevedra - Race Registration Fee ,Standard (Olympic) Triathlon,2.83E+13,(225) 304-2227,KaterynaMoisyeyeva,2:34:53,,,AGE GROUP
955720458,Bethany,Kwarta,Female,4/4/1991,bnkwarta@gmail.com,CT,Wallingford,Team USA Pontevedra - Race Registration Fee ,Standard (Olympic) Triathlon,5.10E+13,(585) 943-0185,BethanyKwarta,2:35:09,,,AGE GROUP
358438,Jordyn,Bloode,Female,2/15/2000,kellybloode@embarqmail.com,IN,New Carlisle,Team USA Pontevedra - Race Registration Fee ,Standard (Olympic) Triathlon,8.41E+13,574-229-6160,JordynBloode,2:35:45,,,AGE GROUP
2100100332,Stephanie,Bruggink,Female,4/21/1993,steph_bruggink@hotmail.com,CO,Denver,Team USA Pontevedra - Race Registration Fee ,Standard (Olympic) Triathlon,7.76E+13,(801) 814-6921,StephanieBruggink,2:35:46,,,AGE GROUP
186400,Jim,Taylor,Male,11/21/1958,jim@drjimtaylor.com,CA,Soda Springs,Team USA Pontevedra - Race Registration Fee ,Super Sprint & Standard Triathlon,8.02E+13,(415) 322-8425,JimTaylor,2:35:51,,,AGE GROUP
2100390485,Madeline,Consuelos,Female,10/2/2000,m.consuelos1@icloud.com,PA,Schnecksville,Team USA Pontevedra - Race Registration Fee ,Standard (Olympic) Triathlon,9.44E+13,(484) 788-3542,MadelineConsuelos,2:36:05,,,AGE GROUP
938105461,Megen,Schlesinger,Female,12/10/1985,mchadley1210@gmail.com,CO,Colorado Springs,Team USA Pontevedra - Race Registration Fee ,Standard (Olympic) Triathlon,7.54E+13,(410) 245-2204,MegenSchlesinger,2:36:22,,,AGE GROUP
2100446865,Lauren,Bunch,Female,1/22/1988,Laurenmbunch@gmail.com,OK,Jenks,Team USA Pontevedra - Race Registration Fee ,Standard (Olympic) Triathlon,8.09E+13,(918) 939-8425,LaurenBunch,2:36:46,,,AGE GROUP
167482,Robyn,Williams,Female,5/14/1959,Robynwilliams67@gmail.com,OH,Loveland,Team USA Pontevedra - Race Registration Fee ,Standard (Olympic) Triathlon,6.89E+13,(513) 293-8961,RobynWilliams,2:37:13,,,AGE GROUP
2013359534,Robin,ZehnderMuskopf,Female,9/19/1975,robin.muskopf@gmail.com,OH,Powell,Team USA Pontevedra - Race Registration Fee ,Standard (Olympic) Triathlon,9.21E+13,(513) 225-6588,RobinZehnderMuskopf,2:37:28,,,AGE GROUP
2100397797,Jennifer,Schnell,Female,3/17/1986,jennerfins@gmail.com,CA,Berkeley,Team USA Pontevedra - Race Registration Fee ,Standard (Olympic) Triathlon,6.35E+13,(847) 494-7057,JenniferSchnell,2:37:32,,,AGE GROUP
501658277,Andrew,Lewis,Male,6/14/2005,Lewisan71@gmail.com,OH,Chagrin Falls,Team USA Pontevedra - Race Registration Fee ,Standard (Olympic) Triathlon,4.62E+13,(440) 485-1429,AndrewLewis,2:37:34,,,AGE GROUP
144134,Dana,Ginsburg,Female,3/7/1965,mdginsburg@att.net,NV,RENO,Team USA Pontevedra - Race Registration Fee ,Standard (Olympic) Triathlon,9.17E+13,(775) 772-0945,DanaGinsburg,2:37:45,,,AGE GROUP
231677,Cindy,Salazar,Female,3/11/1964,cindy.salazar64@gmail.com,TX,Austin,Team USA Pontevedra - Race Registration Fee ,Standard (Olympic) Triathlon,1.77E+13,(512) 589-6654,CindySalazar,2:38:21,,,AGE GROUP
2100170523,Jon,Ronat,Male,10/1/1955,jon.ronat@gmail.com,CO,MORRISON,Team USA Pontevedra - Race Registration Fee ,Super Sprint & Standard Triathlon,1.98E+13,(720) 323-9961,JonRonat,2:38:26,,,AGE GROUP
2100347283,Margot,Swartz,Female,9/2/1965,margotmosier@yahoo.com,IN,Indianapolis,Team USA Pontevedra - Race Registration Fee ,Standard (Olympic) Triathlon,4.76E+13,317-696-3836,MargotSwartz,2:38:45,,,AGE GROUP
2100438477,savannah,brannan,Female,11/19/1998,savbrannan@yahoo.com,IL,Springfield,Team USA Pontevedra - Race Registration Fee ,Standard (Olympic) Triathlon,9.80E+13,(618) 365-4315,savannahbrannan,2:39:04,,,AGE GROUP
2100059945,Lisa,Luttenegger,Female,10/25/1987,lisa.luttenegger@gmail.com,IL,Chicago,Team USA Pontevedra - Race Registration Fee ,Standard (Olympic) Triathlon,4.43E+13,(480) 570-2137,LisaLuttenegger,2:39:33,,,AGE GROUP
207390,Mark,Drangsholt,Male,12/8/1957,mdrangsholt@mac.com,WA,Seattle,Team USA Pontevedra - Race Registration Fee ,Super Sprint & Standard Triathlon,2.63E+13,12065952027,MarkDrangsholt,2:39:55,,,AGE GROUP
2100287073,Stephanie,Duda,Female,4/20/1991,stephanieduda15@gmail.com,OH,Youngstown,Team USA Pontevedra - Race Registration Fee ,Standard (Olympic) Triathlon,3.08E+13,(330) 692-8461,StephanieDuda,2:40:27,,,AGE GROUP
2100353691,Jennifer,Stewart,Female,1/13/1976,jmattstew@gmail.com,MA,West Newton,Team USA Pontevedra - Race Registration Fee ,Standard (Olympic) Triathlon,6.56E+13,(617) 894-0704,JenniferStewart,2:40:28,,,AGE GROUP
2100140240,Alice,Boyce,Female,4/16/1980,alice.boyce@db.com,NY,New York,Team USA Pontevedra - Race Registration Fee ,Super Sprint & Standard Triathlon,7.21E+13,(929) 375-2022,AliceBoyce,2:40:52,,,AGE GROUP
2100013621,Christine,Edmonds,Female,12/11/1990,christinejedmonds@gmail.com,CA,San Francisco,Team USA Pontevedra - Race Registration Fee ,Standard (Olympic) Triathlon,1.41E+13,(414) 828-0057,ChristineEdmonds,2:41:09,,,AGE GROUP
2099649840,Eric,Kuehl,Male,9/16/1970,e_jkuehl@sbcglobal.net,IL,Willow Springs,Team USA Pontevedra - Race Registration Fee ,Standard (Olympic) Triathlon,6.03E+13,630-673-8827,EricKuehl,2:41:15,,,AGE GROUP
2095836436,Rob,Kaufman,Male,5/20/1963,rkaufman984@gmail.com,MN,Chanhassen,Team USA Pontevedra - Race Registration Fee ,Standard (Olympic) Triathlon,5.14E+13,(612) 964-1034,RobKaufman,2:41:17,,,AGE GROUP
2100397851,Tanja,Digrande,Female,9/6/1971,Tidigrande@gmail.com,CA,Orinda,Team USA Pontevedra - Race Registration Fee ,Super Sprint & Standard Triathlon,2.83E+13,(415) 860-4606,TanjaDigrande,2:41:22,,,AGE GROUP
2100312297,Edward,Ellison,Male,2/22/1961,eellison22@gmail.com,NC,Wilmington,Team USA Pontevedra - Race Registration Fee ,Standard (Olympic) Triathlon,8.37E+13,19044123432,EdwardEllison,2:42:03,,,AGE GROUP
2100199431,Bryn,Douds,Male,11/15/1955,bryndouds@aol.com,NJ,South Orange,Team USA Pontevedra - Race Registration Fee ,Standard (Olympic) Triathlon,3.09E+13,(201) 240-1786,BrynDouds,2:42:25,,,AGE GROUP
2096126768,Mark ,Benson,Male,7/23/1964,mbenson8@its.jnj.com,PA,Yardley,Team USA Pontevedra - Race Registration Fee ,Standard (Olympic) Triathlon,7.22E+13,(908) 255-3114,Mark Benson,2:42:33,,,AGE GROUP
822540311,Amber,Silver,Female,11/6/1985,amberdistasio@gmail.com,MO,Webster Groves,Team USA Pontevedra - Race Registration Fee ,Standard (Olympic) Triathlon,9.13E+13,(314) 650-2220,AmberSilver,2:42:34,,,AGE GROUP
2099632339,Elisabeth,Hesse,Female,4/7/1983,elisabeth.hesse@gmail.com,GA,Atlanta,Team USA Pontevedra - Race Registration Fee ,Super Sprint & Standard Triathlon,6.33E+13,(509) 361-3066,ElisabethHesse,2:42:56,,,AGE GROUP
2099653987,Melinda,Lawson-Crabtree,Female,11/18/1973,mindycrabtreecoaching@gmail.com,NY,Frewsburg,Team USA Pontevedra - Race Registration Fee ,Standard (Olympic) Triathlon,2.42E+13,(716) 450-2339,MelindaLawson-Crabtree,2:42:58,,,AGE GROUP
140422,James,huguenard,Male,1/25/1954,hugueys@aol.com,KY,Louisville,Team USA Pontevedra - Race Registration Fee ,Super Sprint & Standard Triathlon,4.14E+13,(502) 337-8387,Jameshuguenard,2:43:10,,,AGE GROUP
524352,Daphne,Glover,Female,8/21/1972,dkglover@hotmail.com,IN,Fort Wayne,Team USA Pontevedra - Race Registration Fee ,Standard (Olympic) Triathlon,8.23E+13,773-682-0997,DaphneGlover,2:43:29,,,AGE GROUP
36737996,Eli,Tepperberg,Male,11/11/1955,eli@justbreathedeep.com,NJ,Sussex,Team USA Pontevedra - Race Registration Fee ,Standard (Olympic) Triathlon,7.30E+13,(908) 447-4064,EliTepperberg,2:43:47,,,AGE GROUP
477558,Hallie,Labrador,Female,12/6/1977,hlabradormd@gmail.com,IL,Highland Park,Team USA Pontevedra - Race Registration Fee ,Standard (Olympic) Triathlon,3.86E+13,(917) 825-9272,HallieLabrador,2:43:50,,,AGE GROUP
646909780,Thomas,Loranger,Male,4/15/1957,t.loranger@comcast.net,WA,Tumwater,Team USA Pontevedra - Race Registration Fee ,Standard (Olympic) Triathlon,8.15E+13,13603392003,ThomasLoranger,2:43:59,,,AGE GROUP
2100262195,BARBARA,MCCABE,Female,10/17/1967,barbara_J_walker@hotmail.com,CA,Clio,Team USA Pontevedra - Race Registration Fee ,Standard (Olympic) Triathlon,5.30E+13,(415) 690-0878,BARBARAMCCABE,2:44:00,,,AGE GROUP
2095776208,Melanie,Diamanti,Female,3/27/1973,melanie.diamanti@pfizer.com,CT,Pawcatuck,Team USA Pontevedra - Race Registration Fee ,Standard (Olympic) Triathlon,7.25E+13,(860) 501-3239,MelanieDiamanti,2:44:20,,,AGE GROUP
2100354860,Nicole,Oschmann,Female,2/3/1987,oschmann@ymail.com,WI,Pewaukee,Team USA Pontevedra - Race Registration Fee ,Standard (Olympic) Triathlon,9.38E+13,(920) 723-8267,NicoleOschmann,2:44:26,,,AGE GROUP
2100265554,Emma,Ward,Female,12/5/2001,goofyfootedboarder@outlook.com,MN,Angora,Team USA Pontevedra - Race Registration Fee ,Standard (Olympic) Triathlon,1.21E+13,(218) 404-8951,EmmaWard,2:44:31,,,AGE GROUP
51018,Pippa,Michaels,Female,8/12/1961,pippam@mindspring.com,NJ,Far Hills,Team USA Pontevedra - Race Registration Fee ,Standard (Olympic) Triathlon,6.99E+13,(973) 610-9093,PippaMichaels,2:44:48,,,AGE GROUP
2100326102,maurizio,Bonacini,Male,7/28/1957,bonacim08@gmail.com,CA,San Francisco,Team USA Pontevedra - Race Registration Fee ,Standard (Olympic) Triathlon,9.14E+13,(415) 722-7215,maurizioBonacini,2:45:07,,,AGE GROUP
2099801070,Michelle,Lingenfelser,Female,4/11/1973,michelle.lingenfelser@gmail.com,KS,Prairie Village,Team USA Pontevedra - Race Registration Fee ,Super Sprint & Standard Triathlon,7.13E+13,(816) 914-0341,MichelleLingenfelser,2:45:09,,,AGE GROUP
2100222555,KATE,HAMEL,Female,8/21/1994,hamelkate71@gmail.com,CO,Boulder,Team USA Pontevedra - Race Registration Fee ,Standard (Olympic) Triathlon,1.63E+13,(860) 519-8754,KATEHAMEL,2:45:16,,,AGE GROUP
2099607217,Jess,Saalfield,Female,3/26/1968,jsaalfield@gmail.com,DC,Washington,Team USA Pontevedra - Race Registration Fee ,Standard (Olympic) Triathlon,8.27E+13,(561) 308-6725,JessSaalfield,2:45:29,,,AGE GROUP
180686,Julie,Billingsley,Female,12/9/1958,juliebi@msn.com,MD,Chevy Chase,Team USA Pontevedra - Race Registration Fee ,Standard (Olympic) Triathlon,4.65E+13,301-526-8452,JulieBillingsley,2:45:46,,,AGE GROUP
123502117,Kate,Amaral,Female,4/28/1969,kateamaral@yahoo.com,IL,LAKE BLUFF,Team USA Pontevedra - Race Registration Fee ,Standard (Olympic) Triathlon,4.82E+13,(847) 323-6781,KateAmaral,2:45:52,,,AGE GROUP
2100162860,Mary Beth,Lee,Female,8/20/1975,basictraining@bellsouth.net,AL,Birmingham,Team USA Pontevedra - Race Registration Fee ,Standard (Olympic) Triathlon,6.37E+13,(205) 835-1558,Mary BethLee,2:45:59,,,AGE GROUP
186318,Bruce,Williams,Male,9/7/1957,trigeekbruce@gmail.com,OH,Loveland,Team USA Pontevedra - Race Registration Fee ,Standard (Olympic) Triathlon,5.59E+13,513-652-3212,BruceWilliams,2:45:59,,,AGE GROUP
79089,David ,Stygar,Male,11/17/1956,nova_goldn@hotmail.com,CT,Lebanon,Team USA Pontevedra - Race Registration Fee ,Standard (Olympic) Triathlon,3.35E+13,860-889-0352,David Stygar,2:46:14,,,AGE GROUP
2065051851,John,Cassimatis,Male,10/27/1957,Johncassimatis1027@gmail.com,NJ,Hillsborough Township,Team USA Pontevedra - Race Registration Fee ,Standard (Olympic) Triathlon,8.56E+13,908-625-1046,JohnCassimatis,2:46:22,,,AGE GROUP
2100269507,CHRISTOPHER,Valerian,Male,4/11/1968,CVALERIAN2@COMCAST.NET,NJ,Toms River,Team USA Pontevedra - Race Registration Fee ,Standard (Olympic) Triathlon,2.52E+13,19733932231,CHRISTOPHERValerian,2:46:37,,,AGE GROUP
13652,Steven,Wade,Male,10/3/1958,stevegwade58@gmail.com,WA,Burlington,Team USA Pontevedra - Race Registration Fee ,Standard (Olympic) Triathlon,8.00E+13,(360) 770-0333,StevenWade,2:47:28,,,AGE GROUP
2100424044,kim,Neitzel,Female,8/6/1968,kim.neitzel2@gmail.com,WI,Verona,Team USA Pontevedra - Race Registration Fee ,Standard (Olympic) Triathlon,5.15E+13,(608) 225-8894,kimNeitzel,2:48:22,,,AGE GROUP
2100076531,Kathryn,Spencer,Female,6/18/1966,spencer3231@sbcglobal.net,CA,San Diego,Team USA Pontevedra - Race Registration Fee ,Standard (Olympic) Triathlon,8.78E+13,spencer3231@sbcglobal.net,KathrynSpencer,2:49:08,,,AGE GROUP
210499156,Meghan,Brennan,Female,2/4/1992,mghnbrennan@gmail.com,KY,Louisville,Team USA Pontevedra - Race Registration Fee ,Standard (Olympic) Triathlon,8.46E+13,(502) 299-8111,MeghanBrennan,2:50:35,,,AGE GROUP
201892,Douglas,Hill,Male,12/7/1954,doughill@harbornet.com,WA,Tacoma,Team USA Pontevedra - Race Registration Fee ,Standard (Olympic) Triathlon,4.50E+13,(253) 302-0114,DouglasHill,2:50:43,,,AGE GROUP
105845,George ,Van Meter,Male,8/14/1955,gvan0814@aol.com,KY,Lexington,Team USA Pontevedra - Race Registration Fee ,Standard (Olympic) Triathlon,3.74E+13,859-229-3697,George Van Meter,2:50:43,,,AGE GROUP
135964424,Udayvir,Singh,Male,7/27/2005,711ricky@gmail.com,DE,Wilmington,Team USA Pontevedra - Race Registration Fee ,Standard (Olympic) Triathlon,1.35E+13,(302) 660-6145,UdayvirSingh,2:51:18,,,AGE GROUP
2100298422,Lisa,Swain,Female,4/16/1958,swaintime@gmail.com,NJ,Fair Lawn,Team USA Pontevedra - Race Registration Fee ,Standard (Olympic) Triathlon,8.28E+13,(201) 280-7914,LisaSwain,2:52:12,,,AGE GROUP
2100040129,Julia,Shatalov,Female,4/14/2003,ivlasha@hotmail.com,CT,Cheshire,Team USA Pontevedra - Race Registration Fee ,Standard (Olympic) Triathlon,1.93E+13,(203) 317-7192,JuliaShatalov,2:53:06,,,AGE GROUP
58668,Paul,Sharman ,Male,6/10/1952,psharman687@gmail.com,AZ,PHOENIX,Team USA Pontevedra - Race Registration Fee ,Standard (Olympic) Triathlon,2.06E+13,(602) 770-8242,PaulSharman ,2:53:29,,,AGE GROUP
938758403,Aida ,Almanza,Female,5/14/2002,nick.dicklin@gmail.com,IA,AMES,Team USA Pontevedra - Race Registration Fee ,Standard (Olympic) Triathlon,6.44E+13,(309) 582-6424,Aida Almanza,2:54:48,,,AGE GROUP
86523,Mark,Hanlon,Male,4/2/1959,mdhanlon@aol.com,CO,Golden,Team USA Pontevedra - Race Registration Fee ,Super Sprint & Standard Triathlon,1.00E+14,(703) 474-1562,MarkHanlon,2:54:49,,,AGE GROUP
89635,Donna,Smyers,Female,9/6/1957,dosmyers@gmail.com,VT,Adamant,Team USA Pontevedra - Race Registration Fee ,Super Sprint & Standard Triathlon,6.81E+13,(802) 229-4393,DonnaSmyers,2:55:01,,,AGE GROUP
757474643,Clara,Roth,Female,12/1/2005,kelachiu@gmail.com,MA,Belmont ,Team USA Pontevedra - Race Registration Fee ,Standard (Olympic) Triathlon,4.71E+13,(617) 686-7691,ClaraRoth,2:55:13,,,AGE GROUP
2100141471,Fred,Pepper,Male,5/9/1958,cfpepper@mac.com,TX,The Woodlands,Team USA Pontevedra - Race Registration Fee ,Standard (Olympic) Triathlon,9.08E+13,936-827-2256,FredPepper,2:55:24,,,AGE GROUP
153725,Jonathan,Reik,Male,7/20/1952,jonr720@aol.com,CT,Farmington,Team USA Pontevedra - Race Registration Fee ,Standard (Olympic) Triathlon,3.32E+13,(860) 463-1267,JonathanReik,2:55:27,,,AGE GROUP
166809,Caroline,Butler,Female,4/14/1962,csbutler@comcast.net,TN,Franklin,Team USA Pontevedra - Race Registration Fee ,Standard (Olympic) Triathlon,3.26E+13,(615) 390-1123,CarolineButler,2:56:17,,,AGE GROUP
2100102812,Ferris,Thompson,Male,10/21/1958,ferris@buellersdayoff.com,AZ,Prescott,Team USA Pontevedra - Race Registration Fee ,Super Sprint & Standard Triathlon,4.71E+13,(310) 686-6025,FerrisThompson,2:57:00,,,AGE GROUP
2095160764,Denise,Allen,Female,3/12/1971,drdeniseallen@gmail.com,ME,Windham,Team USA Pontevedra - Race Registration Fee ,Standard (Olympic) Triathlon,1.98E+13,12073290026,DeniseAllen,2:57:01,,,AGE GROUP
39170,Craig,Zelent,Male,6/2/1962,tricraigz@yahoo.com,CA,Carlsbad,Team USA Pontevedra - Race Registration Fee ,Standard (Olympic) Triathlon,7.48E+13,(760) 214-0055,CraigZelent,2:58:04,,,AGE GROUP
138591,Jeanine,Watts,Female,11/11/1960,jwatts6304@aol.com,TN,Rossville,Team USA Pontevedra - Race Registration Fee ,Standard (Olympic) Triathlon,7.55E+13,(901) 268-7088,JeanineWatts,2:58:26,,,AGE GROUP
874703818,Mehal,Gupta,Male,12/18/2005,mehalgupta05@gmail.com,NJ,Millburn,Team USA Pontevedra - Race Registration Fee ,Standard (Olympic) Triathlon,2.55E+13,(201) 233-5978,MehalGupta,3:00:05,,,AGE GROUP
2095783153,rona,pasternak,Female,6/12/1960,ronapasternak@verizon.net,PA,Narberth,Team USA Pontevedra - Race Registration Fee ,Standard (Olympic) Triathlon,7.69E+13,215-205-0559,ronapasternak,3:00:08,,,AGE GROUP
189155,Susan,Baker,Female,1/3/1965,SUMABAKER@COMCAST.NET,CO,Monument,Team USA Pontevedra - Race Registration Fee ,Standard (Olympic) Triathlon,2.70E+13,17197611076,SusanBaker,3:00:34,,,AGE GROUP
2100151737,Carissa,Putt,Female,7/26/2003,carissa.putt@comcast.net,WA,Olympia,Team USA Pontevedra - Race Registration Fee ,Standard (Olympic) Triathlon,9.12E+13,(360) 890-2369,CarissaPutt,3:01:01,,,AGE GROUP
213411,John,Austin,Male,9/23/1952,john.h.austin@alum.mit.edu,NC,Wake Forest,Team USA Pontevedra - Race Registration Fee ,Standard (Olympic) Triathlon,3.60E+13,19199618031,JohnAustin,3:03:02,,,AGE GROUP
2100160636,Rich,Rovang,Male,6/30/1949,ricrov@abe.midco.net,SD,Aberdeen,Team USA Pontevedra - Race Registration Fee ,Standard (Olympic) Triathlon,2.47E+13,(605) 262-0099,RichRovang,3:03:24,,,AGE GROUP
159674,Jim,Fuller,Male,12/27/1952,jimrfuller@gmail.com,CO,Greeley,Team USA Pontevedra - Race Registration Fee ,Super Sprint & Standard Triathlon,3.80E+13,(970) 381-7323,JimFuller,3:04:22,,,AGE GROUP
2013372296,Tracey,Roberts,Female,2/1/1968,Traceyswimbikerun233@gmail.com,IL,Kildeer,Team USA Pontevedra - Race Registration Fee ,Standard (Olympic) Triathlon,7.67E+13,(847) 404-7308,TraceyRoberts,3:04:30,,,AGE GROUP
245036,Susan,Olesky,Female,6/8/1956,susanolesky@gmail.com,NJ,Far Hills,Team USA Pontevedra - Race Registration Fee ,Standard (Olympic) Triathlon,2.37E+13,(908) 400-8254,SusanOlesky,3:04:52,,,AGE GROUP
127881,David,Conover,Male,12/22/1950,DRConover9@aol.com,VA,GREAT FALLS,Team USA Pontevedra - Race Registration Fee ,Standard (Olympic) Triathlon,5.11E+13,(703) 430-8077,DavidConover,3:05:56,,,AGE GROUP
257117,John,Hazen,Male,2/26/1953,jthazen1@bellsouth.net,TN,CORDOVA,Team USA Pontevedra - Race Registration Fee ,Standard (Olympic) Triathlon,2.72E+13,9016470505x,JohnHazen,3:07:07,,,AGE GROUP
2100266156,Deborah,Burnet,Female,6/8/1958,dburnet@uchicago.edu,IL,Flossmoor,Team USA Pontevedra - Race Registration Fee ,Standard (Olympic) Triathlon,5.55E+13,(312) 391-4841,DeborahBurnet,3:07:20,,,AGE GROUP
514982,Annie,Warr,Female,7/29/1957,anniejw3@gmail.com,CA,SCOTTS VALLEY,Team USA Pontevedra - Race Registration Fee ,Standard (Olympic) Triathlon,4.15E+13,(831) 566-3391,AnnieWarr,3:14:48,,,AGE GROUP
527459,Sheila,Cotter,Female,9/15/1957,sheilalcotter@gmail.com,CA,San Ramon,Team USA Pontevedra - Race Registration Fee ,Super Sprint & Standard Triathlon,1.68E+13,(925) 216-3192,SheilaCotter,3:14:48,,,AGE GROUP
2100087475,Lindsay,Farrell,Female,6/24/1957,lindsayfrl@aol.com,NY,Ossining,Team USA Pontevedra - Race Registration Fee ,Standard (Olympic) Triathlon,4.77E+13,(914) 224-8999,LindsayFarrell,3:17:53,,,AGE GROUP
168375,MICHAEL,ZINN,Male,4/23/1947,MWZINN01@GMAIL.COM,TX,DALLAS,Team USA Pontevedra - Race Registration Fee ,Super Sprint & Standard Triathlon,2.95E+13,(214) 789-0324,MICHAELZINN,3:18:35,,,AGE GROUP
264803,Elizabeth,Baumgarten,Female,10/3/1956,eliza.sprite@gmail.com,FL,Leesburg,Team USA Pontevedra - Race Registration Fee ,Standard (Olympic) Triathlon,6.51E+13,703-203-8315,ElizabethBaumgarten,3:20:43,,,AGE GROUP
2100184799,Karla,Cavazos,Female,11/9/1971,karlacavazosarmas@gmail.com,TX,Dallas,Team USA Pontevedra - Race Registration Fee ,Standard (Olympic) Triathlon,3.11E+13,(214) 497-5932,KarlaCavazos,3:21:33,,,AGE GROUP
489513,Victoria,Brumfield,Female,10/12/1978,vicbrumfield@gmail.com,CO,Colorado Springs,Team USA Pontevedra - Race Registration Fee ,Super Sprint & Standard Triathlon,7.31E+13,(201) 214-0027,VictoriaBrumfield,3:23:03,,,AGE GROUP
2100221174,Ann,Burton,Female,9/30/1951,annburton@sbcglobal.net,CA,San Carlos,Team USA Pontevedra - Race Registration Fee ,Standard (Olympic) Triathlon,3.67E+13,(650) 430-3324,AnnBurton,3:28:57,,,AGE GROUP
511149,Terry,Dykshorn ,Female,2/26/1954,etdykshorn@cox.net,AZ,Scottsdale,Team USA Pontevedra - Race Registration Fee ,Standard (Olympic) Triathlon,6.72E+13,(480) 250-4853,TerryDykshorn ,3:29:22,,,AGE GROUP
491952,Stacy,Creamer,Female,10/2/1959,stacycreamer@gmail.com,NY,New York,Team USA Pontevedra - Race Registration Fee ,Standard (Olympic) Triathlon,4.67E+13,(917) 658-3860,StacyCreamer,3:31:03,,,AGE GROUP
21224,Robert,Plant,Male,5/15/1943,plantdds@aol.com,CA,Woodside,Team USA Pontevedra - Race Registration Fee ,Standard (Olympic) Triathlon,2.94E+13,(650) 576-0331,RobertPlant,3:31:52,,,AGE GROUP
303017,Denise,Cooksey,Female,7/24/1953,cooksey914@yahoo.com,IL,Peoria,Team USA Pontevedra - Race Registration Fee ,Standard (Olympic) Triathlon,3.09E+13,(309) 472-8449,DeniseCooksey,3:33:30,,,AGE GROUP
528784,Mary,Hager,Female,3/27/1948,hagermmh@aol.com,NJ,RANDOLPH,Team USA Pontevedra - Race Registration Fee ,Standard (Olympic) Triathlon,8.00E+13,(973) 252-9924,MaryHager,3:33:51,,,AGE GROUP
2010500784,JOHN,ALLEN,Male,12/26/1948,jallenksu@aol.com,KS,LEAWOOD,Team USA Pontevedra - Race Registration Fee ,Standard (Olympic) Triathlon,2.22E+13,15135504510,JOHNALLEN,3:35:14,,,AGE GROUP
2099739333,Sue,Reynolds,Female,12/10/1953,reynolds3611@gmail.com,IN,Bloomington,Team USA Pontevedra - Race Registration Fee ,Standard (Olympic) Triathlon,8.69E+13,18123503180,SueReynolds,3:35:16,,,AGE GROUP
168695,carolyn,shea,Female,2/2/1956,caskaa@cs.com,MA,Weymouth,Team USA Pontevedra - Race Registration Fee ,Standard (Olympic) Triathlon,2.60E+13,617-571-2867,carolynshea,3:35:58,,,AGE GROUP
320682,KATHY,Bohlman,Female,8/10/1961,kbohlm@aol.com,WI,Greenfield,Team USA Pontevedra - Race Registration Fee ,Standard (Olympic) Triathlon,3.02E+13,(414) 236-1234,KATHYBohlman,3:36:04,,,AGE GROUP
2100074437,Patti,Peterson ,Female,1/14/1953,pattipeterson605@comcast.net,WA,Longview,Team USA Pontevedra - Race Registration Fee ,Super Sprint & Standard Triathlon,3.73E+13,(360) 430-2677,PattiPeterson ,3:36:09,,,AGE GROUP
2100078061,Antoinette,Villa,Female,10/15/1968,niqvilla@gmail.com,NJ,Green Brook,Team USA Pontevedra - Race Registration Fee ,Standard (Olympic) Triathlon,8.53E+13,(908) 655-2913,AntoinetteVilla,3:37:10,,,AGE GROUP
262019,Cande,Olsen,Female,1/3/1950,Cande.Olsen@comcast.net,NJ,Morristown,Team USA Pontevedra - Race Registration Fee ,Super Sprint & Standard Triathlon,2.37E+13,(201) 213-7914,CandeOlsen,3:39:21,,,AGE GROUP
490836,Suzanne,Mink,Female,7/7/1952,suzymink@comcast.net,DC,Washington,Team USA Pontevedra - Race Registration Fee ,Standard (Olympic) Triathlon,5.60E+13,(202) 309-1750,SuzanneMink,3:47:07,,,AGE GROUP
2065039193,Deborah,Bliss,Female,8/15/1947,DEBBLISS469@HOTMAIL.COM,NY,Spencer,Team USA Pontevedra - Race Registration Fee ,Standard (Olympic) Triathlon,9.16E+13,(607) 327-2158,DeborahBliss,3:56:05,,,AGE GROUP
183969,Heather,Woodruff,Female,5/15/1953,trigirl39@yahoo.com,CA,San Diego,Team USA Pontevedra - Race Registration Fee ,Standard (Olympic) Triathlon,5.17E+13,(619) 977-7438,HeatherWoodruff,3:59:49,,,AGE GROUP
346684,Chary,Griffin,Female,12/14/1948,chary@charygriffin.com,NY,Cazenovia,Team USA Pontevedra - Race Registration Fee ,Standard (Olympic) Triathlon,5.83E+13,315-382-1721,CharyGriffin,4:00:19,,,AGE GROUP
2099856286,Marj,Carpenter,Female,7/25/1952,marjcarpen@aol.com,IL,crystal lake,Team USA Pontevedra - Race Registration Fee ,Standard (Olympic) Triathlon,9.32E+13,(815) 444-6275,MarjCarpenter,4:06:02,,,AGE GROUP
207813,Helen ,Kaiser,Female,7/8/1951,hpkaiser3@gmail.com,WI,Beloit,Team USA Pontevedra - Race Registration Fee ,Standard (Olympic) Triathlon,3.45E+13,608-362-6356,Helen Kaiser,4:06:17,,,AGE GROUP
147786,Raymond,Eastwood,Male,10/21/1941,rayeastwood@verizon.net,CA,Palos Verdes Estates,Team USA Pontevedra - Race Registration Fee ,Super Sprint & Standard Triathlon,7.77E+13,(310) 465-8622,RaymondEastwood,4:14:21,,,AGE GROUP
123515070,Penny,Popp,Female,5/29/1953,nurse.popp@verizon.net,CA,Santa Maria,Team USA Pontevedra - Race Registration Fee ,Standard (Olympic) Triathlon,3.71E+13,(805) 720-5237,PennyPopp,4:16:44,,,AGE GROUP
123817,Peggy,McDowell-Cramer,Female,1/25/1941,PMcDC@aol.com,CA,Santa Monica,Team USA Pontevedra - Race Registration Fee ,Standard (Olympic) Triathlon,4.45E+13,[310] 395-3156,PeggyMcDowell-Cramer,4:35:45,,,AGE GROUP
216554,Marie,Freeland,Female,3/4/1951,mariefreeland@gmail.com,CO,Littleton,Team USA Pontevedra - Race Registration Fee ,Standard (Olympic) Triathlon,8.66E+13,(303) 726-4287,MarieFreeland,DNF,,,AGE GROUP
530647,Sibyl,Jacobson,Female,9/30/1942,sibyljacobson@gmail.com,FL,Palm Beach Gardens,Team USA Pontevedra - Race Registration Fee ,Super Sprint & Standard Triathlon,8.51E+13,(646) 265-4807,SibylJacobson,DNF,,,AGE GROUP
2099583720,Kevin ,Fuller,Male,3/14/1970,kgfxlr8@gmail.com,UT,Highland,Team USA Pontevedra - Race Registration Fee ,Standard (Olympic) Triathlon,3.04E+13,(801) 472-1213,Kevin Fuller,DNF,,,AGE GROUP
162640,Steven,Bell,Male,3/24/1950,steve@impr.net,CO,Arvada,Team USA Pontevedra - Race Registration Fee ,Standard (Olympic) Triathlon,8.54E+13,814-573-1253,StevenBell,DNF,,,AGE GROUP
2100221711,John,Martin,Male,9/3/1943,jmartin@wallacejordan.com,AL,Birmingham,Team USA Pontevedra - Race Registration Fee ,Standard (Olympic) Triathlon,9.02E+13,(205) 874-0346,JohnMartin,DNF,,,AGE GROUP
123476550,Robert,Levy,Male,12/1/1942,boblevy99@yahoo.com,PA,Philadelphia,Team USA Pontevedra - Race Registration Fee ,Super Sprint & Standard Triathlon,6.81E+13,(267) 879-1602,RobertLevy,DNF,,,AGE GROUP
515742,Olivia,Malloy,Female,8/16/1983,olivia.malloy@gmail.com,VA,Fairfax,Team USA Pontevedra - Race Registration Fee ,Standard (Olympic) Triathlon,5.72E+13,(703) 470-3545,OliviaMalloy,DNS,,,AGE GROUP
558949,Deborah,Sakr,Female,5/3/1963,dbsakr@yahoo.com,MA,Amesbury,Team USA Pontevedra - Race Registration Fee ,Standard (Olympic) Triathlon,8.81E+13,978-502-3517,DeborahSakr,DNS,,,AGE GROUP
123465324,Michele,Tuttle,Female,5/18/1963,mmtcomm@verizon.net,MD,Columbia,Team USA Pontevedra - Race Registration Fee ,Super Sprint & Standard Triathlon,2.96E+13,(410) 733-0934,MicheleTuttle,DNS,,,AGE GROUP
123491274,Mary Catherine,Malin,Female,5/8/1959,malinmarycatherine1@gmail.com,VA,Arlington,Team USA Pontevedra - Race Registration Fee ,Standard (Olympic) Triathlon,9.91E+13,(703) 304-3249,Mary CatherineMalin,DNS,,,AGE GROUP
36737976,Fran,Trees,Female,5/16/1952,fran@ftrees.com,NJ,Sussex,Team USA Pontevedra - Race Registration Fee ,Super Sprint & Standard Triathlon,7.33E+13,(908) 447-4065,FranTrees,DNS,,,AGE GROUP
217471764,Zachary ,Baker,Male,4/17/2003,bakerz@queens.edu,PA,Harmony,Team USA Pontevedra - Race Registration Fee ,Standard (Olympic) Triathlon,4.29E+13,(412) 742-0059,Zachary Baker,DNS,,,AGE GROUP
2100168393,Justin,Rice,Male,5/14/1988,justinrice007@yahoo.com,CA,Union City,Team USA Pontevedra - Race Registration Fee ,Standard (Olympic) Triathlon,3.35E+13,(209) 678-3070,JustinRice,DNS,,,AGE GROUP
2100323808,Mark,Crosnicker,Male,6/13/1983,Mark.Crosnicker@gmail.com,VA,Sterling,Team USA Pontevedra - Race Registration Fee ,Standard (Olympic) Triathlon,2.81E+13,(540) 226-7353,MarkCrosnicker,DNS,,,AGE GROUP
325674,Sam,Martini,Male,11/3/1974,smartini23@gmail.com,NY,New York,Team USA Pontevedra - Race Registration Fee ,Standard (Olympic) Triathlon,5.45E+13,(929) 293-1134,SamMartini,DNS,,,AGE GROUP
36064604,Alexander,McCrohan,Male,12/29/1971,almccrohan1@gmail.com,AZ,Tucson,Team USA Pontevedra - Race Registration Fee ,Standard (Olympic) Triathlon,4.40E+13,520-808-6770,AlexanderMcCrohan,DNS,,,AGE GROUP
46430,Tim,Akers,Male,10/14/1948,takers@outransit.com,MS,Oxford,Team USA Pontevedra - Race Registration Fee ,Standard (Olympic) Triathlon,7.70E+13,(662) 816-7277,TimAkers,DNS,,,AGE GROUP
161681,Charles,Perez,Male,7/21/1947,charley@cperezcoaching.com,CO,Englewood,Team USA Pontevedra - Race Registration Fee ,Super Sprint & Standard Triathlon,2.01E+13,1 (303) 961-1656,CharlesPerez,DNS,,,AGE GROUP
178844,Kenneth,Lewis,Male,6/4/1944,kvlewis@Tri2xl.com,AZ,"Scottsdale, AZ 85255, USA",Team USA Pontevedra - Race Registration Fee ,Standard (Olympic) Triathlon,2.46E+13,14806948149,KennethLewis,DNS,,,AGE GROUP
2095815531,David,Blakesley,Male,12/22/1944,reply.address@cox.net,CA,Lake Forest,Team USA Pontevedra - Race Registration Fee ,Standard (Olympic) Triathlon,7.50E+13,(949) 322-0437,DavidBlakesley,DSQ,,,AGE GROUP
238407,Neal,Genda,Male,9/27/1941,ngendan@gmail.com,CA,San Marino,Team USA Pontevedra - Race Registration Fee ,Super Sprint & Standard Triathlon,2.12E+13,(626) 390-5155,NealGenda,DSQ,,,AGE GROUP
