USAT Member #,Last name,First name,Gender,DOB,Email,Address,City,State,Zip,Category,Final Time,,
767482910,MUTELL,Bryan,Male,4/9/1992,bryanmmutell@gmail.com,4632 14th St,Boulder,CO        ,80304,Ellte,3:54:33,0:11:44,4:06:17
541845,LINDQUIST,Gregory,Male,10/16/1982,gregory.lindquist@gmail.com,1939 Beacon Court,Boulder,CO        ,80302,Ellte,3:56:12,,
887718292,KARPAY,Caleb,Male,4/17/1986,ckarpay@gmail.com,2525 18th Street,Denver,CO        ,80211,Age Group,4:07:50,,
112490186,QUINN,Connor,Male,11/14/1997,thrillchester@gmail.com,4790 Broadway,Boulder,CO        ,80304,Age Group,4:07:54,,
2100442820,GAITAN,Max,Male,5/14/1994,jmaxgaitan@gmail.com,917 Baseline Road,Boulder,CO        ,80302,Ellte,4:08:17,,
2099740759,GALLOWAY,Scott,Male,6/17/1987,scgalloway@yahoo.com,4570 13th st apt 103,Boulder,CO        ,80304,Age Group,4:11:37,,
146193,HOLA,Tim,Male,10/7/1974,timhola@hotmail.com,10265 Baneberry Pl,Highlands Ranch,CO        ,80129,Ellte,4:11:54,,
2100349918,MAGUIRE,Mark,Male,8/7/1991,Mark.Maguire@du.edu,3295 W Harvard Ave,Denver,CO        ,80219,Age Group,4:12:11,,
21000996623,YAMADA,Scott,Male,11/27/1981,scottcyamada@gmail.com,4410e Vassar ave,Denver,CO        ,80222,Age Group,4:17:58,,
650561228,LOGAN,Simon,Male,4/2/1984,simonrlogan@gmail.com,440 Delaware Street,Denver,CO        ,80204,Age Group,4:20:49,,
100230662,PITTS,Zachary,Male,3/15/1976,pitts.zachary@yahoo.com,4871 White Rock Circle,Louisville,CO        ,,Age Group,4:21:30,,
361906,CALLAHAN,Scott,Male,12/6/1968,detectivec44@comcast.net,5971 Pioneer Mesa Dr,Colorado Springs,CO        ,80923,Age Group,4:28:17,,
850093168,CROKER,Phillip,Male,9/28/1993,phillipcroker@gmail.com,2920 W 29th Ave,Denver,CO        ,80211-4598,Age Group,4:29:49,,
368473338,ARGOT,Shannon,Female,2/17/1997,shannonmdague@gmail.com,10320 W 44th Ave,Wheat Ridge,CO        ,80033,Age Group,4:30:11,,
,SCOTT,Abraham,Male,4/3/2002,abrahamscott02@gmail.com,3860 Siamese St,Loveland,CO        ,80537,Age Group,4:33:05,,
605219743,SCOTT,Josh,Male,2/5/1985,josh.ross.scott@gmail.com,1080 Haverhill Pl,Colorado Springs,CO        ,80919,Age Group,4:37:26,,
2100153478,PICUNE,Jared,Male,8/11/1980,jared@picune.com,14590 Honolulu Cir,Parker,CO        ,80134,Age Group,4:39:47,,
,VANMEVEREN,Bryan,Male,11/25/1964,bsv@vanmeverenlaw.com,1801 Lakeshore Circle,Fort Collins,CO        ,80525,Age Group,4:41:12,,
993647366,ADGER,Preston,Male,1/15/1995,brady.adger12@gmail.com,1244 Southridge Dr,Fort Collins,CO        ,80521,Age Group,4:41:37,,
2100183271,CONRY,Scott,Male,5/10/1969,scottconry11@comcast.net,4525 Songbird Ln,Evergreen,CO        ,80439,Age Group,4:41:38,,
,HOLMES,Sam,Male,3/24/1988,samdholmes@gmail.com,3500 Rockmont Drive,Denver,CO        ,80202,Ellte,4:41:57,,
213654,SHEANIN,Dave,Male,12/15/1968,dave@sheanin.com,911 Pope Dr,Erie,CO        ,80516,Age Group,4:41:59,,
107796714,MORIARTY,Michael,Male,11/27/1985,mikey.mo@me.com,201 Wright Street,Lakewood,CO        ,80228,Age Group,4:43:23,,
328761803,HODGMAN,Daniel,Male,8/28/1979,daniel.hodgman@gmail.com,2299 S Lafayette St.,Denver,CO        ,80210,Age Group,4:45:50,,
580748,MERCER,Betsy,Female,3/24/1976,9.bmercer9@gmail.com,9.bmercer9@gmail.com,Parker,CO        ,80134-4513,Age Group,4:46:45,,
,FISHER,Nick,Male,11/22/1983,nickpdfisher@gmail.com,15430 W 50th Dr,Golden,CO        ,80403,Age Group,4:48:02,,
2100305854,SUTHERLAND,Jonah,Male,5/15/1994,jonahsuth@gmail.com,6862 FRYING PAN RD,Boulder,CO        ,80301-3605,Age Group,4:49:50,,
,TURBYFILL,Ryan,Male,12/6/1978,laminateplus@aol.com,5300 DTC Pkwy #230,Greenwood Village,CO        ,80111,Age Group,4:49:50,,
2100133595,WITKIEWICZ,Mark,Male,5/24/1972,mjwitkiewicz@yahoo.com,7067 Gray Fox Court,Highlands Ranch,CO        ,80130,Age Group,4:50:03,,
2095122911,AMOROSO,Aaron,Male,9/8/1982,amorosoaj@gmail.com,1130 S Josephine St,Denver,CO        ,80210,Age Group,4:51:29,,
,PIKLA,Casey,Male,9/18/1986,Capikla@gmail.com,151 Sweetwater St,Lander,WY        ,82520,Age Group,4:52:32,,
,FLETCHER,Wiley,Male,11/11/1991,wiley.f@gmail.com,528 Pearl,Boulder,CO        ,80302,Age Group,4:53:12,,
2099777807,KOHL,Mark,Male,5/13/1971,markskohl@gmail.com,1909 RiverGlen Drive,Berthoud,CO        ,80513,Age Group,4:53:29,,
,MUSGRAVE,Jonathan,Male,6/23/1999,jomu3154@colorado.edu,1045 Waite Dr,Boulder,CO        ,80303,Age Group,4:56:46,,
2099598271,CHRETIEN,Florence,Female,2/9/1974,fmchretien@gmail.com,108 John St,Greenwich,CT        ,6831,Ellte,4:58:00,,
665604699,MORUHIN,Volodymyr,Male,7/31/1988,vova.morugin@gmail.com,3715 CANFIELD ST APT 302,Boulder,CO        ,80301,Age Group,4:58:17,,
527292,BERNIER,Benjamin,Male,4/19/1977,bbernier@gmail.com,5433 S Killarney St,Centennial,CO        ,80015,Age Group,4:58:40,,
482467245,BROWN,Jason,Male,2/9/1986,jasonkingsley.brown@gmail.com,413 S Oneida Way,Denver,,80224,Age Group,4:59:23,,
,SILHAN,Dustin,Male,4/4/1983,eddiesil83@hotmail.com,4310 Emil Ave,Amarillo,TX        ,79106,Age Group,4:59:33,,
2100141323,KENNY,Jessie,Female,1/7/1981,kenny.jessie@gmail.com,6201 Vacquero Cir,Castle Pines,CO        ,80108,Age Group,5:00:03,,
837103690,MONES,Amanda,Female,12/1/1983,Philipa8@gmail.com,9255 Ogallala Rd,Longmont,CO        ,80503,Age Group,5:01:21,,
2100355501,ANDERSON,Chad,Male,12/22/1988,canderson2207@gmail.com,410 S 10th Ave,Springfield,NE        ,68059,Age Group,5:01:42,,
,GOMEZ,Nicolas,Male,1/22/1997,nicolas.go123@gmail.com,1000 Central Ave.,Charlotte,NC        ,28204,Age Group,5:01:44,,
,LOEBACH,Peter,Male,4/25/1981,ploebach@gmail.com,7962 S Everett St,Littleton,CO        ,80128,Age Group,5:02:30,,
996195870,ROSSI,Sarah,Female,6/21/1989,saraharossi@yahoo.com,1327 Holland st,Lakewood,CO        ,80215,Age Group,5:03:39,,
,SCHLUETER,Ethan,Male,2/24/1991,ethan.d.schlueter@gmail.com,2416 S River Rock Dr,Papillion,NE        ,68046,Age Group,5:03:53,,
218682792,GOMEZ,Gaby,Female,7/27/1991,gabygomez70722@gmail.com,10141 Fairfax ct,Thornton,CO        ,80229,Ellte,5:04:15,,
2100049117,HOMBURGER,Leah,Female,2/5/1989,leah.homburger@gmail.com,3401 S Patton Way,Denver,CO        ,80235,Age Group,5:05:48,,
290154815,LAMASTRA,Gwyneth,Female,8/12/1996,gwynnielamastra2014@gmail.com,1156 Jay St,Boulder,CO        ,80302,Age Group,5:05:58,,
498849968,DUFRESNE,Haley,Female,7/3/1984,haley@kardiafit.com,5859 Alton Street,Denver,CO        ,80238,Age Group,5:06:40,,
917101044,LOUNELLO,Marcus,Male,10/27/1989,marcus10277@yahoo.com,716 S Nile Way,Aurora,CO        ,80012,Age Group,5:07:24,,
2100078367,GALLEGO,Esteban,Male,12/30/1982,egallego1113@gmail.com,6492 S Jamaica Cir,Englewood,CO        ,80111,Age Group,5:08:26,,
2100380635,CAMACHO,Robert,Male,8/7/1988,robertanthonycamacho@gmail.com,3657 Castle Peak Ave,Superior,CO        ,80027,Age Group,5:08:53,,
606537398,BELTRANI,Abby,Female,7/19/1993,beltrani.abby@gmail.com,3523 Tejon St,Denver,CO        ,80211,Age Group,5:09:05,,
2100231844,BAETZOLD,Ed,Male,11/16/1966,ebaetzold@yahoo.com,625 kenmoor ave ste 301,Grand Rapids,MI        ,49546,Age Group,5:09:14,,
820190470,FRIELER,Alex,Male,12/5/1991,frieleralex@gmail.com,1107 102nd Ave,Greeley,CO        ,80634,Age Group,5:09:21,,
256845039,PENNOCK,Landis,Male,9/25/1991,landis.pennock@gmail.com,5361 S Ukraine Way,Aurora,CO        ,80015,Age Group,5:09:49,,
2095800485,CARLSON,Jasmine,Female,6/6/1985,jasmine@freedomseed.org,8964 Pueblo Mountain Park Road,Beulah,CO        ,81023,Age Group,5:10:06,,
,RUTTER,Jeffrey,Male,10/17/1985,Rutterjeffrey@yahoo.com,300 East St,Golden,CO        ,80403,Age Group,5:10:19,,
,MENDOZA,Seth,Male,7/10/1984,sjmendoz@yahoo.com,13965 Forest Street,Thornton,CO        ,80602,Age Group,5:11:40,,
241168,YOUNG,Caroline,Female,2/15/1991,youngc021591@gmail.com,3739 Precision Drive E-335,Fort Collins,CO        ,80528,Age Group,5:12:04,,
2100143115,HERRERA,Ubeimar,Male,1/27/1967,ubeimar2000@yahoo.com,421 wilma cir,West Palm Bech,FL        ,33404,Age Group,5:12:11,,
585349,DUARTE,Chris,Male,7/17/1972,pinto@bikerider.com,13128 Mercury Dr,Lone Tree,CO        ,80124,Age Group,5:13:55,,
2100432439,SHRESTHA,Sabin,Male,10/19/1987,spencer.maddy1@gmail.com,9763 Mount Kataka PT,Littleton,CO        ,80125,Age Group,5:13:55,,
,MARSH,Alonzo,Male,6/16/1997,alonzotmarsh@gmail.com,699 Eva Peak Dr,Erie,CO        ,80516,Age Group,5:14:19,,
,MORHARD,Robert,Male,8/26/1989,robamorhard@gmail.com,340 Oakdale Place NW,Washington,DC,20001,Age Group,5:14:20,,
,ALTO,Chris,Male,10/8/1992,alto.christopher@gmail.com,2120 Junction Pl,Boulder,CO        ,80301,Age Group,5:14:49,,
,REAL,German,Male,4/3/1990,,,Colorado Springs,CO        ,,Age Group,5:14:51,,
,SANADHYA,Pranay,Male,1/13/1985,pranay.sanadhya@gmail.com,1001 East Bayaud,Denver,CO        ,80209,Age Group,5:15:23,,
,VAN HORN,Paige,Male,8/30/1970,pvanhorn104@gmail.com,1060 Locust St,Denver,CO        ,80220-4643,Age Group,5:15:36,,
370889629,JACKSON,Colin,Male,1/16/1999,colinmj8@gmail.com,2027 Arapahoe Avenue,Boulder,CO        ,80302,Age Group,5:16:06,,
,HOLSCHER,Jim,Male,11/17/1964,jmholscher@gmail.com,1510 Avenue O,Scottsbluff,NE        ,69361,Age Group,5:16:51,,
622927697,FELTMAN,Carter,Male,2/19/2003,carterafeltman@gmail.com,911 Quincy street apt 3,Rapid City,SD        ,57702,Age Group,5:17:12,,
,COOK,Calvin,Male,3/31/1990,calvincook_31@yahoo.com,10573 W 84th Place,Arvada,CO        ,80005,Age Group,5:17:47,,
210416616,NARRELL,Joshua,Male,1/15/1978,joshua_m_narrell@yahoo.com,911 Dakota Drive,Castle Rock,CO        ,80108,Age Group,5:18:13,,
520082,MACCHEROLA,Tracy,Female,10/23/1963,TMACCHEROLA@GMAIL.COM,10591 sandstone run,Littleton,CO        ,80125,Age Group,5:19:19,,
2100448756,LILLIE,Peter,Male,1/8/1983,peterlillie@gmail.com,2120 junction place,Boulder,CO        ,80301,Age Group,5:19:28,,
2100355660,NIELSEN,Mikey,Male,2/14/1963,muskiecast@charter.net,13002 Kelly St,Springfield,NE        ,68059,Age Group,5:20:36,,
,CLEGG,Connor,Male,5/8/1993,Clegg5893@yahoo.com,7465 w Colorado Dr,Lakewood,CO        ,80232,Age Group,5:20:50,,
438570682,DEKLEVA,Madeline,Female,5/21/2000,madelinedekleva@gmail.com,1331 Birch St,Fort Collins,CO        ,80521,Ellte,5:20:58,,
2095150276,RICE,Karen,Female,2/2/1977,rice0148@umn.edu,159 Baylor Dr,Longmont,CO        ,80503,Age Group,5:21:09,,
,VARIN,Clark,Male,5/17/1995,clark.varin@gmail.com,9747 Clermont Lane,Thornton,CO        ,80229,Age Group,5:21:09,,
,STREET,Zachary,Male,12/14/1988,Savanah.n.hill@gmail.com,9950 e 151st ct,Brighton,CO        ,80602,Age Group,5:21:34,,
113928615,STEWART,Jon,Male,2/15/1976,stewartj76@gmail.com,3011 Pointe Cir,Lincoln,NE        ,68506-5111,Age Group,5:23:06,,
,GERLOFF,Greg,Male,10/8/1970,gggerloff@gmail.com,Po Box 6653,Breckenridge,CO        ,80424,Age Group,5:23:19,,
583508,RUZYCKI,Mark,Male,12/12/1966,msr66@msn.com,1655 Stable View Drive,Castle Pines,CO        ,80108,Age Group,5:23:21,,
794323148,ALLISON,Kirsten,Female,10/15/1991,parkratk@gmail.com,9623 Parramatta Place,Highlands Ranch,CO        ,80130,Age Group,5:23:25,,
,WILLIAMS,Michael,Male,8/1/1986,Mwilliams.spe@gmail.com,3247 Westbrook Ln,Highlands Ranch,CO        ,80129,Age Group,5:25:26,,
863273122,MADDEN,Eli,Male,6/10/1984,emadden0104@gmail.com,4280 E Missouri Ave,Denver,CO        ,80246,Age Group,5:26:00,,
2095136802,PITTS,Shawna,Female,8/16/1978,pitts_shawna@yahoo.com,402 Orchard Way,Louisville,CO        ,80027,Age Group,5:26:11,,
877823469,COLCLOUGH,Joanna,Female,11/12/1990,tebin.joanna@gmail.com,8006 S Logan Dr,Littleton,CO        ,80122,Age Group,5:27:10,,
,FUELLING,Ryan,Male,5/22/1985,fuellingr@gmail.com,10179 Southlawn Circle,Commerce City,CO        ,80022,Age Group,5:27:13,,
,GREWE,Matthew,Male,5/25/2001,matthew.grewe@colorado.edu,5005 S Lafayette Lane,Cherry Hills Village,CO        ,80113,Age Group,5:27:19,,
858809341,GLIGA,Sandra,Female,10/18/1984,Sgliga10@jcu.edu,11450 Colony Row Apt 305,Broomfield,CO        ,80021,Age Group,5:27:48,,
200728261,MERGENS,Eric,Male,1/25/1984,ericmergens@gmail.com,9418 County Road 8,Fort Lupton,CO        ,80621,Age Group,5:28:12,,
928794212,KOSTBADE,Gary,Male,11/18/1998,gary.kostbade@gmail.com,10085 E 59th Ave,Denver,CO        ,80238,Age Group,5:28:28,,
205244,KLEIN,Michael,Male,2/27/1965,mklein1474@gmail.com,1474 Easy Rider Lane,Boulder,CO        ,80304,Age Group,5:29:33,,
984408147,NILES,Skye,Female,7/12/1987,niles.skye@gmail.com,3644 Hazelwood Court,Boulder,CO        ,80304,Age Group,5:30:24,,
897672768,VERANTH,Taylor,Female,10/6/1997,Tmveranth@gmail.com,1930 South Gilpin Street,Denver,CO        ,80210,Age Group,5:30:49,,
,JEROME,Hunter,Male,3/24/1998,hunter.jerome5420@gmail.com,10238 Silver Stirrup Dr,Colorado Springs,CO        ,80925,Age Group,5:32:02,,
2096127211,MACIUSZEK,Amanda,Female,3/14/1985,adavis4hawks@gmail.com,5785 S Andes St,Aurora,CO        ,80015,Age Group,5:32:03,,
,HOLT,Scott,Male,8/21/1964,,,Windsor,CO        ,,Age Group,5:34:05,,
2100376697,MCDOWELL,Trey,Male,10/4/1972,trey.mcdowell@gmail.com,5354B W Canyon Trl,Littleton,CO        ,80128,Age Group,5:34:20,,
2100433326,YOUNG,Alex,Female,8/31/1986,alexnhercules@gmail.com,6823 E Eastman Ave,Denver,CO        ,80224,Age Group,5:34:22,,
,PLATZ,Steven,Male,6/24/1968,sltsjp@wyoming.com,4 Shimmer Drive,Lander,WY        ,82520,Age Group,5:34:43,,
,LONG,Jacob,Male,2/7/1992,jacobl.long@gmail.com,3235 Larimer St,Denver,CO        ,80205,Age Group,5:34:50,,
,CERRETA,Kc,Male,5/13/1982,cerretacycles@gmail.com,6042 Wolf Village Dr,Colorado Springs,CO        ,80924,Age Group,5:35:03,,
,MAJETICOVA,Iva,Female,8/10/1997,Iva_majeticova@yahoo.com,2134 concord lane,Superior,CO        ,80027,Age Group,5:36:37,,
,CATALDO,Blake,Male,1/14/1989,bcataldo8907@gmail.com,8018 Ferncliff Dr,Colorado Springs,CO        ,80920,Age Group,5:37:45,,
2100347022,THEES,Austin,Male,5/20/1993,thees.5@osu.edu,8839 Winona Ct,Westminster,CO        ,80031,Age Group,5:38:28,,
662673005,HOFSTRA,Kevin,Male,2/24/1981,kevin.hofstra@gmail.com,15663 W Wedge Way,Morrison,CO        ,80465,Age Group,5:38:41,,
2095783371,PACHUDA,Christine,Female,3/29/1973,Cpachuda@gmail.com,7919 Golden Prairie Ct,Fort Collins,CO        ,80525,Age Group,5:40:24,,
2100434088,FRICK,Betsy,Female,10/25/1959,betsyk1@q.com,1330 Saratoga Avenue,Steamboat Springs,CO        ,80487,Age Group,5:40:29,,
,SONNESYN,Dan,Male,12/31/1967,,,,CO        ,,Age Group,5:41:15,,
123491769,WALLACE,Wayne,Male,6/12/1957,wcwallace@charter.net,2815 shirley rd,North Platte,NE        ,69101,Age Group,5:41:34,,
,MAJETICOVA,Lucie,Female,8/10/1997,lucie_majeticova@yahoo.com,9219 w 100th cir,Westminster,CO        ,80021,Age Group,5:41:36,,
317383433,HUGHES,Marion,Female,1/12/1966,immarionhughes@gmail.com,795 Robert Street,Longmont,CO        ,80503,Age Group,5:41:53,,
,DWORSCHACK,Willa,Female,12/16/1997,wdworschack@gmail.com,1430 18th St,Boulder,CO        ,80302,Age Group,5:42:16,,
,GACZOL,Michal,Male,9/14/1983,gaczolmichal@gmail.com,10369 West Fair Avenue Apt.,Littleton,CO        ,80127,Age Group,5:42:36,,
,BRETZ,Samuel,Male,4/24/1994,samuelbretz@gmail.com,3089 South Downing Street,Englewood,CO        ,80113,Age Group,5:42:37,,
,KAISER,Graham,Male,12/19/1979,grahamkaiser@gmail.com,16531 E Powers Pl,Centennial,CO        ,80015,Age Group,5:43:49,,
,ARNOLD,Brett,Male,9/4/1984,brettrarnold@yahoo.com,867 south cole dr,Lakewood,CO        ,80228,Age Group,5:45:09,,
2100302714,HSIA,Alex,Male,8/1/1964,sales+trireg@hsia.us,1913 Southard St,Erie,CO        ,80516,Age Group,5:45:52,,
20100335441,WAGNER,Jeffrey,Male,9/29/1959,jeffreylwagner@gmail.com,6409 S. Jericho Way,Centennial,CO        ,80016,Age Group,5:47:52,,
,VALENTINE,Travis,Male,1/11/1976,travis@valentinefamily.net,17590 East Pondlilly Drive,Parker,CO        ,80134,Age Group,5:48:16,,
,RICHARDSON,Keith,Male,11/9/1977,keith.j.richardson@gmail.com,920 Yucca Ct,Longmont,CO        ,80504,Age Group,5:49:42,,
754958132,SWEENEY,Max,Male,8/14/1996,maxmines2012@gmail.com,10237 W 52nd Pl,Wheat Ridge,CO        ,80033,Age Group,5:51:01,,
,SCHALLUS,Matt,Male,7/12/1997,Mschallus@gmail.com,4650 W Mineral Drive,Littleton,CO        ,80128,Age Group,5:52:03,,
153332353,DEVAN,Troy,Male,6/25/1985,troy.devan7@gmail.com,113 Woodglen Ct,Southlake,TX        ,76092,Age Group,5:52:42,,
,KOVALSKI,Hunter,Male,10/16/1978,kovalski09@hotmail.com,1933 Interlocken Dr.,Evergreen,CO        ,80439,Age Group,5:53:16,,
,COLE,Amanda,Female,11/29/1976,Ironmanda@icloud.com,104 Tuscany ravine terrace nw,Calgary,AB,T3l2s7,Age Group,5:53:48,,
652194906,CHAIKIN,Craig,Male,5/7/1981,chaikics03@yahoo.com,16553 E Dorado Ave,Centennial,CO        ,80015,Age Group,5:54:22,,
,ERICSON,Ryan,Male,1/8/1975,ryanericson@yahoo.com,3045 S Monroe St,Denver,CO        ,80210,Age Group,5:54:53,,
292880617,BROCKUS,Matthew,Male,1/12/1998,Matthew.brockus@gmail.com,5675 S Zang St,Littleton,CO        ,80127,Age Group,5:55:15,,
,TUROW,Mitchell,Male,9/1/1986,mitch.turow@gmail.com,9351 Chambray Lane,Highlands Ranch,CO        ,80130,Age Group,5:55:17,,
,HECTOR,Kate,Female,12/30/1990,,,,CO        ,,Age Group,5:55:39,,
,MONTOYA,Lina,Female,3/20/1989,lpmontoy2@gmail.com,Calle 56 N 41-170 Apt 1504,Medellin,,50012,Age Group,5:55:57,,
,MATTHEWS,Michael,Male,7/3/1996,michaelctmatthews@gmail.com,8221 S Emerson,Littleton,CO        ,80122,Age Group,5:57:02,,
,ROTH,Natalie,Female,12/25/1985,Natalie.s.roth@gmail.com,5968 Beeler Ct,Denver,CO        ,80238,Age Group,5:58:31,,
,LILLIE,Natalie,Female,12/27/1996,natalielillie27@gmail.com,9620 Avocet Lane,Lafayette,CO        ,80026,Age Group,5:58:32,,
,LILLIE,Nick,Male,2/2/1995,nicholaslillie@gmail.com,166 Meadowlook Way,Boulder,CO        ,80304,Age Group,5:58:33,,
,DOIRON,Dallas,Male,6/9/1988,dallasdoiron@gmail.com,1633 N PEARL ST APT 1014,Denver,CO        ,80203,Age Group,5:59:08,,
2099754380,MCCORD,Kane,Male,10/8/1979,kanemccord@gmail.com,10198 East 28th Avenue,Denver,CO        ,80238,Age Group,5:59:10,,
2100059868,BUSCH,Scott,Male,3/31/1986,smb33186@gmail.com,696 Homestead St,Lafayette,CO        ,80026,Age Group,5:59:17,,
2100440149,FUHRMAN,Kurt,Male,11/16/1967,kmfuhrman4@gmail.com,738 E 4th Ave,Denver,CO        ,80203,Age Group,6:00:21,,
,AGEE,Erin,Female,6/18/1983,Eba26@cornell.edu,4697 18th street,Boulder,CO        ,80304,Age Group,6:00:42,,
473867533,WANG,Eleanor,Female,6/4/2000,elewang@umich.edu,1230 N Logan Street,Denver,CO        ,80203,Age Group,6:00:46,,
,TRZILOVA,Dominika,Female,2/9/1993,dtrzilova@gmail.com,10910 W 16th Dr,Lakewood,CO        ,80215,Age Group,6:01:32,,
2100379522,BOUTILIER,Jamie,Female,6/28/1983,jamieboutie@yahoo.com,85 Pinyon Mesa Dr.,Glenwood Springs,CO        ,81601,Age Group,6:01:59,,
,RICHARDS,Daelyn,Female,12/17/1985,daerich9@gmail.com,2216 Florence St,Aurora,CO        ,80010,Age Group,6:03:36,,
,HICKS,Kerry,Male,5/2/1991,kerryallenhicks@gmail.com,620 Grandview Meadows Drive,Longmont,CO        ,80503,Age Group,6:03:49,,
,POWELL,Robert,Male,3/23/1979,robertpowell23uch@yahoo.com,8815 portico ln,Longmont,CO        ,80503,Age Group,6:03:53,,
2100366488,POWNER,Jennifer,Female,2/1/1973,jhpowner@yahoo.com,2178 Crop Row Dr.,Windsor,CO        ,80550,Age Group,6:04:05,,
,GREEN,Ryan,Male,1/17/1983,ryan.green430@gmail.com,9659 E. 112th Dr.,Henderson,CO        ,80640,Age Group,6:05:47,,
,NOLAN,James,Male,4/22/1999,nolanjmy@gmail.com,3668 Red Deer Trail,Broomfield,CO        ,80020,Age Group,6:05:49,,
2100405270,GIBSON,Christa,Female,10/22/1979,chgibson7979@gmail.com,1103 Cortez Way,Severance,CO        ,80550,Age Group,6:06:05,,
,DUCKRO,Amy,Female,10/7/1971,anduckro@comcast.net,407 Widgeon Dr.,Longmont,CO        ,80503,Age Group,6:09:56,,
,HERILA,Katherine,Female,1/20/1996,Katherine@herila.net,828 N Broadway,Denver,CO        ,80203,Age Group,6:10:49,,
,RAU,Martin,Male,8/2/1961,martyarizona2014@gmail.com,13581 VIA VARRA  APT 3405,Broomfield,CO        ,80020,Age Group,6:10:51,,
,LANDAUER,Laura,Female,11/28/1971,llandauer@hotmail.com,1542 Jackson St,Denver,CO        ,80206,Age Group,6:12:32,,
,CHAMBERLAIN,Amanda,Female,12/31/1995,,,,CO        ,,Age Group,6:13:05,,
,RADBILL,August,Male,1/21/1991,august@farouticecream.com,17 Avery Street,Dedham,MA        ,2026,Age Group,6:13:36,,
,JUNGJATURAPIT,Kuejai,Female,9/12/1986,,3785 Birchwood Dr #68,Boulder,CO        ,80304,Age Group,6:13:49,,
319705827,NUANES,Brandon,Male,4/23/1987,brandon.nuanes@gmail.com,9704 Marmot Ridge Cir,Littleton,CO        ,80125,Age Group,6:14:54,,
,HAYNES,William,Male,12/26/1992,williamrichardhaynes@gmail.com,3335 Holloman Road,Falls Church,VA        ,22042,Age Group,6:16:08,,
,SHEA,Carissa,Female,8/15/1980,carissashea@yahoo.com,16864 Fletcherville Ln,Peyton,CO        ,80831,Age Group,6:16:08,,
,FOSDICK,Jarvis,Male,5/9/1979,jfosdick@absencesoft.com,3043 Stout Street,Denver,CO        ,80205,Age Group,6:16:29,,
2008446747,SAVARD,Maxime,Male,5/26/1979,max.savard@gmail.com,807 Ridgewood Drive,Metairie,LA        ,70001,Age Group,6:17:52,,
,STENSON,Jack,Male,9/27/1999,Johnstenson50@gmail.com,3668 Red Deer Trl,Broomfield,CO        ,80020,Age Group,6:17:58,,
273285174,EPPERLY,Chasity,Female,5/31/1979,Sheaepperly@gmail.com,11030 Birch Hollow Way,Peyton,CO        ,80831,Age Group,6:18:32,,
,ALLRED,Lauren,Female,10/7/1993,laurenhafenallred@gmail.com,636 Lene Lane,Berthoud,CO        ,80513,Age Group,6:18:33,,
953800720,MILLER,Callie,Female,10/6/1997,cgmiller@mines.edu,313 Goldco Circkle,Golden,CO        ,80403,Age Group,6:19:04,,
,GHALE,Kabir,Male,3/6/1990,Kghale27@gmail.com,9850 Zenith Meridian Drive,Englewood,CO        ,80112,Age Group,6:19:38,,
,REGMI,Siwani,Female,10/3/1996,Siwani.regmi@gmail.com,2701 Yates St,Denver,CO        ,80212,Age Group,6:20:48,,
476933566,JOHNSON,Genevieve,Female,6/8/1987,grosejohnson@gmail.com,1124 Kansas Ave,Longmont,CO        ,80501,Age Group,6:20:59,,
444879250,THOMPSON,Kevin,Male,9/25/1985,thompsonk07@gmail.com,3360 S Princess Cir,Broomfield,CO        ,80020,Age Group,6:22:20,,
752873451,FREUND,Leslie,Female,8/8/1983,lueleebear@gmail.com,11180 Tamarron Dr.,Parker,CO        ,80138,Age Group,6:22:24,,
,BENOIT,Keith,Male,3/18/1984,kbenoi5@gmail.com,8611 w 92nd Pl,Westminster,CO        ,80021,Age Group,6:23:52,,
2100412245,SHEA,Danny,Male,3/8/1962,dannyshea444@gmail.com,1707 ZEUS DR,Lafayette,CO        ,80026-1429,Age Group,6:24:38,,
132838796,KREIENBRINK,Kendra,Female,12/29/1998,kk17marie@gmail.com,1130 Monroe Dr. Apt A,Boulder,CO        ,80303,Age Group,6:24:45,,
,YODER,Grant,Male,6/26/1987,gyoder1@gmail.com,901 S Washington St.,Denver,CO        ,80209,Age Group,6:29:51,,
221283,WILLIAMS,Erin,Female,4/16/1985,rinair85@hotmail.com,10871 Utica Court,Westminster,CO        ,80031,Age Group,6:31:06,,
2099853247,SEIFERT,Eric,Male,3/1/1965,ericleeseifert@gmail.com,,,CO        ,80227,Age Group,6:32:58,,
628673256,OSTERMAN,Craig,Male,9/16/1986,craigosterman86@yahoo.com,4626 E peakview,Centennial,CO        ,80121,Age Group,6:33:04,,
,FINKE,Ethan,Male,4/7/1996,efinke96@gmail.com,1351 St John Pl,Fort Collins,CO        ,80525,Age Group,6:33:06,,
211591334,MORALES,Jason,Male,12/21/1978,jtm9054@outlook.com,998 Eaglestone Dr,Castle Rock,CO        ,80104,Age Group,6:34:01,,
2100396796,NIGHTENGALE-LUHAN,Madeleine,Female,6/17/2002,mnightengale23@gmail.com,2381 S Lupine St,Lakewood,CO        ,80228,Age Group,6:34:33,,
2099597655,WALTER,Marianne,Female,4/18/1960,augustinaswinery@gmail.com,700 Meadowlake Drive,Black Hawk,CO        ,80422,Age Group,6:35:08,,
615382245,DE FEO,Michael,Male,2/8/1983,michael.defeo@gmail.com,8997 West 101 Avenue,Westminster,CO        ,80021,Age Group,6:35:13,,
,MOSS,Melissa,Female,3/21/1994,melissamoss94@gmail.com,1315 West Fort St,Boise,ID        ,83702,Age Group,6:36:47,,
2010526526,BROOKS,Kimberly,Female,1/15/1974,berlybrook@aol.com,122 Tyler Road,Albuquerque,NM        ,87107,Age Group,6:39:40,,
2099749856,WILLIAMS,David,Male,5/13/1978,daveraah@gmail.com,6681 Hannah Rose Rd,Colorado Springs,CO        ,80923,Age Group,6:39:54,,
,KNOCHE,Chloe,Female,8/19/1985,chloe.e.knoche@gmail.com,3200 68th Avenue Court,Greeley,CO        ,80634,Age Group,6:41:05,,
,RUBEN,Kristi,Female,6/17/1970,kristi.ruben@gmail.com,6524 Armant Ct,Cheyenne,WY        ,82009,Age Group,6:45:25,,
2100217397,KROEGER WEEKS,Kim,Female,11/16/1969,kim_weeks@msn.com,390 Beryl St,Broomfield,CO        ,80020-1928,Age Group,6:45:40,,
10783,GWIN,Candice,Female,4/25/1959,cgwin@everestkc.net,9830 Delmar Ln,Overland Park,KS        ,66207,Age Group,6:46:35,,
210061,MOHR,Richard,Male,7/20/1972,rmohr72@hotmail.com,16132 Old Forest Point,Monument,CO        ,80132,Age Group,6:48:25,,
2099767481,MARSHALL,Robyn,Female,10/3/1960,robrunner4@aol.com,7802 Kona Circle,Papillion,NE        ,68046,Age Group,6:49:16,,
169548017,RUSSELL,Christine,Female,8/19/1973,colorado.crussell@gmail.com,121 E. Virginia Street,Oak Creek,CO        ,80467,Age Group,6:50:10,,
390815013,DANNUG,Philip,Male,2/21/1987,dannug.p@gmail.com,2222 Eagleview Cir,Longmont,CO        ,80504,Age Group,6:50:21,,
2100427946,COONEY,Jessica,Female,1/21/1976,jessmcooney@hotmail.com,3068 50th Avenue,Greeley,CO        ,80634,Age Group,6:51:23,,
168748004,SEIDNER,Mollie,Female,10/14/1998,mollie.seidner@gmail.com,8221 S Emerson Way,Littleton,CO        ,80122,Age Group,6:52:18,,
2100077818,PELSMAEKER,Alwin,Male,12/12/1965,pelsmaekera@gmail.com,745 Parthenon ct,Lafayette,CO        ,80026,Age Group,6:53:44,,
,COOPER,Alex,Male,4/8/1962,alexcooper2@gmail.com,5 S Garfiled Street,Denver,CO        ,80209,Age Group,6:54:07,,
2100422123,ANDERSEN,Trudee,Female,7/8/1968,trudee0@gmail.com,413 Widgeon Dr,Longmont,CO        ,80503,Age Group,6:54:29,,
,WAGGONER,Zachariah,Male,1/14/2004,waggfam3@aol.com,2362 morningview ln,Castle Rock,CO        ,80109,Age Group,6:57:33,,
,WAGGONER,Aaron,Male,11/17/1975,waggfam3@aol.com,3172 carabiner st,Castle Rock,CO        ,80108,Age Group,6:57:34,,
,HELLER,Liz,Female,2/28/1981,helec2003@gmail.com,73 Rocky Rd.,Carbondale,CO        ,81623,Age Group,6:57:37,,
463810867,SKLARE,Courtney,Female,6/1/1978,courtney.sklare@gmail.com,3303 Allison Way,Louisville,KY        ,40220,Age Group,6:57:42,,
2100337560,HARE,Jeff,Male,9/17/1969,jeffreythare@gmail.com,,,CO        ,80634,Age Group,6:59:43,,
174713,WEATHERBY,Karen,Female,1/22/1956,kmweath1@gmail.com,15800 LONGVIEW DR,Broomfield,CO        ,80023,Age Group,7:03:49,,
,CONWAY,Ellen,Male,4/29/1994,conway.ellen@gmail.com,2122 Decatur Street,Denver,CO        ,80211,Age Group,7:04:14,,
2100082104,NAVARRO,Alexander,Male,3/8/1973,alex.navarro1@gmail.com,1061 E Briarwood Cir North,Centennial,CO        ,80122,Age Group,7:06:39,,
246081,MALEIKE,Corinna,Female,3/5/1960,Corinna.maleike@gmail.com,425 Colorow Rd,Golden,CO        ,80401,Age Group,7:06:45,,
,MARSH,Rebecca,Female,5/9/1996,rjcole965@gmail.com,699 Eva Peak Dr,Erie,CO        ,80516,Age Group,7:08:05,,
36732586,BRANSON,Cheryl,Female,2/24/1961,cherylbranson1@gmail.com,21454 Shady LN #55,Idledale,CO        ,80453,Age Group,7:10:42,,
10671,WILSON,Bruce,Male,4/29/1945,brucecwils@aol.com,2520 Panorama Ave.,Boulder,CO        ,80304,Age Group,7:18:03,,
,VARTY,Johna,Female,3/15/1986,jmvcheyenne@gmail.com,,,CO        ,80470,Age Group,7:19:28,,
,SCOTT,Jon,Male,9/29/1973,jonwilyscott@hotmail.com,4671 BETHANY CT,Colorado Springs,CO        ,80918,Age Group,7:19:35,,
,CHOKRAN,Greg,Male,1/16/1954,greg.chokran@gmail.com,2083 Skylark Court,Longmont,CO        ,80503,Age Group,7:19:45,,
,ANANKE,Andinera,Male,10/26/1989,andinera.ananke@gmail.com,7350 S Quarry Mountain,Littleton,CO        ,80127,Age Group,7:20:03,,
2100238551,FESLER,Amy,Female,6/25/1979,bodhi3751@yahoo.com,5405 S.Valdai Way,Aurora,CO        ,80015,Age Group,7:21:23,,
2100258302,DELONG,Jessica,Female,4/23/1981,jessicadelong@gmail.com,109 Lois Circle,Louisville,CO        ,80027,Age Group,7:22:24,,
,DRUMMOND,Ian,Male,10/3/1978,iansdrummond@gmail.com,11 Hedding Ave.,Hamilton,MA        ,1982,Age Group,7:22:24,,
,SOLLARS,Rachel,Female,8/18/1977,rsollars77@gmail.com,85 Sage Meadow Road,Glenwood Springs,CO        ,81601,Age Group,7:28:38,,
,SOLLARS,Benjamin,Male,3/27/1977,rsollars77@gmail.com,85 Sage Meadow Road,Glenwood Springs,CO        ,81601,Age Group,7:28:39,,
551013430,SALDI,Robert,Male,9/24/1977,rsaldi@distributorwire.com,6150 Sparrow Ave,Firestone,CO        ,80504,Age Group,7:29:25,,
,SADIARIN,Michael,Male,12/22/1968,Mikesadiarin@gmail.com,2210 Riverwalk Pkwy,Colorado Springs,CO        ,80951,Age Group,7:29:41,,
2100352578,SODANAPALLI,Praveen,Male,8/29/1976,idleyogi@gmail.com,8202 S Tamarac St,Centennial,CO        ,80112,Age Group,7:30:52,,
,BENZ,Sandra,Female,6/12/1993,benz.sandra1@gmail.com,611w19th street,Scottsbluff,NE        ,69361,Age Group,7:33:44,,
,ALTENBURG,Bridget,Female,2/6/1973,bridgetaltenburg@hotmail.com,5005 n francisco,Chicago,IL        ,60625,Age Group,7:35:46,,
2100315417,LUHMANN,Ashley,Female,3/6/1987,ashleybdrayer@gmail.com,710 Bruce Drive,Berthoud,CO        ,80513,Age Group,7:37:05,,
2100351387,MATHIAS,Monica,Female,12/30/1958,,,,CO        ,,Age Group,7:40:57,,
156282,SMITH,Emily,Female,2/16/1974,ersmith29@yahoo.com,630 Joseph Circle,Golden,CO        ,80403-2349,Age Group,7:46:19,,
2100437414,HESCHELES,Charles,Male,6/15/1960,cj.hescheles@gmail.com,33 S. Boulder CIR,Boulder,CO        ,80303,Age Group,7:48:05,,
252315,CROCKER,Joyce,Female,7/20/1960,texzonarado@gmail.com,1691 Virginia Drive,Fort Lupton,CO        ,80621,Age Group,DNF,,
900754,GOODELL,Kimberly,Female,1/10/1980,kimberly@elitewavetraining.com,253 S ADAMS DR,Louisville,CO        ,80027,Ellte,DNF,,
36732374,BURKHART,Grant,Male,7/29/1960,grant_burkhart@hotmail.com,9511 Gray Street,Westminster,CO        ,80031,Age Group,DNF,,
2100144958,HENNION,Amy,Female,5/27/1968,hennion@msn.com,561 E 133RD CT,Thornton,CO        ,80241,Age Group,DNF,,
,REIDY,David,Male,2/4/1992,davidtreidy@gmail.com,372 Superior Dr.,Superior,CO        ,80027,Age Group,DNF,,
,TOWNSEND,Sara,Female,8/29/1987,Sfentima@gmail.com,1260 glenrock dr,Colorado Springs,CO        ,80926,Age Group,DNF,,
45794,ATKINS,Ben,Male,12/14/1969,baflorida@aol.com,1515 high st,Boulder,CO        ,80304,Age Group,DNS,,
244328,STOLL,David,Male,4/4/1960,dave.stoll.1696@gmail.com,1696 Waneka Lake Trl,Lafayette,CO        ,80026,Age Group,DNS,,
310851,HEMP,Cassidy,Female,8/17/1997,gracemountain19@gmail.com,341 City Center Cir,Lafayette,CO        ,80026,Age Group,DNS,,
476725,BROIDY,Lisa,Female,10/23/1968,lbroidy@gmail.com,726 JEFFERSON ST NE,Albuquerque,NM        ,87110,Age Group,DNS,,
507744,HAWKINS KLEIN,Kaitlyn,Female,7/12/1974,khawk1048@yahoo.com,8764 Yucca Street,Arvada,CO        ,80007,Age Group,DNS,,
521163,STUBBS,Vickie,Female,6/11/1968,polyglotvs@gmail.com,2520 Panorama Ave,Boulder,CO        ,80304,Age Group,DNS,,
552816,LEO,Nicki,Female,3/17/1973,montyandcleo@live.com,1915 Harmony park drive,Westminster,CO        ,80234,Age Group,DNS,,
191741400,GEBERT,Matthew,Male,1/8/1988,mjgeb1988@gmail.com,4741 White Rock Circle,Boulder,CO        ,80301,Age Group,DNS,,
221182817,DAVIDSON,Bryce,Male,11/6/1995,davidson.bryce1995@yahoo.com,14607 Blackbrush Manor,Magnolia,TX        ,77354,Age Group,DNS,,
239448274,POSACKI,Christopher,Male,6/16/1999,chrisposacki@gmail.com,3740 Navajo Street,Denver,CO        ,80202,Age Group,DNS,,
248119841,MARCOUX,Michael,Male,3/15/1999,michaelmarcoux99@gmail.com,738 Columbine St,Denver,CO        ,80206,Age Group,DNS,,
261810747,CICIONE,Carrie,Female,3/31/1973,carriecicione@msn.com,8163 Admiral Drive,Windsor,CO        ,80528,Age Group,DNS,,
264668740,DE MOOY,Brett,Male,5/10/1986,abdemooy@gmail.com,2900 E. Bates Ave,Denver,CO        ,80210,Age Group,DNS,,
409205978,SMITH,Riley,Male,11/3/1999,rileysmith3@outlook.com,32591 Buffalo Creek Rd,Evergreen,CO        ,80439,Age Group,DNS,,
509583063,HORST,Lara,Female,10/12/1979,larasonrisa@mac.com,48 Stonefly,Carbondale,CO        ,81623,Age Group,DNS,,
576430861,NORTJE,Gustav,Male,8/26/1980,gustavnortje@gmail.com,4494 W Antelope Run Ct,Castle Rock,CO        ,80109,Age Group,DNS,,
661543882,CHRISTENSEN,Ben,Male,6/11/1992,benc611@gmail.com,3844 Umatilla St,Denver,CO        ,80211,Age Group,DNS,,
680108388,PREIS,Joe,Male,7/4/1978,jpreis93@hotmail.com,3822 S Shawnee Way,Aurora,CO        ,80018-4558,Age Group,DNS,,
686416007,GERTNER,Deborah,Female,9/21/1985,deborah.gertner@gmail.com,365 Beryl St,Broomfield,CO        ,80020,Age Group,DNS,,
693426970,KOLNIK,Sarah,Female,2/28/1984,sarah.kolnik@gmail.com,1818 N Royer St,Colorado Springs,CO        ,80907,Age Group,DNS,,
729375782,SIMON,Zach,Male,5/4/1989,zach@arvadatri.com,8420 windy ct,Arvada,CO        ,80007,Age Group,DNS,,
878995920,KENT,Julia,Female,1/5/1994,juliakent906@gmail.com,11255 Xavier Dr,Westminster,CO        ,80031,Age Group,DNS,,
905773468,MACKIN,Paul,Male,5/6/1970,paul.mackin921@outlook.com,1627 River Oak,Fort Collins,CO        ,80525-5541,Age Group,DNS,,
986286130,VIGIL,Ernest,Male,11/14/1977,ernestvigiljr@icloud.com,9908 Garland Drive,Westminster,CO        ,80021,Age Group,DNS,,
986612465,CUBILLAS,Raul,Male,7/26/1975,raulcubillas@yahoo.com,3550 W38th Ave,Denver,CO        ,80211,Age Group,DNS,,
2013373204,ROBINSON,Todd,Male,6/12/1973,susitna1@hotmail.com,9421 Schlagel Street,Longmont,CO        ,80503,Age Group,DNS,,
2065102939,YANNUTZ,Brian,Male,6/1/1988,brian.yannutz@gmail.com,,,CA        ,93940,Age Group,DNS,,
2095168202,CULLIGAN,Courtney,Female,3/16/1970,courtneyculligan@yahoo.com,4201 Poco Place,Evergreen,CO        ,80439-8394,Age Group,DNS,,
2095834697,BILLOPS,Van,Male,7/23/1966,vbillops@gmail.com,649 Baltic Ave SE,Rio Rancho,NM        ,87124-4330,Age Group,DNS,,
2095857412,GEER,Jeremy,Male,9/25/1978,highgeer@msn.com,2910 Carnegie Dr.,Boulder,CO        ,80305,Age Group,DNS,,
2099618718,HILL,Jolene,Female,2/26/1980,jolene@gathlete.com,143 Wedgewood Ln,Whitefish,MT        ,59937-8154,Age Group,DNS,,
2099651732,SENDELBACH,Tim,Male,2/10/1969,tesendelbach@mac.com,3540 Angora Drive,Loveland,CO        ,80537,Age Group,DNS,,
2099707775,RODAS,Conrad,Male,9/1/1981,conradrodas@gmail.com,1687 Dorothy Cir,Longmont,CO        ,80503,Ellte,DNS,,
2099997553,FLANAGAN,Michael,Male,12/22/1972,flanaganmb@gmail.com,4922 Maxwell Ave,Longmont,CO        ,80503,Age Group,DNS,,
2100052722,VOYMAS,Jon,Male,6/22/1976,jon.voymas@gmail.com,10132 EUDORA CT,Thornton,CO        ,80229,Age Group,DNS,,
2100056726,O'BRIEN,Katie,Female,1/13/1964,imbugs@comcast.net,1430 18th #7,Boulder,CO        ,80302,Age Group,DNS,,
2100067817,SVOBODA,Larry,Male,8/9/1955,lsvobod@gmail.com,9052 Greenspointe LN,Highlands Ranch,CO        ,80130,Age Group,DNS,,
2100144065,SVOBODA,Kent,Male,12/12/1953,ksvoboda@cox.net,609 Diamond Lane,Papillion,NE        ,68133,Age Group,DNS,,
2100185741,FAO,Sean,Male,1/9/1980,sean.fao@gmail.com,19024 W 95th LN,Arvada,CO        ,80007,Age Group,DNS,,
2100217949,ROBINSON,Geoff,Male,4/22/1965,gsr@skybeam.com,2809 Sedona Hills Dr,Loveland,CO        ,80537,Age Group,DNS,,
2100218561,FANGANELLO,Casey,Male,4/21/1990,casey.fanganello@gmail.com,1010 S Clayton Way,Denver,CO        ,80209,Age Group,DNS,,
2100276928,BUFF,Leah,Female,8/9/1989,leah.buff@gmail.com,1575 S. Franklin St.,Denver,CO        ,80210,Age Group,DNS,,
2100318444,READ,Hannah,Female,3/31/1990,hgradner@gmail.com,931 Tucson St,Aurora,CO        ,80011,Age Group,DNS,,
2100319701,GENUER,Valentin,Male,10/14/1991,valentin.genuer@gmail.com,1111 Maxwell Avenue,Boulder,CO        ,80304,Age Group,DNS,,
2100346991,BISHOP,Matthew,Male,11/9/1981,bishopmp81@gmail.com,1823 S. Urban Way,Lakewood,CO        ,80228-3940,Age Group,DNS,,
2100359974,CARIAS,Alex,Male,1/14/1979,ralexcarias@sbcglobal.net,4170 S Rome St,Aurora,CO        ,80018,Age Group,DNS,,
2100370528,MARR,Emily,Female,9/24/1979,emilym2102@gmail.com,4391 horse gulch loop,Colorado Springs,CO        ,80924,Age Group,DNS,,
2100401793,PENNY,Janine,Female,7/8/1994,Janine.leigh99@gmail.com,2102 Nancy Gray Avenue,Fort Collins,CO        ,80525,Age Group,DNS,,
2100410402,ARMSTRONG,Christopher,Male,3/9/1988,chrisarmstrong.ca@gmail.com,9939 W Progress Pl,Littleton,CO        ,None,Age Group,DNS,,
2100433570,BORGESON,Kevin,Male,7/23/1976,kborgeson@gmail.com,1290 Drexel St,Boulder,CO        ,80305,Age Group,DNS,,
2100434469,SHINN,Kat,Female,2/22/1972,katshinn@gmail.com,,,CO        ,80516,Age Group,DNS,,
2100444970,RADEMAKER,Tui,Female,5/12/1993,tuirademaker@gmail.com,5020 Ralston Street,Boulder,CO        ,80304,Age Group,DNS,,
6783466927,DUFRESNE,Zach,Male,4/6/1980,zachrdufresne@gmail.com,5859 Alton Street,Denver,CO        ,80238,Age Group,DNS,,
,BRAMLEY,Mitchell,Male,2/1/1992,Mitchtbramley@gmail.com,1890 Argentine st B104,Georgetown,CO        ,80444,Age Group,DNS,,
,BARKER,Eric,Male,10/23/1984,eric.barker22@gmail.com,5303 S Franklin Cir,Greenwood Village,CO        ,80121,Age Group,DNS,,
,HARRIS,Lynn Ellen,Female,4/6/1980,Lynnh58@gmail.com,2808 Umatilla St,Denver,CO        ,80211,Age Group,DNS,,
,WHITNEY,Bradford,Male,11/14/1972,bradfordwwhitney@gmail.com,1320 South Monaco Parkway,Denver,CO        ,80224,Age Group,DNS,,
,HYATT,Deb,Female,1/18/1966,dk_hyatt@msn.com,600 Columbia road,Colorado Springs,CO        ,8094,Age Group,DNS,,
,MILLER,Joel,Male,1/8/1958,joelinidaho58@gmail.com,3300 Toms Cabin Road,Emmett,ID        ,83617,Age Group,DNS,,
,THOMS,Wilyem,Male,1/30/1996,wilyemthoms@gmail.com,460 E Cheyenne Mountain Blvd,Colorado Springs,CO        ,80906,Age Group,DNS,,
,DECLAIRE,Kimberly,Female,8/22/1979,kadeclaire@msn.com,1000 Sundown Dr,Castle Rock,CO        ,80104,Age Group,DNS,,
149136722,OLIG,Amanda,Female,8/25/1979,amandamarieolig@gmail.com,4350 E 96th Place,Thornton,CO        ,80229,Age Group,DQ,,
