First name,Last name,Gender,DOB,Age group,TIME,Cat,,
Kevin ,Callebout (FRA),M,N/A,30-34,1:56:55,Age Group - Male Overall Winner ,0:09:21,2:06:16
Logan,Pollander,M,1/7/1997,25-29  ,2:01:16,Age Group,,
Tommy,Doubleday,M,6/15/2002,20-24  ,2:04:03,Age Group,,
Michael,Phinney,M,11/4/1982,40-44  ,2:05:48,Age Group,,
Sterling,Sharpe,M,4/22/2005,18-19  ,2:07:23,Age Group,,
Garrison,Famiglio,M,1/25/2003,20-24  ,2:08:01,Age Group,,
Alden,Basmajian,M,8/24/1983,40-44  ,2:08:20,Age Group,,
Ziv,Shah,M,11/30/2006,18-19  ,2:08:22,Age Group,,
Audie,McRae,M,5/24/1985,35-39  ,2:08:58,Age Group,,
Brett,Szalapski,M,7/28/1992,30-34  ,2:11:41,Age Group,,
Drew,Stover,M,6/29/2003,20-24  ,2:11:46,Age Group,,
Agnieszka,Gadomska (POL),F,N/A,25-29,2:11:52,Age Group - Female Overall Winner ,0:06:36,2:18:28
Scudder,Clay,M,7/15/1991,30-34  ,2:11:59,Age Group,,
Nickolas,Kraus,M,3/3/1993,30-34  ,2:12:16,Age Group,,
Timothy,Bontrager,M,5/14/1992,30-34  ,2:12:36,Age Group,,
Christopher,Pritchett,M,8/27/1981,40-44  ,2:13:06,Age Group,,
Shane,Donovan,M,10/13/1993,30-34  ,2:13:16,Age Group,,
Reddington,Walters,M,8/11/1997,25-29  ,2:13:20,Age Group,,
Dmitriy,Major,M,12/7/2000,20-24  ,2:13:45,Age Group,,
Rachel,Werking,F,2/26/1998,25-29  ,2:14:39,Age Group,,
Dan,Oryall,M,11/15/1987,35-39  ,2:14:44,Age Group,,
Kirsten,Sass,F,7/15/1979,45-49  ,2:14:50,Age Group,,
Vic,Perini,M,6/11/1968,55-59  ,2:15:05,Age Group,,
Matt,Beasley,M,10/8/1983,40-44  ,2:15:23,Age Group,,
Jeff,Gordon,M,11/26/1964,60-64  ,2:15:28,Age Group,,
Scott,Williamson,M,3/29/1973,50-54  ,2:16:39,Age Group,,
Richard,Smyers,M,5/12/1969,55-59  ,2:17:21,Age Group,,
Taylor,Ames,M,3/25/1986,35-39  ,2:17:33,Age Group,,
Erik,Heyer,M,2/7/1972,50-54  ,2:17:34,Age Group,,
Thomas,Emerick,M,3/29/1965,55-59  ,2:17:36,Age Group,,
Iain,Campbell,M,7/11/1961,60-64  ,2:18:19,Age Group,,
Aaron,Portman,M,3/22/2000,20-24  ,2:18:21,Age Group,,
Ramses,Rodriguez,M,4/12/1972,50-54  ,2:18:28,Age Group,,
Shannon,Argot,F,2/17/1997,25-29  ,2:18:53,Age Group,,
Leighton,Wielgoszinski,M,5/25/2004,20-24  ,2:19:02,Age Group,,
Kurt,Brase,M,12/10/2001,20-24  ,2:19:14,Age Group,,
Jessica,Holmes,F,3/1/1976,45-49  ,2:19:24,Age Group,,
William,Schumann,M,7/2/1963,60-64  ,2:19:48,Age Group,,
Christopher,Danesi,M,11/6/1968,55-59  ,2:20:05,Age Group,,
Tiffany,Kari Cizmas,F,12/27/1980,40-44  ,2:20:16,Age Group,,
Katie,Dolbec,F,7/18/1983,40-44  ,2:20:54,Age Group,,
Greg,Chaganos,M,9/11/1981,40-44  ,2:21:00,Age Group,,
Alec,Patterson,M,7/28/2001,20-24  ,2:21:09,Age Group,,
Clint,Dowd,M,11/18/1963,60-64  ,2:21:34,Age Group,,
Brent,Ziegler,M,9/16/1975,45-49  ,2:21:44,Age Group,,
Michelle,Christine,F,2/26/1982,40-44  ,2:21:51,Age Group,,
P.j.,Arling,M,5/28/1960,60-64  ,2:22:02,Age Group,,
Emma,Smith-Toth,F,7/23/1994,30-34  ,2:22:37,Age Group,,
Tom,Baughman,M,2/7/1962,60-64  ,2:22:54,Age Group,,
Dylan,Cohen,M,5/11/1972,50-54  ,2:23:24,Age Group,,
Tony,Schiller,M,4/14/1958,65-69 ,2:23:32,Age Group,,
Craig,Kuehl,M,11/4/1980,40-44  ,2:23:37,Age Group,,
Andy,Kelsey,M,9/27/1967,55-59  ,2:23:45,Age Group,,
Jacqueline,LoVerme,F,3/12/1981,40-44  ,2:23:56,Age Group,,
Peter,York,M,10/4/1964,60-64  ,2:23:57,Age Group,,
Elena,Jasper,F,12/5/1996,25-29  ,2:24:18,Age Group,,
Christopher,Haas,M,4/13/1980,40-44  ,2:24:19,Age Group,,
Paul,Kelly,M,9/12/1968,55-59  ,2:24:23,Age Group,,
Madison,Smrz,F,12/9/1999,25-29  ,2:24:34,Age Group,,
Cassandra,Maximenko,F,4/5/1983,40-44  ,2:24:38,Age Group,,
Tara,Trout,F,12/16/1982,40-44  ,2:24:41,Age Group,,
Anna,Suranyi,F,1/22/2004,20-24  ,2:25:23,Age Group,,
Alexa,Scheel,F,12/9/1994,30-34  ,2:25:48,Age Group,,
Joshua,Hernandez,M,9/6/2005,18-19  ,2:26:04,Age Group,,
Sean,Kshimetski,M,1/12/1992,30-34  ,2:26:15,Age Group,,
Steph,Popelar,F,7/25/1967,55-59  ,2:26:27,Age Group,,
Jon,Iannaccone,M,12/31/1971,50-54  ,2:26:32,Age Group,,
Steven,Orrock,M,3/17/1964,60-64  ,2:27:04,Age Group,,
Scott,Williams,M,10/3/1962,60-64  ,2:27:06,Age Group,,
Marisa,Rastetter,F,4/20/1974,50-54  ,2:27:36,Age Group,,
Paul,Gompers,M,2/4/1964,60-64  ,2:28:11,Age Group,,
Raymond,Matthews,M,7/5/1967,55-59  ,2:28:14,Age Group,,
Justin,Hayes,M,6/12/1975,45-49  ,2:28:19,Age Group,,
Lisa,Mueller,F,5/22/1972,50-54  ,2:28:50,Age Group,,
John,Myers,M,11/17/1964,60-64  ,2:28:57,Age Group,,
Giovanna,Licata,F,1/19/1987,35-39  ,2:28:59,Age Group,,
Kyle,Welch,M,9/20/1961,60-64  ,2:29:09,Age Group,,
Lauren,Bunch,F,1/22/1988,35-39  ,2:29:50,Age Group,,
Christine,Morrison,F,1/29/1988,35-39  ,2:29:52,Age Group,,
Adrienne,Leblanc,F,12/23/1969,55-59  ,2:30:03,Age Group,,
Andrew,Tupper,M,3/27/1992,30-34  ,2:30:09,Age Group,,
Dana,Bullard,F,11/15/1977,45-49  ,2:30:36,Age Group,,
Zoltan,Suranyi,M,6/5/1968,55-59  ,2:30:43,Age Group,,
Abigail,Fischer,F,1/4/2001,20-24  ,2:31:11,Age Group,,
Sarah,Sanders,F,9/15/1977,45-49  ,2:31:39,Age Group,,
Matt,Gocke,M,2/26/1975,45-49  ,2:31:39,Age Group,,
Samantha,Joray,F,2/15/2000,20-24  ,2:31:45,Age Group,,
Jenny,Gormley,F,11/4/1997,25-29  ,2:31:49,Age Group,,
Emily,Soley-Johnson,F,10/13/1980,40-44  ,2:31:54,Age Group,,
Udayvir,Singh,M,7/7/1977,18-19  ,2:32:24,Age Group,,
Robyn,Williams,F,5/14/1959,65-69  ,2:32:38,Age Group,,
Gary,Kanner,M,2/18/1963,60-64  ,2:32:39,Age Group,,
Patricia,Campbell,F,3/1/1984,40-44  ,2:32:43,Age Group,,
Robert,Smartt,M,9/25/1954,70-74 ,2:32:44,Age Group,,
Brooke,Ahbe,F,1/29/1996,25-29  ,2:32:56,Age Group,,
Isabella,Stockeland,F,5/19/2005,18-19  ,2:33:13,Age Group,,
Jeff,Melcher,M,11/8/1967,55-59  ,2:33:53,Age Group,,
Megumi,Masuda,F,9/4/1973,50-54  ,2:34:02,Age Group,,
Meghan,Schaeffer,F,10/3/1978,45-49  ,2:34:03,Age Group,,
Allison,Morrison,F,3/22/1994,30-34  ,2:34:15,Age Group,,
Mia,Corso,F,10/19/2004,20-24  ,2:34:17,Age Group,,
Lisa,Kruse,F,7/17/1982,40-44  ,2:34:25,Age Group,,
Chuck,Hengel,M,9/21/1963,60-64  ,2:34:42,Age Group,,
Anton,Novak,M,2/3/1964,60-64  ,2:34:42,Age Group,,
Kip,Kimble,M,5/27/1963,60-64  ,2:34:52,Age Group,,
Jerry,Coleman,M,9/5/1958,65-69 ,2:34:54,Age Group,,
Rob,Thomas,M,8/12/1959,65-69 ,2:34:58,Age Group,,
Daryl,Chester,M,11/6/1962,60-64  ,2:35:00,Age Group,,
Carleigh,Fagre,F,8/20/1921,30-34  ,2:35:22,Age Group,,
Barbara,Berndt,F,1/13/1973,50-54  ,2:35:33,Age Group,,
Robin,Zehnder Muskopf,F,9/19/1975,45-49  ,2:36:14,Age Group,,
Alexander,Stumbur,M,11/7/2005,18-19  ,2:36:21,Age Group,,
Margot,Swartz,F,9/2/1965,55-59  ,2:36:26,Age Group,,
Nicole,Mohajer,F,9/21/1989,35-39  ,2:36:30,Age Group,,
Hannah,Stambaugh,F,2/17/1994,30-34  ,2:37:12,Age Group,,
Caitlin,Mosier,F,11/12/1995,25-29  ,2:37:40,Age Group,,
Lauren,Kim,F,3/4/2005,18-19  ,2:37:50,Age Group,,
Christel,Kippenhan,F,2/24/1965,55-59  ,2:38:17,Age Group,,
Hanna,Pak,F,9/17/2000,20-24  ,2:38:23,Age Group,,
Kateryna,Moisyeyeva,F,9/9/1977,45-49  ,2:38:37,Age Group,,
Claire,Andreae,F,3/17/1994,30-34  ,2:38:40,Age Group,,
Cindy,Salazar,F,3/11/1964,60-64  ,2:38:49,Age Group,,
Hayden,Lourenco,M,9/26/2006,18-19  ,2:39:06,Age Group,,
Sean,Casey,M,5/28/1967,55-59  ,2:39:20,Age Group,,
Isaiah,Frei,M,3/23/2006,18-19  ,2:39:21,Age Group,,
Jody,Dushay,F,3/20/1967,55-59  ,2:39:32,Age Group,,
Craig,Zelent,M,6/2/1962,60-64  ,2:39:39,Age Group,,
Eric,Furfine,M,11/24/1959,65-69  ,2:39:40,Age Group,,
Chris,Tanner,M,11/12/1962,60-64  ,2:39:53,Age Group,,
James,Huguenard,M,2/25/1954,70-74 ,2:40:53,Age Group,,
Fiona,Beltram,F,9/25/1996,25-29  ,2:40:59,Age Group,,
Amanda,Chikowski,F,7/20/1993,30-34  ,2:41:02,Age Group,,
Dana,Ginsburg,F,3/7/1965,55-59  ,2:41:11,Age Group,,
Bryn,Douds,M,11/15/1955,65-69 ,2:41:22,Age Group,,
Alexandra,Sborov,F,11/4/1994,30-34  ,2:41:30,Age Group,,
Monica,Poveda,F,1/4/1979,45-49  ,2:42:21,Age Group,,
Pippa,Michaels,F,8/12/1961,60-64  ,2:42:24,Age Group,,
Kristin,Martin,F,8/2/1982,40-44  ,2:42:52,Age Group,,
Julie,Billingsley,F,12/9/1958,65-69  ,2:42:53,Age Group,,
Mark,Drangsholt,M,12/8/1957,65-69  ,2:42:57,Age Group,,
Tracy,Heath,F,10/27/1973,50-54  ,2:43:02,Age Group,,
John,Cassimatis,M,10/27/1957,65-69  ,2:43:02,Age Group,,
Bruce,Williams,M,9/7/1957,65-69 ,2:44:01,Age Group,,
Deborah,Sakr,F,5/3/1963,60-64  ,2:44:26,Age Group,,
Elena,Luria,F,2/6/2003,20-24  ,2:45:07,Age Group,,
Julie,Mosier Crosno,F,10/13/1971,50-54  ,2:45:16,Age Group,,
Britt,McCormick,F,10/7/1968,55-59  ,2:45:52,Age Group,,
Lexi,Hutton,F,6/20/1991,30-34  ,2:46:20,Age Group,,
Fred,Pepper,M,5/9/1958,65-69 ,2:46:20,Age Group,,
Christyn,Gaa,F,2/3/1985,35-39  ,2:46:35,Age Group,,
Linda,Robb,F,3/8/1964,60-64  ,2:46:39,Age Group,,
Gabriella,Goris,F,12/18/2001,20-24  ,2:46:47,Age Group,,
Christine,Houser,F,3/25/1979,45-49  ,2:47:15,Age Group,,
Jeffrey,Gilmer,M,1/8/1959,65-69  ,2:47:31,Age Group,,
Herbert,Coolidge,M,6/6/1956,65-69 ,2:47:42,Age Group,,
Holly,Russ,F,11/18/1969,55-59  ,2:48:37,Age Group,,
David,Stygar,M,11/17/1956,65-69 ,2:48:57,Age Group,,
Kathryn,Spencer,F,6/18/1966,55-59  ,2:49:24,Age Group,,
Donna,Smyers,F,9/6/1957,65-69  ,2:49:45,Age Group,,
Robert,Roby,M,2/2/1959,65-69 ,2:49:47,Age Group,,
Sydney,Vleck,F,8/27/2000,20-24  ,2:50:16,Age Group,,
Peter,Staple,M,11/25/1951,70-74 ,2:50:57,Age Group,,
Tom,Kinneman,M,8/5/1946,70-74 ,2:51:45,Age Group,,
Melanie,Diamanti,F,3/27/1973,50-54  ,2:52:24,Age Group,,
Linda,Hogan,F,12/9/1969,55-59  ,2:52:54,Age Group,,
Eli,Tepperberg,M,11/11/1955,65-69 ,2:53:50,Age Group,,
Kathryn,Murtagh,F,2/28/1979,45-49  ,2:54:11,Age Group,,
Ann,Erlandsson,F,5/24/1973,50-54  ,2:54:11,Age Group,,
Karen,Kimple,F,5/17/1961,60-64  ,2:54:26,Age Group,,
Gary,Sauer,M,9/9/1959,65-69 ,2:54:48,Age Group,,
Carla,Weier,F,5/29/1969,55-59  ,2:55:46,Age Group,,
Cathi,Remington,F,4/6/1962,60-64  ,2:55:50,Age Group,,
Michelle,Lingenfelser,F,4/11/1973,50-54  ,2:56:15,Age Group,,
Carolyn,Classen,F,10/15/1963,60-64  ,2:56:47,Age Group,,
Kathleen,Crowley,F,5/14/1959,65-69  ,2:57:06,Age Group,,
Edith,Adams,F,12/18/1962,60-64  ,2:58:41,Age Group,,
Aysegul,Gozu,F,10/18/1973,50-54  ,2:58:56,Age Group,,
Mike,Wien,M,10/8/1951,70-74 ,3:01:40,Age Group,,
Elizabeth,Kaufman,F,10/7/1965,55-59  ,3:01:41,Age Group,,
Carol,Reiss,F,5/2/2003,55-59  ,3:02:22,Age Group,,
Mary Catherine,Malin,F,5/8/1959,65-69  ,3:02:25,Age Group,,
Leslie,Winters,F,3/5/1961,60-64  ,3:02:48,Age Group,,
Carol,Breglio,F,9/16/1960,60-64  ,3:04:48,Age Group,,
Mary,Deeg,F,12/29/1961,60-64  ,3:05:00,Age Group,,
Anne,McCrae,F,10/21/1959,65-69  ,3:05:00,Age Group,,
Douglas,Hill,M,12/7/1954,70-74 ,3:05:19,Age Group,,
Michelle,McClenahan,F,6/13/1967,55-59  ,3:05:39,Age Group,,
Michael,Dwyer,M,11/29/1949,75-79 ,3:06:20,Age Group,,
Muriel,Saliba,F,5/10/1963,60-64  ,3:09:23,Age Group,,
Victoria,Brumfield,F,10/12/1978,45-49  ,3:09:56,Age Group,,
Mary,Adamo-Price,F,2/2/1959,65-69  ,3:11:00,Age Group,,
Annie,Warr,F,7/29/1957,65-69  ,3:14:15,Age Group,,
Nancy,Budde,F,7/10/1957,65-69  ,3:15:13,Age Group,,
Hudson,Poyer,M,5/20/2005,18-19  ,3:15:51,Age Group,,
Stacy,Creamer,F,10/2/1959,65-69  ,3:17:45,Age Group,,
Scott,Boylan,M,8/29/1954,70-74 ,3:17:59,Age Group,,
Peter,Mingay,M,11/21/1949,75-79 ,3:30:11,Age Group,,
Martin,Frezza,M,4/11/1944,80-84 ,3:31:28,Age Group,,
Terri,Sobolewski,F,6/10/1959,65-69  ,3:34:34,Age Group,,
Mary,Langlie,F,1/11/1954,70-74 ,3:35:25,Age Group,,
Terry,Hutchins,M,2/29/1948,75-79 ,3:38:10,Age Group,,
John,Tansey,M,1/18/1947,75-79 ,3:39:59,Age Group,,
Denise,Cooksey,F,7/24/1953,70-74 ,3:40:30,Age Group,,
Diane,Huban,F,3/11/1953,70-74 ,3:52:28,Age Group,,
Mary,Peebles,F,6/30/1953,70-74 ,3:54:13,Age Group,,
Janine,Boldra,F,6/1/1954,70-74 ,3:55:02,Age Group,,
Chary,Griffin,F,12/14/1948,75-79 ,4:05:21,Age Group,,
Marj,Carpenter,F,7/25/1952,70-74 ,4:10:40,Age Group,,
Jan,Schellhammer,F,2/8/1952,70-74 ,4:18:55,Age Group,,
Donald,Eovino,M,5/24/1946,75-79 ,4:20:04,Age Group,,
Raymond,Eastwood,M,10/21/1941,80-84  ,4:32:19,Age Group,,
Andrea,McCarter,F,8/5/1946,75-79 ,4:39:46,Age Group,,
Kristen,Schafer,F,1/27/1987,35-39  ,DNF,Age Group,,
Kelsey,Abbott,F,10/11/1978,45-49  ,DNF,Age Group,,
Barbara,Kostner,F,7/20/1948,75-79  ,DNF,Age Group,,
Sibyl,Jacobson,F,9/30/1942,80-84 ,DNF,Age Group,,
Daniel,Zhu,M,3/19/2000,20-24  ,DNS,Age Group,,
Megan,Newton,F,8/21/1986,35-39  ,DNS,Age Group,,
Brek,Minarik,M,7/12/1987,35-39  ,DNS,Age Group,,
Carl,Newton,M,7/28/1984,40-44  ,DNS,Age Group,,
Noeline,Cuker,F,12/9/1972,50-54  ,DNS,Age Group,,
Tracy,Kellner,F,8/4/1970,50-54  ,DNS,Age Group,,
John,Reback,M,4/27/1970,50-54  ,DNS,Age Group,,
Christian,Waterstraat,M,10/24/1973,50-54  ,DNS,Age Group,,
David,Reback,M,11/28/1968,55-59  ,DNS,Age Group,,
Deborah,Burnet,F,6/8/1958,65-69  ,DNS,Age Group,,
Lindsay,Farrell,F,6/24/1957,65-69  ,DNS,Age Group,,
John,Anhold,M,6/6/1959,65-69  ,DNS,Age Group,,
Mark,Hanlon,M,4/2/1959,65-69  ,DNS,Age Group,,
Jim,Taylor,M,11/21/1958,65-69  ,DNS,Age Group,,
Suzanne,Mink,F,7/7/1952,70-74 ,DNS,Age Group,,
Cande,Olson,F,1/3/1950,70-74 ,DNS,Age Group,,
Robert,Levy,M,12/1/1942,80-84 ,DNS,Age Group,,
Keith,Tufte,M,10/21/1959,65-69,DQ,Age Group,,
Arnie,Bellini,M,12/14/1958,65-69 ,DQ,Age Group,,
