Member Number,Number,Last Name,First Name,Sex,DOB,Email,Address,City,State,Zip,Cntry,Race,Place,SexPlace,DivPlace,Category,Recorded Time,,,,green = 5%
,1661,Darricau,Andres,M,5/19/1976,andresdarricau@gmail.com,,Trenque Lauquen,,,ARG,MiamiDistanceTri,1,1,1,Age Group,2:25:03,0:11:36,2:36:39,,yellow = 8%
,1572,Maluf,Fernando,M,4/25/1996,ftmaluf1@gmail.com,,Chicago,IL,,USA,MiamiDistanceTri,2,2,1,Age Group,2:25:55,,,,
,1582,Woodward,Tyler,M,10/14/1994,twoodward@noctrl.edu,,Saint Charles,IL,,USA,MiamiDistanceTri,3,3,1,Age Group,2:26:37,,,,
,1565,Postma,Justin,M,12/16/1999,j.postma99@gmail.com,,Denver,CO,,USA,MiamiDistanceTri,4,4,2,Age Group,2:27:30,,,,
,1596,Hryhoryeu,Mikita,M,4/24/1990,alena.grigoryeva.tri@gmail.com,,Sarasota,FL,,USA,MiamiDistanceTri,5,5,1,Age Group,2:30:10,,,,
,1588,Browne De Oliveira,Gabriel,M,2/19/1991,gabrielevofit@gmail.com,,Fortaleza,,,BRA,MiamiDistanceTri,6,6,2,Age Group,2:30:58,,,,
,1687,Skaggs,Robert,M,7/31/1966,rlskaggs2003@yahoo.com,,Dunedin,FL,,USA,MiamiDistanceTri,7,7,1,Age Group,2:31:51,,,,
,1559,He,Jack,M,6/28/2002,jache@ucdavis.edu,,Davis,CA,,USA,MiamiDistanceTri,8,8,1,Age Group,2:35:10,,,,
,1615,Burrows,Justin,M,7/15/1986,justinpburrows@gmail.com,,Apex,NC,,USA,MiamiDistanceTri,9,9,2,Age Group,2:36:32,,,,
,1653,Marchione,Vincenzo,M,11/5/1977,acito3@yahoo.com,,Middletown,DE,,USA,MiamiDistanceTri,10,10,2,Age Group,2:38:27,,,,
,1563,Purdy,Noah,M,7/30/2000,chelsea179fc@gmail.com,,Pinckney,MI,,USA,MiamiDistanceTri,11,11,3,Age Group,2:39:37,,,,
,1569,Wolfe-Polgar,Moses,M,4/4/1997,moseswolfepolgar@yahoo.com,,Santa Monica,CA,,USA,MiamiDistanceTri,12,12,4,Age Group,2:39:45,,,,
,1558,Geiger,Cj,M,9/23/2007,james@heavi.tv,,Mount Pleasant,SC,,USA,MiamiDistanceTri,13,13,1,Age Group,2:41:02,,,,
,1577,Mendez,Yasiel,M,11/22/1995,mendezyasiel95@gmail.com,,Hialeah,FL,,USA,MiamiDistanceTri,14,14,3,Age Group,2:41:13,,,,
,2605,Team Plancha,Team,MF,3/11/1987,armando1103@hotmail.com,,Miami,FL,,USA,MiamiDistanceTri,15,1,1,Para,2:41:23,,,,
,1640,Acosta,Jasmel,M,8/4/1981,jasmelacosta@gmail.com,,Miami Beach,FL,,USA,MiamiDistanceTri,16,15,1,Age Group,2:42:08,,,,
,1635,Banister,Stephen,M,3/8/1983,stephen.banister@gmail.com,,Carlsbad,CA,,USA,MiamiDistanceTri,17,16,2,Age Group,2:42:12,,,,
,1632,Whyte,Lincoln,M,9/29/1984,whytejames@hotmail.com,,Honolulu,HI,,USA,MiamiDistanceTri,21,18,3,Age Group,2:43:43,,,,
,1700,Arling,P.J.,M,5/28/1960,arlingpj@gmail.com,,Cincinnati,OH,,USA,MiamiDistanceTri,20,17,1,Age Group,2:43:43,,,,
,1648,Freitas,Felipe,M,6/15/1978,ftbfreitas@gmail.com,,Miami,FL,,USA,MiamiDistanceTri,22,19,3,Age Group,2:44:36,,,,
,1562,Santamaria,Felipe,M,1/9/2001,ibeariault@gmail.com,,Bethesda,MD,,USA,MiamiDistanceTri,23,20,2,Age Group,2:45:18,,,,
,1528,McDonald,Laura,F,8/4/1982,ndvailgirl@yahoo.com,,Sylmar,CA,,USA,MiamiDistanceTri,24,1,1,Age Group,2:45:47,0:08:17,2:54:04,,
,1575,Lishchuk,Jesse,M,4/8/1995,jaylishchuk@gmail.com,,Tampa,FL,,USA,MiamiDistanceTri,26,21,4,Age Group,2:46:35,,,,
,1509,Kinkead,Katherine,F,8/27/1992,katierkinkead@gmail.com,,Sarasota,FL,,USA,MiamiDistanceTri,27,2,1,Age Group,2:47:10,,,,
,1708,Sauaia,Ciro,M,9/1/1987,ciro@sauaia.com,,Miami,FL,,USA,MiamiDistanceTri,28,22,3,Age Group,2:47:18,,,,
,1634,Ceballos,Rafael,M,9/30/1984,rafa.ceballos@hotmail.com,,Sevilla,,,ESP,MiamiDistanceTri,29,23,4,Age Group,2:47:37,,,,
,1561,Del Sesto,Michael,M,2/21/2001,mdelsesto878@gmail.com,,East Greenwich,RI,,USA,MiamiDistanceTri,30,24,3,Age Group,2:49:02,,,,
,1716,Birkenfeld,Lothar,M,2/26/1983,lotharb@gmail.com,,Fort Lauderdale,FL,,USA,MiamiDistanceTri,31,25,5,Age Group,2:49:56,,,,
,1594,Mawer Bellingham,Rudy,M,6/21/1991,rudymawerllc@gmail.com,,Clearwater,FL,,USA,MiamiDistanceTri,32,26,5,Age Group,2:49:59,,,,
,1621,Sanchez Gutierrez,Maikel,M,12/5/1985,maikel.sanchezguti@gmail.com,,Miami,FL,,USA,MiamiDistanceTri,187,132,19,Age Group,2:50:23,,,,
,1704,Clemant,Karina,F,1/16/2001,karinaclemant16@gmail.com,,Pembroke Pines,FL,,USA,MiamiDistanceTri,33,3,1,Age Group,2:50:41,,,,
,1712,Walker,Dougin,M,4/6/1965,dougin@dougin.com,,Tampa,FL,,USA,MiamiDistanceTri,34,27,1,Age Group,2:51:12,,,,
,1595,Vila,Jose,M,4/4/1991,jevilap@hotmail.com,,Miami,FL,,USA,MiamiDistanceTri,35,28,6,Age Group,2:51:52,,,,
,1644,Gomez Diaz,Yonier E,M,9/13/1980,gyonierdiaz@yahoo.com,,Hollywood,FL,,USA,MiamiDistanceTri,36,29,4,Age Group,2:51:53,,,,
,1620,Timsuren,Livingston,M,6/9/1986,livingston.timsuren@gmail.com,,Cornelius,NC,,USA,MiamiDistanceTri,37,30,4,Age Group,2:52:44,,,,
,1567,Gasper,Alex,M,7/20/1999,ajjg4253@yahoo.com,,Pittsburgh,PA,,USA,MiamiDistanceTri,38,31,5,Age Group,2:53:07,,,,
,1508,Pessoa,Jessica,F,4/13/1992,jessy_asa@hotmail.com,,Land O Lakes,FL,,USA,MiamiDistanceTri,39,4,2,Age Group,2:53:26,,,,
,1604,Llabre,Roy,M,9/11/1988,lroyroger65@gmail.com,,Gotha,FL,,USA,MiamiDistanceTri,40,32,5,Age Group,2:54:37,,,,
,1665,Jesus,Paulo,M,4/15/1975,pjesus10@yahoo.com.br,,Pembroke Pines,FL,,USA,MiamiDistanceTri,177,123,9,Age Group,2:54:42,,,,
,1719,Fofanov,Ivan,M,12/14/1985,ivan.fofanov@gmail.com,,Saint Petersburg,FL,,USA,MiamiDistanceTri,41,33,6,Age Group,2:54:52,,,,
,1666,Hailey,Paul,M,3/24/1974,paul_hailey@hotmail.com,,Missouri City,TX,,USA,MiamiDistanceTri,42,34,1,Age Group,2:54:57,,,,
,1602,Caetano,Antonio,M,1/27/1988,monteirocaetano@gmail.com,,Miami,FL,,USA,MiamiDistanceTri,43,35,6,Age Group,2:55:07,,,,
,1709,Zaragoza,Jose,M,1/22/1977,jzwellnesscoach@hotmail.com,,Homestead,FL,,USA,MiamiDistanceTri,44,36,5,Age Group,2:55:15,,,,
,1633,Manzor,Carlos,M,3/16/1984,carlosaluan@yahoo.es,,Hialeah,FL,,USA,MiamiDistanceTri,45,37,7,Age Group,2:55:38,,,,
,1601,Wilson,Dane,M,6/21/1989,dwilson2141@hotmail.com,,Clearwater,FL,,USA,MiamiDistanceTri,178,124,15,Age Group,2:55:52,,,,
,1655,Bareth,Jerome,M,9/29/1977,19blast77@gmail.com,,Sanford,FL,,USA,MiamiDistanceTri,46,38,6,Age Group,2:56:14,,,,
,1580,Juanes,Jonathan,M,11/26/1995,jon1195@hotmail.com,,Miami,FL,,USA,MiamiDistanceTri,47,39,7,Age Group,2:56:53,,,,
,1579,Holz,Fernando,M,5/7/1995,fernando_holz@hotmail.com,,Miami Beach,FL,,USA,MiamiDistanceTri,48,40,8,Age Group,2:57:00,,,,
,1517,Northup,Kc,F,10/30/1986,kc.northup@gmail.com,,Sanford,FL,,USA,MiamiDistanceTri,49,5,1,Age Group,2:57:10,,,,
,1603,Zambrano Marquez,Nelson E,M,12/14/1988,ingnelsonz@gmail.com,,Miami,FL,,USA,MiamiDistanceTri,50,41,7,Age Group,2:57:17,,,,
,1536,Randolph,Sara,F,4/3/1976,sara.randolph4@gmail.com,,Plain City,OH,,USA,MiamiDistanceTri,51,6,1,Age Group,2:57:54,,,,
,1720,Sanchez,Cristian,M,3/31/1998,crisstiassanchez@gmail.com,,Hallandale,FL,,USA,MiamiDistanceTri,52,42,6,Age Group,2:58:39,,,,
,1642,Chiurillo,Gianfranco,M,2/23/1980,gianf0810@hotmail.com,,Miami,FL,,USA,MiamiDistanceTri,53,43,7,Age Group,2:59:27,,,,
,1643,Leidy,Robert,M,11/20/1980,rpleidy@gmail.com,,West Palm Beach,FL,,USA,MiamiDistanceTri,54,44,8,Age Group,2:59:49,,,,
,1560,Budo,Leonidha,M,7/17/2002,leobudo1975@gmail.com,,Saint Petersburg,FL,,USA,MiamiDistanceTri,55,45,4,Age Group,2:59:57,,,,
,1650,Ellefson,Eric,M,3/9/1978,ericellefson@hotmail.com,,Sequim,WA,,USA,MiamiDistanceTri,56,46,9,Age Group,3:00:09,,,,
,1647,Stellardo,Luciano,M,1/26/1979,lucianostellardo@gmail.com,,Ciudad Autonoma De Buenos Aires,,,ARG,MiamiDistanceTri,57,47,10,Age Group,3:00:39,,,,
,1664,Campbell,Irvin,M,7/6/1976,kencampbell_424@msn.com,,Sarasota,FL,,USA,MiamiDistanceTri,58,48,11,Age Group,3:01:33,,,,
,1628,Araujo,Bruno,M,7/8/1985,baraujo85@gmail.com,,Pompano Beach,FL,,USA,MiamiDistanceTri,59,49,8,Age Group,3:01:37,,,,
,1718,Zyman,Nadine,F,5/15/1991,nadinezyman@gmail.com,,North Miami Beach,FL,,USA,MiamiDistanceTri,60,7,3,Age Group,3:02:26,,,,
,1531,Miller,Myia,F,3/12/1978,myiawilliamsmiller@live.com,,Wheaton,IL,,USA,MiamiDistanceTri,61,8,2,Age Group,3:02:31,,,,
,1532,Bishop,Lisa,F,3/16/1978,lisa11bishop@yahoo.com,,Huntersville,NC,,USA,MiamiDistanceTri,62,9,3,Age Group,3:02:38,,,,
,1539,Fabian,Kimberly,F,9/17/1972,kimfabian@hotmail.com,,Kitchener,ON,,CAN,MiamiDistanceTri,64,10,1,Age Group,3:02:54,,,,
,1605,Martinez,Andres,M,10/10/1988,martinezmoronta@gmail.com,,Miami,FL,,USA,MiamiDistanceTri,65,50,8,Age Group,3:02:54,,,,
,1654,Ter Haar,Christiaan,M,9/24/1977,cghth@hotmail.com,,Fort Lauderdale,FL,,USA,MiamiDistanceTri,66,51,12,Age Group,3:03:07,,,,
,1660,De Moura Dias Fialho Gandini,Mauricio,M,11/29/1976,mauricio.gandini@gmail.com,,Miami,FL,,USA,MiamiDistanceTri,67,52,13,Age Group,3:04:12,,,,
,1501,Beariault,Isabel,F,5/20/2001,ibeariault@gmail.com,,Bethesda,MD,,USA,MiamiDistanceTri,68,11,2,Age Group,3:04:14,,,,
,1566,Thompson,David,M,12/20/1999,dctruns@gmail.com,,Belleville,WI,,USA,MiamiDistanceTri,69,53,7,Age Group,3:04:59,,,,
,1593,Chavez Diez,Nicolas,M,6/17/1991,nicolaschavez10@gmail.com,,New York,NY,,USA,MiamiDistanceTri,70,54,9,Age Group,3:05:03,,,,
,1649,Hinojosa,Franz,M,4/9/1978,irondoc949@gmail.com,,New York,NY,,USA,MiamiDistanceTri,71,55,14,Age Group,3:05:16,,,,
,1697,Vance,James,M,9/17/1962,jimvancejr@aol.com,,West Palm Beach,FL,,USA,MiamiDistanceTri,179,125,9,Age Group,3:05:20,,,,
,1514,Machado,Anya,F,1/3/1988,machadad@eckerd.edu,,Fort Lauderdale,FL,,USA,MiamiDistanceTri,72,12,2,Age Group,3:05:30,,,,
,1544,Dolly,Stacey,F,12/23/1969,sdolly1@cfl.rr.com,,New Smyrna Beach,FL,,USA,MiamiDistanceTri,73,13,1,Age Group,3:05:44,,,,
,1638,Di Vittorio,Claudio,M,8/18/1982,claudio.divittorio@gmail.com,,Miami,FL,,USA,MiamiDistanceTri,74,56,9,Age Group,3:05:47,,,,
,1610,Scaldafferi,Italo,M,3/5/1987,italo.scaldafferi@gmail.com,,Miami,FL,,USA,MiamiDistanceTri,75,57,9,Age Group,3:05:57,,,,
,1723,Cordova,Leopoldo,M,8/27/1981,lcordova27@hotmail.com,,Miami,FL,,USA,MiamiDistanceTri,76,58,10,Age Group,3:07:09,,,,
,1705,Ventura,Naomi,F,5/29/1977,njqdaytona@aol.com,,Ormond Beach,FL,,USA,MiamiDistanceTri,77,14,4,Age Group,3:07:19,,,,
,1523,Cahill,Becky,F,1/31/1983,beckster0131@hotmail.com,,Tampa,FL,,USA,MiamiDistanceTri,78,15,2,Age Group,3:07:40,,,,
,1622,Crisostomo,Elder,M,10/29/1985,elder.crisostomo@gmail.com,,Miami,FL,,USA,MiamiDistanceTri,79,59,11,Age Group,3:08:18,,,,
,1527,Peraza,Laura,F,11/6/1982,miuperaza@gmail.com,,Miami,FL,,USA,MiamiDistanceTri,81,16,3,Age Group,3:08:51,,,,
,1645,Costabal Guzman,Ricardo Agustin,M,8/28/1979,ricardo@costabal.cl,,Boca Raton,FL,,USA,MiamiDistanceTri,80,60,15,Age Group,3:08:51,,,,
,1659,Perez,Edwar,M,8/22/1976,edward@eluhsolutions.com,,Pembroke Pines,FL,,USA,MiamiDistanceTri,82,61,16,Age Group,3:09:22,,,,
,1627,Abramov,Vladislav,M,11/10/1985,vl.ab@outlook.com,,Coral Gables,FL,,USA,MiamiDistanceTri,83,62,12,Age Group,3:09:42,,,,
,1505,Rebecchi,Chiara,F,12/10/1994,chrebecchi@gmail.com,,Key Largo,FL,,USA,MiamiDistanceTri,84,17,4,Age Group,3:09:53,,,,
,1587,Zylberglejd,Dan,M,12/12/1991,danzylber@gmail.com,,Miami,FL,,USA,MiamiDistanceTri,85,63,10,Age Group,3:12:01,,,,
,1513,Soto,Diane,F,2/22/1988,dianesotia@gmail.com,,New York,NY,,USA,MiamiDistanceTri,86,18,3,Age Group,3:12:22,,,,
,1529,Beirnes,Elizabeth,F,5/21/1979,ebeirnes@me.com,,Miami,FL,,USA,MiamiDistanceTri,87,19,5,Age Group,3:13:57,,,,
,1682,Wong,Matthew,M,11/29/1968,mattheww942@gmail.com,,New York,NY,,USA,MiamiDistanceTri,88,64,2,Age Group,3:15:33,,,,
,1618,Gordo Santos,Inaki,M,6/21/1986,inaki.gordo.santos@gmail.com,,Miami,FL,,USA,MiamiDistanceTri,180,126,16,Age Group,3:15:35,,,,
,1715,Chipoco,Eduardo,M,11/13/1958,eduardochipoco@gmail.com,,Miami,FL,,USA,MiamiDistanceTri,89,65,2,Age Group,3:15:36,,,,
,1701,Graf,Friedrich,M,6/26/1960,friedrich.graf10@gmail.com,,Sinzing,BY,,DEU,MiamiDistanceTri,90,66,3,Age Group,3:16:47,,,,
,1714,Neuper,Stephanie,F,11/13/1988,sfrederick1113@gmail.com,,Loxahatchee,FL,,USA,MiamiDistanceTri,91,20,4,Age Group,3:17:31,,,,
,1663,Moragrega,Joseph,M,6/18/1976,joseph@tite.as,,West Roxbury,MA,,USA,MiamiDistanceTri,181,127,22,Age Group,3:17:45,,,,
,1651,Mosquera,William,M,5/7/1978,williammm777@hotmail.com,,Saint Augustine,FL,,USA,MiamiDistanceTri,92,67,17,Age Group,3:18:05,,,,
,1504,Ruiz,Valeria,F,10/11/1996,v.annette96@hotmail.com,,Miami,FL,,USA,MiamiDistanceTri,93,21,1,Age Group,3:18:42,,,,
,1526,Hryhoryeva,Alena,F,6/28/1982,alena.grigoryeva.tri@gmail.com,,Sarasota,FL,,USA,MiamiDistanceTri,94,22,4,Age Group,3:19:02,,,,
,1583,Mastello,Tyler,M,3/7/1993,tyler.mastello@gmail.com,,Brooksville,FL,,USA,MiamiDistanceTri,95,68,11,Age Group,3:19:34,,,,
,1625,Burnbaum,Brett,M,2/10/1985,brett.burnbaum@gmail.com,,Coral Gables,FL,,USA,MiamiDistanceTri,96,69,13,Age Group,3:20:04,,,,
,1692,Woodhouse,Craig,M,7/22/1965,cwoodhouse5299@yahoo.com,,Franklin,TN,,USA,MiamiDistanceTri,97,70,2,Age Group,3:20:35,,,,
,1522,Mandeville,Ashley,F,3/2/1984,ashleyedu@yahoo.com,,Fort Myers,FL,,USA,MiamiDistanceTri,98,23,5,Age Group,3:20:54,,,,
,1584,Schoenthaler,Kirby,M,3/26/1993,kirbyschoenthaler@gmail.com,,Miami,FL,,USA,MiamiDistanceTri,99,71,12,Age Group,3:21:56,,,,
,1706,Walker,Jill,F,7/4/1967,jill@dougin.com,,Tampa,FL,,USA,MiamiDistanceTri,100,24,2,Age Group,3:21:59,,,,
,1670,Lowe,Andrew,M,1/14/1972,andrewlowe2012@gmail.com,,Lebanon,PA,,USA,MiamiDistanceTri,101,72,2,Age Group,3:22:02,,,,
,1759,Lefkovic,Kennet,M,5/27/1994,elefkovic@gmail.com,,Palm Coast,FL,,USA,MiamiDistanceTri,102,73,2,Para,3:22:40,,,,
,1721,Marusic,Kresimir,M,11/6/1974,ksmzgb2015@gmail.com,,Jersey City,NJ,,USA,MiamiDistanceTri,103,74,3,Age Group,3:23:28,,,,
,1607,Poveda,Christian,M,10/2/1988,ccpoveda2@gmail.com,,Saint Augustine,FL,,USA,MiamiDistanceTri,104,75,10,Age Group,3:24:38,,,,
,1672,Braverman,Luciano,M,12/3/1972,lucianobraverman@hotmail.com,,Boca Raton,FL,,USA,MiamiDistanceTri,105,76,4,Age Group,3:24:51,,,,
,1674,Hayes,Brett,M,5/28/1971,puckntigger@yahoo.com,,New Smyrna Beach,FL,,USA,MiamiDistanceTri,106,77,5,Age Group,3:24:51,,,,
,1693,Reifler,Natt,M,7/13/1964,reifler2@gmail.com,,Maitland,FL,,USA,MiamiDistanceTri,107,78,3,Age Group,3:24:57,,,,
,1685,Sempere,Francisco,M,7/31/1967,francisco.sempere@hotmail.com,,Boca Raton,FL,,USA,MiamiDistanceTri,108,79,3,Age Group,3:26:13,,,,
,1538,Taylor,Laura,F,11/5/1972,laurataylorstylist@gmail.com,,Key Biscayne,FL,,USA,MiamiDistanceTri,109,25,2,Age Group,3:26:34,,,,
,1535,Dominguez,Serrana,F,4/12/1977,serranadominguez@gmail.com,,Miami,FL,,USA,MiamiDistanceTri,110,26,6,Age Group,3:27:41,,,,
,1546,Manning,Rebecca,F,6/27/1968,tribeccamanning@aol.com,,Miami,FL,,USA,MiamiDistanceTri,111,27,3,Age Group,3:28:33,,,,
,1681,Falcon,Tony,M,1/13/1969,tonyfalcon@me.com,,Pensacola,FL,,USA,MiamiDistanceTri,112,80,4,Age Group,3:29:09,,,,
,1502,Scott,Kylie,F,5/8/1996,kyliescott96@gmail.com,,Dania,FL,,USA,MiamiDistanceTri,113,28,2,Age Group,3:29:11,,,,
,1637,Bucknall,Mark,M,4/29/1983,bucknallm@gmail.com,,Miami,FL,,USA,MiamiDistanceTri,114,81,14,Age Group,3:29:49,,,,
,1758,Welsh,Thomas,M,12/5/1994,tommy3bird@yahoo.com,,Reddick,FL,,USA,MiamiDistanceTri,182,128,13,Para,3:30:00,,,,
,1581,Vanegas,Juan,M,7/5/1994,juanvamfc@hotmail.com,,Homestead,FL,,USA,MiamiDistanceTri,115,82,13,Age Group,3:30:01,,,,
,1629,Rosado,Adrian,M,5/17/1985,adrianrosado97@gmail.com,,Miami,FL,,USA,MiamiDistanceTri,116,83,15,Age Group,3:30:08,,,,
,1540,Langan,Betsy,F,10/23/1972,langanlady@gmail.com,,Clermont,FL,,USA,MiamiDistanceTri,117,29,3,Age Group,3:30:09,,,,
,1707,Garcia,Bernardo,M,5/8/1992,bernardogarcia08@gmail.com,,Miami,FL,,USA,MiamiDistanceTri,118,84,14,Age Group,3:30:25,,,,
,1537,Marks,Irena,F,10/18/1974,irenamarks@yahoo.com,,Ormond Beach,FL,,USA,MiamiDistanceTri,119,30,4,Age Group,3:30:40,,,,
,1503,Landaeta,Andrea,F,6/17/1996,vlandaetapaypal@gmail.com,,Caracas,,,VEN,MiamiDistanceTri,120,31,3,Age Group,3:31:21,,,,
,1662,Ganitsky,Ricardo,M,6/15/1976,rganitsky@stanfordalumni.org,,Aventura,FL,,USA,MiamiDistanceTri,121,85,18,Age Group,3:31:57,,,,
,1524,Saouma,Caroline,F,2/22/1983,csaouma@gmail.com,,Blacksburg,VA,,USA,MiamiDistanceTri,122,32,6,Age Group,3:32:00,,,,
,1511,Teemal,Jeanniffer,F,6/6/1989,jteemal@gmail.com,,Weston,FL,,USA,MiamiDistanceTri,123,33,5,Age Group,3:34:45,,,,
,1753,Conti,Christine,F,12/30/1979,christine@contifitness.net,,Brick,NJ,,USA,MiamiDistanceTri,124,34,3,Para,3:35:05,,,,
,1592,Harte,Rory,M,9/5/1991,r.f.harte@gmail.com,,Miami,FL,,USA,MiamiDistanceTri,125,86,15,Age Group,3:36:02,,,,
,1694,Dhans,Thomas,M,1/24/1964,tdhans@gmail.com,,Brooksville,FL,,USA,MiamiDistanceTri,126,87,4,Age Group,3:36:07,,,,
,1612,Allen,Michael,M,6/18/1987,chiblackhawks87@gmail.com,,Jacksonville,FL,,USA,MiamiDistanceTri,127,88,11,Age Group,3:36:36,,,,
,1641,Gonzalez,Steven,M,9/24/1981,steven.e.gonzalez@gmail.com,,Clermont,FL,,USA,MiamiDistanceTri,128,89,16,Age Group,3:36:51,,,,
,1616,Samuel,Stephen,M,1/2/1986,stephenj2736@gmail.com,,Coral Springs,FL,,USA,MiamiDistanceTri,183,129,17,Age Group,3:37:52,,,,
,1710,Ecarri,Luis,M,7/15/1971,luisecarri@me.com,,Miami,FL,,USA,MiamiDistanceTri,129,90,6,Age Group,3:38:47,,,,
,1570,Thompson,Matthew,M,1/21/1997,mtt14d@my.fsu.edu,,Verona,WI,,USA,MiamiDistanceTri,130,91,8,Age Group,3:40:23,,,,
,1551,Voit,Catalina,F,4/8/1966,cevoit3@gmail.com,,Boca Raton,FL,,USA,MiamiDistanceTri,131,35,4,Age Group,3:40:36,,,,
,1680,Holland,Gary,M,7/18/1969,gwholland6770@gmail.com,,Tampa,FL,,USA,MiamiDistanceTri,132,92,5,Age Group,3:41:11,,,,
,1667,Buzby,John,M,4/22/1973,buzby32@gmail.com,,Miami,FL,,USA,MiamiDistanceTri,133,93,7,Age Group,3:42:12,,,,
,1679,Heady,David,M,11/9/1969,dkheadyfam@gmail.com,,Windermere,FL,,USA,MiamiDistanceTri,134,94,6,Age Group,3:42:15,,,,
,1695,Schuurmans,Hendrik,M,12/27/1963,henk@milkywave.ca,,Elmira,ON,,CAN,MiamiDistanceTri,135,95,5,Age Group,3:42:31,,,,
,1547,Freytag,Kathryn,F,1/15/1968,kathrynfreytag@yahoo.com,,Eden Prairie,MN,,USA,MiamiDistanceTri,136,36,5,Age Group,3:44:08,,,,
,1554,Goldberg,Eve,F,6/25/1962,evegoldberg@hotmail.com,,Osprey,FL,,USA,MiamiDistanceTri,137,37,1,Age Group,3:46:47,,,,
,1534,Wagner,Lee,F,11/20/1977,lee.wagner@live.ca,,Mobile,AL,,USA,MiamiDistanceTri,138,38,7,Age Group,3:48:06,,,,
,1571,Ahearn,Andrew,M,2/24/1996,aahearnmomof3@gmail.com,,Land O Lakes,FL,,USA,MiamiDistanceTri,139,96,9,Age Group,3:48:15,,,,
,1760,Douglas,Jason,M,1/15/1974,jadouglaswwwjd74@outlook.com,,Haddonfield,NJ,,USA,MiamiDistanceTri,140,97,4,Para,3:48:21,,,,
,1590,Ochoa,Javier,M,1/15/1991,javiochoa91@gmail.com,,Miami,FL,,USA,MiamiDistanceTri,141,98,16,Age Group,3:49:11,,,,
,1550,Roberts,Joanne,F,2/4/1966,jo66roberts@gmail.com,,Waterloo,ON,,CAN,MiamiDistanceTri,142,39,6,Age Group,3:49:29,,,,
,1543,Neumann,Heike,F,6/16/1970,heike.neumann@usa.com,,Clermont,FL,,USA,MiamiDistanceTri,143,40,7,Age Group,3:52:29,,,,
,1557,Kessinger,Katy,F,12/21/1954,katherine.kessinger@gmail.com,,Salt Lake City,UT,,USA,MiamiDistanceTri,144,41,1,Age Group,3:55:55,,,,
,1623,Murray,Andrew,M,6/8/1985,murraydmd@gmail.com,,Orlando,FL,,USA,MiamiDistanceTri,145,99,17,Age Group,3:57:54,,,,
,1689,Mayo,Stephen,M,9/20/1966,pastorsteve@slminc.org,,Fitchburg,MA,,USA,MiamiDistanceTri,146,100,7,Age Group,4:00:25,,,,
,1656,Cammack,Dustin,M,2/23/1977,dustin@cammack.com,,Titusville,FL,,USA,MiamiDistanceTri,147,101,19,Age Group,4:00:27,,,,
,1516,Thibos,Maritza,F,6/22/1986,nunez.maritza0@gmail.com,,Key Largo,FL,,USA,MiamiDistanceTri,148,42,6,Age Group,4:01:17,,,,
,1614,Angulo Hernandez,Francisco Jose,M,2/23/1987,frankangulo@gmail.com,,San Salvador,,,SLV,MiamiDistanceTri,149,102,12,Age Group,4:01:23,,,,
,1652,Zarro,James,M,9/24/1978,james.zarro@gmail.com,,Oxford,CT,,USA,MiamiDistanceTri,150,103,20,Age Group,4:01:42,,,,
,1765,Russell,Frank,M,1/5/2001,shadowboxer_rain@outlook.com,,Pensacola,FL,,USA,MiamiDistanceTri,151,104,5,Para,4:02:33,,,,
,1766,Zaritsky,Randy,M,3/26/1968,razar2804@gmail.com,,Fort Lauderdale,FL,,USA,MiamiDistanceTri,152,105,8,Age Group,4:02:35,,,,
,1639,Diaz-Jane,Julio,M,1/31/1982,papafitnesstraining@gmail.com,,Miami,FL,,USA,MiamiDistanceTri,153,106,18,Age Group,4:03:59,,,,
,1617,Giella,Kyle,M,12/10/1986,kgiella1@gmail.com,,Parrish,FL,,USA,MiamiDistanceTri,154,107,13,Age Group,4:04:16,,,,
,1756,Rheaume,Shawn,M,11/10/1999,shawnrhm@gmail.com,,The Villagesthe Villages,FL,,USA,MiamiDistanceTri,155,108,6,Para,4:05:10,,,,
,1764,Zumbrum,Sarah,F,4/12/1982,sczumbrum@gmail.com,,Holiday,FL,,USA,MiamiDistanceTri,156,43,7,Para,4:05:26,,,,
,1696,Klingener,Dennis,M,1/2/1963,dcklingener@gmail.com,,Satellite Beach,FL,,USA,MiamiDistanceTri,157,109,6,Age Group,4:17:53,,,,
,1722,Irene,Michael,M,7/27/1991,mikeirene3@gmail.com,,Pompano Beach,FL,,USA,MiamiDistanceTri,158,110,17,Age Group,4:20:31,,,,
,1599,Olivares Vega,Alejandro,M,12/8/1990,aolivaresv@me.com,,Miami,FL,,USA,MiamiDistanceTri,159,111,14,Age Group,4:21:17,,,,
,1686,Olivares,Carlos,M,8/10/1967,caolivaresm@gmail.com,,Miami,FL,,USA,MiamiDistanceTri,160,112,9,Age Group,4:21:21,,,,
,1668,Lavergne,Chris,M,5/27/1973,clavergne1@gmail.com,,Flowery Branch,GA,,USA,MiamiDistanceTri,161,113,8,Age Group,4:25:22,,,,
,1568,Ruiz,Ramon,M,3/24/1998,ray0051731@gmail.com,,Hialeah,FL,,USA,MiamiDistanceTri,162,114,10,Age Group,4:25:25,,,,
,1752,Lopez,Liz,F,8/27/1975,lizprlopez@gmail.com,,Polk City,FL,,USA,MiamiDistanceTri,163,44,8,Para,4:26:23,,,,
,1751,Lopez,Summer,F,11/10/1997,lizprlopez@gmail.com,,Polk City,FL,,USA,MiamiDistanceTri,164,45,9,Para,4:27:15,,,,
,1690,Tebbetts,Clayton,M,7/13/1965,ironmancrt@aol.com,,North Haven,CT,,USA,MiamiDistanceTri,165,115,7,Age Group,4:32:10,,,,
,1525,Avila,Diana,F,2/16/1983,diana.avila.r@gmail.com,,Miami,FL,,USA,MiamiDistanceTri,166,46,7,Age Group,4:36:18,,,,
,1717,Miranda,Neysha,F,11/30/1976,nmirandadpt@gmail.com,,Homestead,FL,,USA,MiamiDistanceTri,167,47,8,Age Group,4:37:56,,,,
,1556,Ramos Ramirez,Berta,F,7/16/1960,berta.ramosramirez@gmail.com,,Coral Gables,FL,,USA,MiamiDistanceTri,184,50,1,Age Group,4:44:52,,,,
,1757,Nikic,Chris,M,10/6/1999,chris@chrisnikic.com,,Maitland,FL,,USA,MiamiDistanceTri,168,116,10,Para,4:45:08,,,,
,1754,Vetere,Rhonda,F,6/27/1971,rhondamvetere@gmail.com,,Haddonfield,NJ,,USA,MiamiDistanceTri,169,48,11,Para,4:45:19,,,,
,1688,Viteri,Lee,M,7/3/1966,leeviteri@gmail.com,,Miami,FL,,USA,MiamiDistanceTri,170,117,10,Age Group,4:50:59,,,,
,1755,Norris,Robert,M,7/28/2003,norris.wanda@gmail.com,,Lakeland,FL,,USA,MiamiDistanceTri,171,118,12,Para,4:53:39,,,,
,1749,Miller,Matthew,M,6/18/1976,matt@baseperformance.com,,Longwood,FL,,USA,MiamiDistanceTri,172,119,21,Age Group,4:53:43,,,,
,1541,Pons Camacho,Mercedes,F,8/3/1972,mercedes.pons@gmail.com,,Milton,MA,,USA,MiamiDistanceTri,173,49,5,Age Group,4:54:17,,,,
,1589,Balog,John,M,6/28/1991,jpbalog1@gmail.com,,Coconut Creek,FL,,USA,MiamiDistanceTri,174,120,18,Age Group,4:58:58,,,,
,1698,Portnoy,William,M,4/15/1961,wgportnoy@gmail.com,,Buffalo,NY,,USA,MiamiDistanceTri,175,121,8,Age Group,5:03:57,,,,
,1564,Lavergne,Nolan,M,6/9/2000,nolanlavergne5@gmail.com,,Norcross,GA,,USA,MiamiDistanceTri,176,122,11,Age Group,5:11:06,,,,
,1761,Vanscoter,Chad,M,9/22/1998,markvanscoter@gmail.com,,Orlando,FL,,USA,MiamiDistanceTri,185,130,14,Para,5:14:47,,,,
,1762,Vanscoter,Mark,M,10/6/1960,markvanscoter@gmail.com,,Orlando,FL,,USA,MiamiDistanceTri,186,131,15,Para,5:14:53,,,,
