event_id,prog_id,event_name,tier,distance,error_type,athlete_id,athlete_full_name,predicted_rank,actual_rank,rank_error,pred_total_sec,actual_total_sec,pred_finish_pct,n_field,event_p10
194193,674119,2025 World Triathlon Championship Series Hamburg,1a,sprint,missed,107730,,11,3,8,3122.05237384243,3036.0,0.10189348294357826,49,0.8
194193,674119,2025 World Triathlon Championship Series Hamburg,1a,sprint,missed,104983,,19,7,12,3175.706260045861,3056.0,0.3822940690929373,49,0.8
194193,674119,2025 World Triathlon Championship Series Hamburg,1a,sprint,false_alarm,79706,,9,16,-7,3158.9681113300903,3090.0,0.32784968557936417,49,0.8
194193,674119,2025 World Triathlon Championship Series Hamburg,1a,sprint,false_alarm,49390,,6,11,-5,3121.4630699337267,3079.0,0.10091117148563292,49,0.8
194193,674121,2025 World Triathlon Championship Series Hamburg,1a,sprint,missed,113106,,11,4,7,3275.9147781879274,3404.0,0.27923915090421864,52,0.7
194193,674121,2025 World Triathlon Championship Series Hamburg,1a,sprint,missed,86051,,17,6,11,3298.880964314939,3408.0,0.33762209462439596,52,0.7
194193,674121,2025 World Triathlon Championship Series Hamburg,1a,sprint,missed,135877,,16,5,11,3320.896346822672,3407.0,0.32745591201602103,52,0.7
194193,674121,2025 World Triathlon Championship Series Hamburg,1a,sprint,false_alarm,79066,,7,12,-5,3300.687283787229,3422.0,0.2009767405018692,52,0.7
194193,674121,2025 World Triathlon Championship Series Hamburg,1a,sprint,false_alarm,125627,,10,11,-1,3344.0285689841485,3420.0,0.21896537309434558,52,0.7
194193,674121,2025 World Triathlon Championship Series Hamburg,1a,sprint,false_alarm,106581,,9,26,-17,3300.5654652099774,3451.0,0.2509577272567914,52,0.7
194996,676011,2025 World Triathlon Championship Series French Riviera,1a,sprint,missed,63651,,20,5,15,3171.0909985425537,3092.0,0.45362571571923027,51,0.8
194996,676011,2025 World Triathlon Championship Series French Riviera,1a,sprint,missed,74419,,18,6,12,3215.731572222595,3097.0,0.49592198347115285,51,0.8
194996,676011,2025 World Triathlon Championship Series French Riviera,1a,sprint,false_alarm,98121,,9,12,-3,3194.1705051176646,3135.0,0.22163388250508634,51,0.8
194996,676011,2025 World Triathlon Championship Series French Riviera,1a,sprint,false_alarm,104034,,3,11,-8,3119.8527088996902,3133.0,0.1992752033351416,51,0.8
194996,676012,2025 World Triathlon Championship Series French Riviera,1a,sprint,missed,31827,,17,10,7,3322.8630508662827,3451.0,0.4178565695677952,37,0.9
194996,676012,2025 World Triathlon Championship Series French Riviera,1a,sprint,false_alarm,79065,,3,13,-10,3283.947844424368,3464.0,0.15002167015042014,37,0.9
194197,674127,2025 World Triathlon Championship Series Karlovy Vary,1a,standard,missed,56153,,19,10,9,6275.204210727841,6641.0,0.4813435873478397,36,0.7
194197,674127,2025 World Triathlon Championship Series Karlovy Vary,1a,standard,missed,94563,,28,9,19,6332.448893928005,6627.0,0.5484500840557209,36,0.7
194197,674127,2025 World Triathlon Championship Series Karlovy Vary,1a,standard,missed,56027,,13,7,6,6447.89695261821,6617.0,0.33840870525412636,36,0.7
194197,674127,2025 World Triathlon Championship Series Karlovy Vary,1a,standard,false_alarm,104034,,3,17,-14,6295.250076946816,6674.0,0.17878504495658043,36,0.7
194197,674127,2025 World Triathlon Championship Series Karlovy Vary,1a,standard,false_alarm,49390,,6,23,-17,6237.239614243491,6726.0,0.2592675664521069,36,0.7
194197,674127,2025 World Triathlon Championship Series Karlovy Vary,1a,standard,false_alarm,164894,,10,22,-12,6237.4285570353395,6713.0,0.3396143903472217,36,0.7
194197,674128,2025 World Triathlon Championship Series Karlovy Vary,1a,standard,missed,79830,,23,8,15,7227.311357631024,7500.0,0.6258553150197815,29,0.9
194197,674128,2025 World Triathlon Championship Series Karlovy Vary,1a,standard,false_alarm,55701,,10,11,-1,7006.439232872887,7550.0,0.36215493543727223,29,0.9
194853,674137,2025 World Triathlon Championship Series Weihai,1a,standard,missed,156380,,17,8,9,6365.147143101814,6077.0,0.523063054781345,35,0.8
194853,674137,2025 World Triathlon Championship Series Weihai,1a,standard,missed,80663,,21,10,11,6491.686190792642,6088.0,0.5540915188716357,35,0.8
194853,674137,2025 World Triathlon Championship Series Weihai,1a,standard,false_alarm,98130,,9,34,-25,6381.4144800436,6371.0,0.30714399003845533,35,0.8
194853,674137,2025 World Triathlon Championship Series Weihai,1a,standard,false_alarm,125294,,3,13,-10,6319.723415189056,6103.0,0.2797205389257275,35,0.8
194853,674138,2025 World Triathlon Championship Series Weihai,1a,standard,missed,132848,,12,7,5,6876.438841992347,6797.0,0.35857823460646066,27,0.8
194853,674138,2025 World Triathlon Championship Series Weihai,1a,standard,missed,93409,,12,8,4,3840.084360189574,6801.0,0.4331177708279758,27,0.8
194853,674138,2025 World Triathlon Championship Series Weihai,1a,standard,false_alarm,80813,,7,20,-13,7056.7329725757145,7005.0,0.3515086273260747,27,0.8
194853,674138,2025 World Triathlon Championship Series Weihai,1a,standard,false_alarm,66197,,10,11,-1,7198.499315505998,6833.0,0.4379762934430236,27,0.8
188992,674811,2025 World Triathlon Championship Finals Wollongong,1a,standard,missed,107730,,11,3,8,6346.894308437444,6202.0,0.2558206656363772,49,0.7
188992,674811,2025 World Triathlon Championship Finals Wollongong,1a,standard,missed,49411,,13,9,4,6254.967323762696,6240.0,0.31738466370138213,49,0.7
188992,674811,2025 World Triathlon Championship Finals Wollongong,1a,standard,missed,98130,,17,7,10,6375.57496945246,6234.0,0.2513996569745074,49,0.7
188992,674811,2025 World Triathlon Championship Finals Wollongong,1a,standard,false_alarm,98121,,10,15,-5,6199.677876000865,6285.0,0.30710549393121805,49,0.7
188992,674811,2025 World Triathlon Championship Finals Wollongong,1a,standard,false_alarm,49390,,5,17,-12,6274.9451080807,6289.0,0.15626827457410572,49,0.7
188992,674811,2025 World Triathlon Championship Finals Wollongong,1a,standard,false_alarm,55495,,9,16,-7,6252.360905434041,6287.0,0.2780054552454269,49,0.7
188992,674812,2025 World Triathlon Championship Finals Wollongong,1a,standard,missed,132753,,15,6,9,7025.125439138804,7060.0,0.463944609552343,35,0.7
188992,674812,2025 World Triathlon Championship Finals Wollongong,1a,standard,missed,31827,,18,8,10,7014.7240211233775,7069.0,0.5335670364004814,35,0.7
188992,674812,2025 World Triathlon Championship Finals Wollongong,1a,standard,missed,104333,,20,5,15,7051.586482227479,7048.0,0.4819985282939615,35,0.7
188992,674812,2025 World Triathlon Championship Finals Wollongong,1a,standard,false_alarm,117212,,2,16,-14,6858.82927562059,7145.0,0.14367207966623757,35,0.7
188992,674812,2025 World Triathlon Championship Finals Wollongong,1a,standard,false_alarm,56557,,7,21,-14,6826.586198434231,7213.0,0.22090152647027902,35,0.7
188992,674812,2025 World Triathlon Championship Finals Wollongong,1a,standard,false_alarm,80813,,10,22,-12,7010.804717308911,7218.0,0.35885719426796464,35,0.7
194221,674204,2025 T100 Triathlon World Tour London,1b,middle_distance,missed,49022,,15,4,11,12407.03039527791,12032.0,0.6897321040506217,18,0.8
194221,674204,2025 T100 Triathlon World Tour London,1b,middle_distance,missed,107663,,19,8,11,13172.353180645863,12117.0,0.6676623902689385,18,0.8
194221,674204,2025 T100 Triathlon World Tour London,1b,middle_distance,false_alarm,49108,,10,13,-3,12652.055341268871,12432.0,0.5326935400976506,18,0.8
194221,674204,2025 T100 Triathlon World Tour London,1b,middle_distance,false_alarm,41060,,12,14,-2,13058.761928741518,12620.0,0.5843751120426581,18,0.8
194221,674205,2025 T100 Triathlon World Tour London,1b,middle_distance,missed,70613,,13,10,3,13043.211984307602,13678.0,0.5935639669296493,16,0.9
194221,674205,2025 T100 Triathlon World Tour London,1b,middle_distance,false_alarm,49545,,6,12,-6,6307.645023696683,13821.0,0.4032815617746818,16,0.9
194697,674201,2025 T100 Triathlon World Tour French Riviera,1b,middle_distance,missed,49108,,10,9,1,12321.432479827019,11942.0,0.413225828515525,19,0.8
194697,674201,2025 T100 Triathlon World Tour French Riviera,1b,middle_distance,missed,107663,,17,8,9,12495.888036364231,11910.0,0.6214038656943761,19,0.8
194697,674201,2025 T100 Triathlon World Tour French Riviera,1b,middle_distance,false_alarm,63162,,3,11,-8,12247.016200343223,12023.0,0.22316061542220123,19,0.8
194697,674201,2025 T100 Triathlon World Tour French Riviera,1b,middle_distance,false_alarm,68903,,5,12,-7,11569.702019009204,12149.0,0.28669304972017245,19,0.8
194697,674202,2025 T100 Triathlon World Tour French Riviera,1b,middle_distance,missed,176057,,11,10,1,14386.366261895895,13725.0,0.5229981493124901,19,0.8
194697,674202,2025 T100 Triathlon World Tour French Riviera,1b,middle_distance,missed,176740,,15,8,7,14817.405977738415,13566.0,0.5270187872719299,19,0.8
194697,674202,2025 T100 Triathlon World Tour French Riviera,1b,middle_distance,false_alarm,39835,,6,14,-8,6578.276303317535,14016.0,0.4188578406895344,19,0.8
194697,674202,2025 T100 Triathlon World Tour French Riviera,1b,middle_distance,false_alarm,82486,,9,11,-2,14233.646141823137,13940.0,0.4767435715068089,19,0.8
194222,674236,2025 T100 Triathlon World Tour Oropesa,1b,middle_distance,missed,67535,,13,3,10,6099.056872037915,11523.0,0.629732611487077,17,0.9
194222,674236,2025 T100 Triathlon World Tour Oropesa,1b,middle_distance,false_alarm,11143,,5,12,-7,13048.878096436736,12034.0,0.3758324874373794,17,0.9
194222,674237,2025 T100 Triathlon World Tour Oropesa,1b,middle_distance,missed,83091,,18,8,10,14453.992337823747,13099.0,0.7716531198064261,17,0.9
194222,674237,2025 T100 Triathlon World Tour Oropesa,1b,middle_distance,false_alarm,106951,,9,15,-6,3342.5872037914696,13438.0,0.5593856829037006,17,0.9
195021,676290,2025 T100 Triathlon World Tour Wollongong,1b,middle_distance,missed,45915,,11,7,4,13721.84,11571.0,0.5460918836803422,21,0.8
195021,676290,2025 T100 Triathlon World Tour Wollongong,1b,middle_distance,missed,68564,,16,5,11,5299.22654028436,11464.0,0.5519299608281477,21,0.8
195021,676290,2025 T100 Triathlon World Tour Wollongong,1b,middle_distance,false_alarm,80307,,3,14,-11,4496.502843601896,11836.0,0.34466903545707595,21,0.8
195021,676290,2025 T100 Triathlon World Tour Wollongong,1b,middle_distance,false_alarm,21884,,6,17,-11,5073.100947867298,11928.0,0.4362459713920172,21,0.8
195021,676291,2025 T100 Triathlon World Tour Wollongong,1b,middle_distance,missed,106416,,16,7,9,14725.82633676525,13089.0,0.7361434462390669,16,0.8
195021,676291,2025 T100 Triathlon World Tour Wollongong,1b,middle_distance,missed,83091,,13,5,8,14503.804491543382,12975.0,0.5884486293624541,16,0.8
195021,676291,2025 T100 Triathlon World Tour Wollongong,1b,middle_distance,false_alarm,98051,,11,14,-3,6584.818957345972,13483.0,0.5877244324346076,16,0.8
195021,676291,2025 T100 Triathlon World Tour Wollongong,1b,middle_distance,false_alarm,39835,,9,13,-4,14636.774097904785,13448.0,0.5547074370283553,16,0.8
194698,674207,2025 T100 Triathlon World Tour Dubai,1b,middle_distance,missed,39736,,15,10,5,13606.2336492891,11509.0,0.64741986924611,17,0.7
194698,674207,2025 T100 Triathlon World Tour Dubai,1b,middle_distance,missed,31992,,17,9,8,9564.395734597154,11472.0,0.6977278379201185,17,0.7
194698,674207,2025 T100 Triathlon World Tour Dubai,1b,middle_distance,missed,80630,,11,4,7,13079.896682464456,11298.0,0.52248044101288,17,0.7
194698,674207,2025 T100 Triathlon World Tour Dubai,1b,middle_distance,false_alarm,103848,,10,12,-2,13295.520205749459,11601.0,0.5924994848637102,17,0.7
194698,674207,2025 T100 Triathlon World Tour Dubai,1b,middle_distance,false_alarm,96441,,6,15,-9,12915.28767772512,11684.0,0.41262461898748104,17,0.7
194698,674207,2025 T100 Triathlon World Tour Dubai,1b,middle_distance,false_alarm,40311,,2,13,-11,12269.142105577932,11602.0,0.19543028769228157,17,0.7
194698,674209,2025 T100 Triathlon World Tour Dubai,1b,middle_distance,missed,63722,,16,10,6,14151.908920120755,13526.0,0.7155444846581507,17,0.9
194698,674209,2025 T100 Triathlon World Tour Dubai,1b,middle_distance,false_alarm,181906,,10,15,-5,14491.93959098114,13918.0,0.5604269739422116,17,0.9
194959,675813,2025 T100 Triathlon World Championship Final Qatar,1b,middle_distance,missed,96441,,13,5,8,12904.3345971564,11330.0,0.7165848202800182,20,0.9
194959,675813,2025 T100 Triathlon World Championship Final Qatar,1b,middle_distance,false_alarm,11143,,8,13,-5,13075.936923076924,11895.0,0.550752886722472,20,0.9
194959,675814,2025 T100 Triathlon World Championship Final Qatar,1b,middle_distance,missed,75945,,15,9,6,13030.689001489765,13034.0,0.6907250625453272,24,0.7
194959,675814,2025 T100 Triathlon World Championship Final Qatar,1b,middle_distance,missed,98269,,12,10,2,12969.854409333771,13039.0,0.5434793943304024,24,0.7
194959,675814,2025 T100 Triathlon World Championship Final Qatar,1b,middle_distance,missed,28302,,17,4,13,13403.34290416374,12891.0,0.7182139529226002,24,0.7
194959,675814,2025 T100 Triathlon World Championship Final Qatar,1b,middle_distance,false_alarm,195700,,11,12,-1,13237.082024874995,13119.0,0.5045840310486747,24,0.7
194959,675814,2025 T100 Triathlon World Championship Final Qatar,1b,middle_distance,false_alarm,140588,,8,11,-3,13363.883861480454,13065.0,0.4709086596155388,24,0.7
194959,675814,2025 T100 Triathlon World Championship Final Qatar,1b,middle_distance,false_alarm,81334,,2,15,-13,12952.742159847276,13248.0,0.2195445090659921,24,0.7
194203,674165,2025 World Triathlon Cup Tiszaujvaros,2,sprint,missed,162136,,11,8,3,3493.4661996927584,3170.0,0.21225402593981593,67,0.6
194203,674165,2025 World Triathlon Cup Tiszaujvaros,2,sprint,missed,50700,,13,5,8,3282.1870883042493,3164.0,0.288600703747593,67,0.6
194203,674165,2025 World Triathlon Cup Tiszaujvaros,2,sprint,missed,97101,,12,7,5,3384.4864867278684,3168.0,0.2423694188869637,67,0.6
194203,674165,2025 World Triathlon Cup Tiszaujvaros,2,sprint,missed,116270,,15,10,5,3334.409552752496,3174.0,0.26237808589455003,67,0.6
194203,674165,2025 World Triathlon Cup Tiszaujvaros,2,sprint,false_alarm,156380,,3,30,-27,3334.676813351726,0.0,0.1537934031855742,67,0.6
194203,674165,2025 World Triathlon Cup Tiszaujvaros,2,sprint,false_alarm,106595,,3,46,-43,3305.0757403262796,3246.0,0.16944797383786242,67,0.6
194203,674165,2025 World Triathlon Cup Tiszaujvaros,2,sprint,false_alarm,63564,,2,43,-41,3266.9214758355947,3226.0,0.13088478418959246,67,0.6
194203,674165,2025 World Triathlon Cup Tiszaujvaros,2,sprint,false_alarm,115699,,9,57,-48,3288.6545570383587,3320.0,0.26961184140658156,67,0.6
194203,674166,2025 World Triathlon Cup Tiszaujvaros,2,sprint,missed,189514,,28,9,19,3797.6041943723303,3498.0,0.7133267254349716,39,0.8
194203,674166,2025 World Triathlon Cup Tiszaujvaros,2,sprint,missed,82483,,12,5,7,3753.7062358680355,3480.0,0.34855880134343137,39,0.8
194203,674166,2025 World Triathlon Cup Tiszaujvaros,2,sprint,false_alarm,106305,,10,16,-6,3702.9787437991663,3586.0,0.2842196592826523,39,0.8
194203,674166,2025 World Triathlon Cup Tiszaujvaros,2,sprint,false_alarm,96687,,4,13,-9,3712.869078657265,3573.0,0.18498313143204495,39,0.8
194205,674175,2025 World Triathlon Cup Rome,2,sprint,missed,169633,,12,7,5,3123.5157237052135,3254.0,0.26150443568286763,58,0.4
194205,674175,2025 World Triathlon Cup Rome,2,sprint,missed,160772,,31,6,25,3153.2162264587146,3253.0,0.46090462194115783,58,0.4
194205,674175,2025 World Triathlon Cup Rome,2,sprint,missed,103530,,18,9,9,3115.594060532197,3256.0,0.28445144324188154,58,0.4
194205,674175,2025 World Triathlon Cup Rome,2,sprint,missed,93364,,17,1,16,3097.133397673383,3244.0,0.27213561547495857,58,0.4
194205,674175,2025 World Triathlon Cup Rome,2,sprint,missed,162136,,13,2,11,3105.65935648582,3245.0,0.27340239769747265,58,0.4
194205,674175,2025 World Triathlon Cup Rome,2,sprint,missed,49084,,22,10,12,3103.515358107388,3260.0,0.45067928327322687,58,0.4
194205,674175,2025 World Triathlon Cup Rome,2,sprint,false_alarm,176644,,8,12,-4,3128.201504051439,3269.0,0.2921506006316599,58,0.4
194205,674175,2025 World Triathlon Cup Rome,2,sprint,false_alarm,96040,,6,13,-7,3119.5225224968167,3271.0,0.22033658307303633,58,0.4
194205,674175,2025 World Triathlon Cup Rome,2,sprint,false_alarm,63564,,5,27,-22,3089.1354749496354,3314.0,0.20731782339734756,58,0.4
194205,674175,2025 World Triathlon Cup Rome,2,sprint,false_alarm,127536,,8,41,-33,3113.654258357298,3371.0,0.2503645608044293,58,0.4
194205,674175,2025 World Triathlon Cup Rome,2,sprint,false_alarm,73078,,3,44,-41,3076.9704481983326,3387.0,0.15730517298287808,58,0.4
194205,674175,2025 World Triathlon Cup Rome,2,sprint,false_alarm,128063,,2,26,-24,3065.14497485261,3313.0,0.19986789871877925,58,0.4
194205,674176,2025 World Triathlon Cup Rome,2,sprint,missed,124901,,19,9,10,3531.9434788770823,3645.0,0.4195828134944922,47,0.5
194205,674176,2025 World Triathlon Cup Rome,2,sprint,missed,166282,,32,6,26,3546.630746781165,3639.0,0.6549813069324794,47,0.5
194205,674176,2025 World Triathlon Cup Rome,2,sprint,missed,58449,,14,7,7,3436.318405419447,3640.0,0.35202758603901124,47,0.5
194205,674176,2025 World Triathlon Cup Rome,2,sprint,missed,122267,,15,5,10,3509.0550402489234,3629.0,0.3261669438150439,47,0.5
194205,674176,2025 World Triathlon Cup Rome,2,sprint,missed,161245,,16,1,15,3538.3694756897426,3613.0,0.41315090691620954,47,0.5
194205,674176,2025 World Triathlon Cup Rome,2,sprint,false_alarm,71740,,7,19,-12,3434.540491363531,3685.0,0.2581869993931439,47,0.5
194205,674176,2025 World Triathlon Cup Rome,2,sprint,false_alarm,117135,,9,22,-13,3471.9477952648667,3706.0,0.27684382788677064,47,0.5
194205,674176,2025 World Triathlon Cup Rome,2,sprint,false_alarm,83323,,5,33,-28,3476.842739623732,3788.0,0.22462412385209024,47,0.5
194205,674176,2025 World Triathlon Cup Rome,2,sprint,false_alarm,137276,,8,13,-5,3438.2017114852406,3661.0,0.2510358568945087,47,0.5
194205,674176,2025 World Triathlon Cup Rome,2,sprint,false_alarm,80605,,9,20,-11,3452.9856768909412,3690.0,0.34871413427460946,47,0.5
194206,673628,2025 World Triathlon Cup Vina del Mar,2,sprint,missed,162136,,16,8,8,3311.45690401303,3004.0,0.2895817700358164,63,0.8
194206,673628,2025 World Triathlon Cup Vina del Mar,2,sprint,missed,33705,,18,9,9,3325.5509586542366,3005.0,0.3281690248804782,63,0.8
194206,673628,2025 World Triathlon Cup Vina del Mar,2,sprint,false_alarm,173756,,6,13,-7,3307.410682451742,3013.0,0.18699293095352892,63,0.8
194206,673628,2025 World Triathlon Cup Vina del Mar,2,sprint,false_alarm,63428,,5,11,-6,3307.527791543589,3009.0,0.20429248588484453,63,0.8
194206,673629,2025 World Triathlon Cup Vina del Mar,2,sprint,missed,168089,,18,3,15,3561.565212726762,3430.0,0.5481676576800726,34,0.6
194206,673629,2025 World Triathlon Cup Vina del Mar,2,sprint,missed,125268,,10,5,5,3529.993722846718,3449.0,0.300140033002344,34,0.6
194206,673629,2025 World Triathlon Cup Vina del Mar,2,sprint,missed,160574,,24,6,18,3561.260821055997,3466.0,0.7327228044091433,34,0.6
194206,673629,2025 World Triathlon Cup Vina del Mar,2,sprint,missed,119359,,13,8,5,3578.8535155164805,3476.0,0.4281921475478803,34,0.6
194206,673629,2025 World Triathlon Cup Vina del Mar,2,sprint,false_alarm,58449,,10,13,-3,3514.9177215892337,3512.0,0.3596956682475003,34,0.6
194206,673629,2025 World Triathlon Cup Vina del Mar,2,sprint,false_alarm,106305,,7,11,-4,3530.287597086495,3497.0,0.29610876367852895,34,0.6
194206,673629,2025 World Triathlon Cup Vina del Mar,2,sprint,false_alarm,69055,,8,16,-8,3518.0197692091624,3540.0,0.2628754345966594,34,0.6
194206,673629,2025 World Triathlon Cup Vina del Mar,2,sprint,false_alarm,106503,,2,24,-22,3367.8622239623105,3606.0,0.1459345465885646,34,0.6
194209,674185,2025 World Triathlon Cup Miyazaki,2,sprint,missed,169633,,12,7,5,3078.797608857275,3316.0,0.31047808749386213,56,0.4
194209,674185,2025 World Triathlon Cup Miyazaki,2,sprint,missed,160772,,21,5,16,3105.615644217808,3313.0,0.41632117830209675,56,0.4
194209,674185,2025 World Triathlon Cup Miyazaki,2,sprint,missed,41870,,13,4,9,3069.6084851300425,3306.0,0.30735293478278264,56,0.4
194209,674185,2025 World Triathlon Cup Miyazaki,2,sprint,missed,160628,,30,3,27,3115.21327345997,3299.0,0.43791351083788255,56,0.4
194209,674185,2025 World Triathlon Cup Miyazaki,2,sprint,missed,158485,,31,9,22,3156.893311599749,3318.0,0.4298017586296977,56,0.4
194209,674185,2025 World Triathlon Cup Miyazaki,2,sprint,missed,165174,,11,10,1,3188.8263376878785,3320.0,0.24514307379561445,56,0.4
194209,674185,2025 World Triathlon Cup Miyazaki,2,sprint,false_alarm,39264,,6,11,-5,3078.9999101122366,3322.0,0.19605341110690722,56,0.4
194209,674185,2025 World Triathlon Cup Miyazaki,2,sprint,false_alarm,49411,,1,25,-24,3056.151003490988,3349.0,0.15203668326213546,56,0.4
194209,674185,2025 World Triathlon Cup Miyazaki,2,sprint,false_alarm,96040,,3,12,-9,3107.527588511745,3324.0,0.19043038075185378,56,0.4
194209,674185,2025 World Triathlon Cup Miyazaki,2,sprint,false_alarm,98547,,7,18,-11,3135.4206556079766,3337.0,0.19394459829232005,56,0.4
194209,674185,2025 World Triathlon Cup Miyazaki,2,sprint,false_alarm,74423,,9,34,-25,3094.191468706289,3370.0,0.22266355402902557,56,0.4
194209,674185,2025 World Triathlon Cup Miyazaki,2,sprint,false_alarm,158362,,10,16,-6,3064.79893957232,3333.0,0.23157002115327635,56,0.4
195007,676294,2025 World Triathlon Cup San Pedro de la Paz,2,sprint,missed,83081,,16,9,7,3314.611617692515,3307.0,0.2268986434539084,57,0.6
195007,676294,2025 World Triathlon Cup San Pedro de la Paz,2,sprint,missed,171947,,19,10,9,3341.4559653418473,3310.0,0.2709751700823202,57,0.6
195007,676294,2025 World Triathlon Cup San Pedro de la Paz,2,sprint,missed,92430,,13,4,9,3312.2377420667985,3301.0,0.2891000919004987,57,0.6
195007,676294,2025 World Triathlon Cup San Pedro de la Paz,2,sprint,missed,116279,,12,3,9,3286.1759786514667,3300.0,0.2363141630802836,57,0.6
195007,676294,2025 World Triathlon Cup San Pedro de la Paz,2,sprint,false_alarm,93402,,8,14,-6,3344.0451315891005,3320.0,0.2164681725777553,57,0.6
195007,676294,2025 World Triathlon Cup San Pedro de la Paz,2,sprint,false_alarm,98130,,8,17,-9,3339.049636338461,3329.0,0.134781891526375,57,0.6
195007,676294,2025 World Triathlon Cup San Pedro de la Paz,2,sprint,false_alarm,56027,,5,11,-6,3298.2810341120503,3314.0,0.2169196744577702,57,0.6
195007,676294,2025 World Triathlon Cup San Pedro de la Paz,2,sprint,false_alarm,173756,,6,18,-12,3346.5403461992623,3333.0,0.20265299822941532,57,0.6
194209,674186,2025 World Triathlon Cup Miyazaki,2,sprint,missed,73429,,34,9,25,3566.072605108192,3670.0,0.6690704344639169,44,0.6
194209,674186,2025 World Triathlon Cup Miyazaki,2,sprint,missed,132893,,18,10,8,3553.341804586291,3678.0,0.37463344218160155,44,0.6
194209,674186,2025 World Triathlon Cup Miyazaki,2,sprint,missed,123501,,15,6,9,3533.9973205636625,3648.0,0.41342238566874245,44,0.6
194209,674186,2025 World Triathlon Cup Miyazaki,2,sprint,missed,80309,,11,8,3,3431.899113628173,3660.0,0.34510413424384834,44,0.6
194209,674186,2025 World Triathlon Cup Miyazaki,2,sprint,false_alarm,79637,,8,15,-7,3560.4696396526897,3715.0,0.3095072612359685,44,0.6
194209,674186,2025 World Triathlon Cup Miyazaki,2,sprint,false_alarm,124901,,7,22,-15,3485.8507070141004,3736.0,0.30783102596074713,44,0.6
194209,674186,2025 World Triathlon Cup Miyazaki,2,sprint,false_alarm,186318,,8,12,-4,3457.0080603322676,3682.0,0.310245383647379,44,0.6
194209,674186,2025 World Triathlon Cup Miyazaki,2,sprint,false_alarm,96687,,2,11,-9,3475.120686982995,3680.0,0.15868203260242436,44,0.6
195007,676295,2025 World Triathlon Cup San Pedro de la Paz,2,sprint,missed,133284,,25,10,15,3572.757619438571,3734.0,0.5017269069306439,42,0.7
195007,676295,2025 World Triathlon Cup San Pedro de la Paz,2,sprint,missed,123462,,13,8,5,3423.3213017628987,3714.0,0.3715705958108398,42,0.7
195007,676295,2025 World Triathlon Cup San Pedro de la Paz,2,sprint,missed,119359,,12,9,3,3561.415929135722,3729.0,0.33648885736873296,42,0.7
195007,676295,2025 World Triathlon Cup San Pedro de la Paz,2,sprint,false_alarm,106305,,4,22,-18,3470.609859516162,3840.0,0.1948227112696715,42,0.7
195007,676295,2025 World Triathlon Cup San Pedro de la Paz,2,sprint,false_alarm,81882,,11,16,-5,3515.511023849057,3767.0,0.32070268058476975,42,0.7
195007,676295,2025 World Triathlon Cup San Pedro de la Paz,2,sprint,false_alarm,69055,,9,12,-3,3480.3718596159997,3741.0,0.23007622228475821,42,0.7
194207,674180,2025 World Triathlon Cup Tongyeong,2,sprint,missed,160628,,12,4,8,3109.232131804786,3079.0,0.23767687687341255,58,0.6
194207,674180,2025 World Triathlon Cup Tongyeong,2,sprint,missed,169633,,11,5,6,3094.5735867040094,3081.0,0.2707567440023506,58,0.6
194207,674180,2025 World Triathlon Cup Tongyeong,2,sprint,missed,160772,,19,6,13,3106.707892892116,3082.0,0.4073094997937441,58,0.6
194207,674180,2025 World Triathlon Cup Tongyeong,2,sprint,missed,165174,,14,9,5,3099.9254014986404,3094.0,0.29151320244909046,58,0.6
194207,674180,2025 World Triathlon Cup Tongyeong,2,sprint,false_alarm,80601,,4,35,-31,3068.3239387820827,3239.0,0.1623682325433887,58,0.6
194207,674180,2025 World Triathlon Cup Tongyeong,2,sprint,false_alarm,107730,,1,12,-11,3023.508841378348,3109.0,0.0868808733753971,58,0.6
194207,674180,2025 World Triathlon Cup Tongyeong,2,sprint,false_alarm,98547,,5,24,-19,3135.525192252335,3142.0,0.14834178491419436,58,0.6
194207,674180,2025 World Triathlon Cup Tongyeong,2,sprint,false_alarm,92397,,8,11,-3,3121.930638252701,3107.0,0.21852101154281495,58,0.6
195093,676493,2025 World Triathlon Cup Florianopolis,2,sprint,missed,33705,,12,4,8,3089.40881204028,3223.0,0.2984074927831292,58,0.7
195093,676493,2025 World Triathlon Cup Florianopolis,2,sprint,missed,98124,,13,8,5,3125.5427929554758,3242.0,0.29908829729926817,58,0.7
195093,676493,2025 World Triathlon Cup Florianopolis,2,sprint,missed,159183,,13,9,4,3079.4173797221515,3244.0,0.38197962552887693,58,0.7
195093,676493,2025 World Triathlon Cup Florianopolis,2,sprint,false_alarm,83081,,11,44,-33,3036.059897164848,3437.0,0.24793007080594343,58,0.7
195093,676493,2025 World Triathlon Cup Florianopolis,2,sprint,false_alarm,93402,,7,16,-9,3112.809695966672,3277.0,0.24685675713061364,58,0.7
195093,676493,2025 World Triathlon Cup Florianopolis,2,sprint,false_alarm,132948,,10,14,-4,3102.230256362341,3267.0,0.26305002282887335,58,0.7
194207,674181,2025 World Triathlon Cup Tongyeong,2,sprint,missed,132893,,13,9,4,3510.848370237489,3552.0,0.3370349389700399,48,0.7
194207,674181,2025 World Triathlon Cup Tongyeong,2,sprint,missed,123501,,11,3,8,3549.347265581461,3521.0,0.29378181328118863,48,0.7
194207,674181,2025 World Triathlon Cup Tongyeong,2,sprint,missed,64903,,17,8,9,3525.8605728511075,3545.0,0.4111689054586463,48,0.7
194207,674181,2025 World Triathlon Cup Tongyeong,2,sprint,false_alarm,79637,,7,16,-9,3549.1617265513823,3585.0,0.30746752714679676,48,0.7
194207,674181,2025 World Triathlon Cup Tongyeong,2,sprint,false_alarm,123626,,7,14,-7,3479.463169754631,3570.0,0.32028303138438075,48,0.7
194207,674181,2025 World Triathlon Cup Tongyeong,2,sprint,false_alarm,124901,,6,15,-9,3554.833658221002,3576.0,0.28474157904571684,48,0.7
195093,676494,2025 World Triathlon Cup Florianopolis,2,sprint,missed,124520,,16,8,8,3592.914438181233,3635.0,0.48654140403886753,33,0.7
195093,676494,2025 World Triathlon Cup Florianopolis,2,sprint,missed,189514,,11,9,2,3547.5503225128177,3643.0,0.38129156863807195,33,0.7
195093,676494,2025 World Triathlon Cup Florianopolis,2,sprint,missed,139912,,13,10,3,3581.786440385671,3644.0,0.4263345465165401,33,0.7
195093,676494,2025 World Triathlon Cup Florianopolis,2,sprint,false_alarm,25176,,9,17,-8,3690.031518223614,3719.0,0.3582050115976355,33,0.7
195093,676494,2025 World Triathlon Cup Florianopolis,2,sprint,false_alarm,124609,,9,32,-23,3579.799361042633,4056.0,0.34351783193810714,33,0.7
195093,676494,2025 World Triathlon Cup Florianopolis,2,sprint,false_alarm,81882,,6,12,-6,3513.8593464889814,3653.0,0.2899059270556424,33,0.7
194288,673897,2025 Africa Triathlon Premium Cup Larache,3,sprint,missed,166568,,11,7,4,3280.816990270285,3387.0,0.3584370093754102,50,0.6
194288,673897,2025 Africa Triathlon Premium Cup Larache,3,sprint,missed,158313,,11,6,5,3299.9978183598823,3380.0,0.33228138898781817,50,0.6
194288,673897,2025 Africa Triathlon Premium Cup Larache,3,sprint,missed,158867,,22,9,13,3485.8761622592665,3392.0,0.49669874028381694,50,0.6
194288,673897,2025 Africa Triathlon Premium Cup Larache,3,sprint,missed,158456,,24,8,16,3343.002881695527,3387.0,0.4854071050547607,50,0.6
194288,673897,2025 Africa Triathlon Premium Cup Larache,3,sprint,false_alarm,93494,,7,25,-18,3192.681752991519,3492.0,0.19715287697080355,50,0.6
194288,673897,2025 Africa Triathlon Premium Cup Larache,3,sprint,false_alarm,132947,,11,13,-2,3337.357780445476,3425.0,0.3383239298103909,50,0.6
194288,673897,2025 Africa Triathlon Premium Cup Larache,3,sprint,false_alarm,116814,,9,21,-12,3304.364838739768,3468.0,0.3207485677802628,50,0.6
194288,673897,2025 Africa Triathlon Premium Cup Larache,3,sprint,false_alarm,158271,,8,11,-3,3307.3608029368634,3409.0,0.2637675988271882,50,0.6
194288,673898,2025 Africa Triathlon Premium Cup Larache,3,sprint,missed,159181,,21,10,11,3810.9509487937385,3882.0,0.4393323902553052,31,0.7
194288,673898,2025 Africa Triathlon Premium Cup Larache,3,sprint,missed,132458,,16,7,9,3632.3581288147743,3822.0,0.37052907595166645,31,0.7
194288,673898,2025 Africa Triathlon Premium Cup Larache,3,sprint,missed,141381,,18,9,9,3699.19105990919,3879.0,0.46112951961451376,31,0.7
194288,673898,2025 Africa Triathlon Premium Cup Larache,3,sprint,false_alarm,83986,,9,17,-8,3773.0953008516053,3961.0,0.3782622221248008,31,0.7
194288,673898,2025 Africa Triathlon Premium Cup Larache,3,sprint,false_alarm,70988,,5,12,-7,3786.3672542081586,3915.0,0.19735602435687236,31,0.7
194288,673898,2025 Africa Triathlon Premium Cup Larache,3,sprint,false_alarm,124447,,11,14,-3,3721.437281390752,3930.0,0.3687131799128891,31,0.7
194916,673902,2025 Americas Triathlon Cup Magog,3,sprint,missed,55960,,13,10,3,3211.5885362204467,3377.0,0.2936090466066254,66,0.7
194916,673902,2025 Americas Triathlon Cup Magog,3,sprint,missed,178178,,15,5,10,3209.8893143033206,3347.0,0.33307770662788616,66,0.7
194916,673902,2025 Americas Triathlon Cup Magog,3,sprint,missed,190835,,16,1,15,3210.7622435598782,3331.0,0.2729797216237707,66,0.7
194916,673902,2025 Americas Triathlon Cup Magog,3,sprint,false_alarm,103256,,10,12,-2,3236.000782409831,3384.0,0.21300443699518698,66,0.7
194916,673902,2025 Americas Triathlon Cup Magog,3,sprint,false_alarm,103075,,7,23,-16,3139.6344938553843,3419.0,0.17634631829059128,66,0.7
194916,673902,2025 Americas Triathlon Cup Magog,3,sprint,false_alarm,41831,,9,11,-2,3203.2616925397797,3378.0,0.22220841144058545,66,0.7
194916,673903,2025 Americas Triathlon Cup Magog,3,sprint,missed,175113,,13,7,6,3725.0592294483577,3811.0,0.4144734579608168,41,0.8
194916,673903,2025 Americas Triathlon Cup Magog,3,sprint,missed,177162,,12,10,2,3746.6901087177084,3865.0,0.42565187971483964,41,0.8
194916,673903,2025 Americas Triathlon Cup Magog,3,sprint,false_alarm,162897,,10,11,-1,3806.470806662607,3906.0,0.37994380303272085,41,0.8
194916,673903,2025 Americas Triathlon Cup Magog,3,sprint,false_alarm,175217,,8,12,-4,3640.6899309124924,3914.0,0.3496840937493243,41,0.8
194870,674270,2025 Americas Triathlon Cup Montreal,3,sprint,missed,103256,,12,8,4,3322.5266096467026,3133.0,0.2606074320354645,66,0.9
194870,674270,2025 Americas Triathlon Cup Montreal,3,sprint,false_alarm,98126,,8,16,-8,3287.050315664768,3168.0,0.22618428586591718,66,0.9
194870,674271,2025 Americas Triathlon Cup Montreal,3,sprint,missed,167043,,14,9,5,3757.7104987480116,3518.0,0.4111301788784271,53,0.9
194870,674271,2025 Americas Triathlon Cup Montreal,3,sprint,false_alarm,143348,,10,16,-6,3579.256348064943,3589.0,0.3358820601520713,53,0.9
194968,675220,2025 Americas Triathlon Cup Kelowna,3,sprint,missed,113383,,15,8,7,3294.578212212534,3241.0,0.35211633805659454,61,0.9
194968,675220,2025 Americas Triathlon Cup Kelowna,3,sprint,false_alarm,124358,,9,12,-3,3234.7037428127037,3262.0,0.21593507131502393,61,0.9
194968,675221,2025 Americas Triathlon Cup Kelowna,3,sprint,missed,190929,,13,9,4,3648.5830710247733,3720.0,0.4347448282601373,39,0.8
194968,675221,2025 Americas Triathlon Cup Kelowna,3,sprint,missed,124447,,13,6,7,3600.001154252991,3698.0,0.3792849099188155,39,0.8
194968,675221,2025 Americas Triathlon Cup Kelowna,3,sprint,false_alarm,175217,,10,13,-3,3604.3837404679457,3739.0,0.30749929259387315,39,0.8
194968,675221,2025 Americas Triathlon Cup Kelowna,3,sprint,false_alarm,124359,,8,15,-7,3657.747038889327,3758.0,0.2187263165693516,39,0.8
194442,673932,2025 Africa Triathlon Cup Oran,3,sprint,missed,110704,,11,4,7,3438.8978917111294,3187.0,0.46866761705834364,23,0.8
194442,673932,2025 Africa Triathlon Cup Oran,3,sprint,missed,160745,,11,10,1,3457.730377385151,3220.0,0.5004658867899708,23,0.8
194442,673932,2025 Africa Triathlon Cup Oran,3,sprint,false_alarm,113747,,10,11,-1,3417.8079753116936,3223.0,0.3882494120270243,23,0.8
194442,673932,2025 Africa Triathlon Cup Oran,3,sprint,false_alarm,106804,,3,13,-10,3357.6241761954084,3240.0,0.1885317855337501,23,0.8
194442,673933,2025 Africa Triathlon Cup Oran,3,sprint,missed,161242,,14,10,4,3932.3868315021587,3601.0,0.5446042477875774,17,0.7
194442,673933,2025 Africa Triathlon Cup Oran,3,sprint,missed,95518,,12,9,3,3971.336397041845,3588.0,0.5790623501251104,17,0.7
194442,673933,2025 Africa Triathlon Cup Oran,3,sprint,missed,160951,,15,7,8,4023.5728131560445,3574.0,0.5931738183409625,17,0.7
194442,673933,2025 Africa Triathlon Cup Oran,3,sprint,false_alarm,148768,,10,12,-2,4037.417392292633,3603.0,0.4206297134386922,17,0.7
194442,673933,2025 Africa Triathlon Cup Oran,3,sprint,false_alarm,89986,,9,15,-6,3882.0609486412286,3845.0,0.49365391252434,17,0.7
194442,673933,2025 Africa Triathlon Cup Oran,3,sprint,false_alarm,162670,,11,14,-3,3737.950755173435,3725.0,0.5948727305329744,17,0.7
194744,674340,2025 Asia Triathlon Cup Gamagori,3,sprint,missed,186340,,15,10,5,3340.354873938067,3238.0,0.2774436968581849,66,0.8
194744,674340,2025 Asia Triathlon Cup Gamagori,3,sprint,missed,144247,,12,3,9,3307.375978247963,3147.0,0.2397063099951823,66,0.8
194744,674340,2025 Asia Triathlon Cup Gamagori,3,sprint,false_alarm,163850,,3,15,-12,3326.422463065868,3251.0,0.15449295166847504,66,0.8
194744,674340,2025 Asia Triathlon Cup Gamagori,3,sprint,false_alarm,163852,,4,16,-12,3357.3198971272186,3265.0,0.16705278705071486,66,0.8
194744,674341,2025 Asia Triathlon Cup Gamagori,3,sprint,missed,166118,,15,7,8,3883.9229638296047,3636.0,0.3960736513112781,55,0.5
194744,674341,2025 Asia Triathlon Cup Gamagori,3,sprint,missed,175021,,10,3,7,3787.5462062668757,3622.0,0.28534084599408766,55,0.5
194744,674341,2025 Asia Triathlon Cup Gamagori,3,sprint,missed,84143,,19,5,14,3897.0126592320244,3626.0,0.4364129942551576,55,0.5
194744,674341,2025 Asia Triathlon Cup Gamagori,3,sprint,missed,194236,,19,8,11,3829.415019144693,3641.0,0.4826879839812585,55,0.5
194744,674341,2025 Asia Triathlon Cup Gamagori,3,sprint,missed,86333,,10,10,0,3825.647494445563,3647.0,0.28896665756456735,55,0.5
194744,674341,2025 Asia Triathlon Cup Gamagori,3,sprint,false_alarm,174533,,8,34,-26,3808.3750945411434,3761.0,0.3262887656214405,55,0.5
194744,674341,2025 Asia Triathlon Cup Gamagori,3,sprint,false_alarm,109512,,9,11,-2,3800.2004293725245,3653.0,0.23140722681563936,55,0.5
194744,674341,2025 Asia Triathlon Cup Gamagori,3,sprint,false_alarm,177997,,2,27,-25,3702.192216068818,3744.0,0.10499512399847033,55,0.5
194744,674341,2025 Asia Triathlon Cup Gamagori,3,sprint,false_alarm,104179,,5,12,-7,3753.1894903865696,3655.0,0.18960369961663678,55,0.5
194744,674341,2025 Asia Triathlon Cup Gamagori,3,sprint,false_alarm,124447,,10,16,-6,3744.6806290561703,3676.0,0.2927951753171596,55,0.5
194294,673942,2025 Africa Triathlon Cup Taghazout,3,sprint,missed,125002,,15,9,6,3395.5987487019192,3290.0,0.3612086131499101,47,0.8
194294,673942,2025 Africa Triathlon Cup Taghazout,3,sprint,missed,175773,,18,8,10,3429.891153932721,3289.0,0.3697003956654034,47,0.8
194294,673942,2025 Africa Triathlon Cup Taghazout,3,sprint,false_alarm,135249,,5,13,-8,3363.024092638316,3305.0,0.26872604298923847,47,0.8
194294,673942,2025 Africa Triathlon Cup Taghazout,3,sprint,false_alarm,116926,,7,30,-23,3330.9933000359883,3444.0,0.30511669654931467,47,0.8
194294,673943,2025 Africa Triathlon Cup Taghazout,3,sprint,missed,158865,,24,4,20,3521.760488490981,3699.0,0.714986263645928,20,0.6
194294,673943,2025 Africa Triathlon Cup Taghazout,3,sprint,missed,132194,,14,8,6,3644.418999535386,3742.0,0.5649078464335008,20,0.6
194294,673943,2025 Africa Triathlon Cup Taghazout,3,sprint,missed,137277,,12,9,3,3624.647386819932,3760.0,0.5156716127367476,20,0.6
194294,673943,2025 Africa Triathlon Cup Taghazout,3,sprint,missed,160951,,20,6,14,3576.9119820916344,3715.0,0.7892923649991022,20,0.6
194294,673943,2025 Africa Triathlon Cup Taghazout,3,sprint,false_alarm,128034,,10,12,-2,3462.7465872924113,3792.0,0.42227485437323653,20,0.6
194294,673943,2025 Africa Triathlon Cup Taghazout,3,sprint,false_alarm,190635,,5,18,-13,3556.1371728649833,3931.0,0.3192947200604809,20,0.6
194294,673943,2025 Africa Triathlon Cup Taghazout,3,sprint,false_alarm,163834,,9,16,-7,3542.290459393089,3860.0,0.44722868779654656,20,0.6
194294,673943,2025 Africa Triathlon Cup Taghazout,3,sprint,false_alarm,185074,,7,11,-4,3353.1523892712967,3785.0,0.37946686268586544,20,0.6
194741,674345,2025 Asia Triathlon Cup Turkestan,3,standard,missed,136122,,11,9,2,6923.719466963551,6341.0,0.5570147200170171,18,0.7
194741,674345,2025 Asia Triathlon Cup Turkestan,3,standard,missed,168926,,15,8,7,3920.3830769230763,6335.0,0.6975443253811306,18,0.7
194741,674345,2025 Asia Triathlon Cup Turkestan,3,standard,missed,116919,,13,10,3,7391.377745371738,6348.0,0.6471539091685626,18,0.7
194741,674345,2025 Asia Triathlon Cup Turkestan,3,standard,false_alarm,171490,,8,13,-5,7168.763909257548,6477.0,0.4874211403125923,18,0.7
194741,674345,2025 Asia Triathlon Cup Turkestan,3,standard,false_alarm,136780,,9,12,-3,7267.941718607591,6420.0,0.5336022827679222,18,0.7
194741,674345,2025 Asia Triathlon Cup Turkestan,3,standard,false_alarm,170774,,7,17,-10,3313.7995260663506,6713.0,0.5038238926633598,18,0.7
194743,673957,2025 Asia Triathlon Cup Yilan,3,sprint,missed,143481,,16,10,6,3260.8091655816725,3208.0,0.3006457512429246,56,0.6
194743,673957,2025 Asia Triathlon Cup Yilan,3,sprint,missed,169892,,20,8,12,3308.7082929076832,3158.0,0.3577727753139165,56,0.6
194743,673957,2025 Asia Triathlon Cup Yilan,3,sprint,missed,109796,,21,6,15,3295.6362433308277,3148.0,0.42415282539074783,56,0.6
194743,673957,2025 Asia Triathlon Cup Yilan,3,sprint,missed,113383,,14,7,7,3294.7383356742034,3156.0,0.29558266135520717,56,0.6
194743,673957,2025 Asia Triathlon Cup Yilan,3,sprint,false_alarm,6777,,6,12,-6,3350.874250905784,3219.0,0.18740275082444793,56,0.6
194743,673957,2025 Asia Triathlon Cup Yilan,3,sprint,false_alarm,95498,,9,11,-2,3255.485188264676,3217.0,0.16687701791259468,56,0.6
194743,673957,2025 Asia Triathlon Cup Yilan,3,sprint,false_alarm,144053,,2,16,-14,3286.8709081091038,3235.0,0.027515464394895647,56,0.6
194743,673957,2025 Asia Triathlon Cup Yilan,3,sprint,false_alarm,102726,,8,13,-5,3373.56195316693,3226.0,0.2253301725738568,56,0.6
194743,673958,2025 Asia Triathlon Cup Yilan,3,sprint,missed,96121,,15,9,6,3668.179135080516,3559.0,0.481651860630019,33,0.7
194743,673958,2025 Asia Triathlon Cup Yilan,3,sprint,missed,169874,,14,5,9,3610.1498574291836,3532.0,0.5262591953297905,33,0.7
194743,673958,2025 Asia Triathlon Cup Yilan,3,sprint,missed,195910,,12,10,2,3560.6050940670825,3565.0,0.42809341233971904,33,0.7
194743,673958,2025 Asia Triathlon Cup Yilan,3,sprint,false_alarm,109512,,4,14,-10,3604.5822069310598,3649.0,0.2932300803234386,33,0.7
194743,673958,2025 Asia Triathlon Cup Yilan,3,sprint,false_alarm,6780,,6,13,-7,3645.7080396410206,3632.0,0.31206264647737775,33,0.7
194743,673958,2025 Asia Triathlon Cup Yilan,3,sprint,false_alarm,124447,,8,11,-3,3595.7366932524274,3588.0,0.32793318407013444,33,0.7
194295,674353,2025 Africa Triathlon Cup and Pan-Arab Championships Hurghada,3,sprint,missed,158456,,18,5,13,3343.7372595976626,3194.0,0.3968303778501335,35,0.7
194295,674353,2025 Africa Triathlon Cup and Pan-Arab Championships Hurghada,3,sprint,missed,92017,,12,10,2,3369.5719930579667,3224.0,0.3334184434146409,35,0.7
194295,674353,2025 Africa Triathlon Cup and Pan-Arab Championships Hurghada,3,sprint,missed,168922,,17,8,9,3437.3854143084086,3214.0,0.380247101011702,35,0.7
194295,674353,2025 Africa Triathlon Cup and Pan-Arab Championships Hurghada,3,sprint,false_alarm,116679,,6,29,-23,3382.698214479191,3535.0,0.2656138352920406,35,0.7
194295,674353,2025 Africa Triathlon Cup and Pan-Arab Championships Hurghada,3,sprint,false_alarm,171485,,8,14,-6,3348.5828357823634,3248.0,0.2440785378644471,35,0.7
194295,674353,2025 Africa Triathlon Cup and Pan-Arab Championships Hurghada,3,sprint,false_alarm,85863,,6,21,-15,3374.381794549795,3302.0,0.23064647227902207,35,0.7
194295,674354,2025 Africa Triathlon Cup and Pan-Arab Championships Hurghada,3,sprint,missed,125368,,13,8,5,3746.3117705945183,3753.0,0.6524008384091072,24,0.9
194295,674354,2025 Africa Triathlon Cup and Pan-Arab Championships Hurghada,3,sprint,false_alarm,116273,,1,12,-11,3881.5773273906057,3819.0,0.2903577936948247,24,0.9
194272,673967,2025 Europe Triathlon Cup Ceuta,3,sprint,missed,119073,,17,6,11,3437.204579116583,3285.0,0.36119456765149643,59,0.4
194272,673967,2025 Europe Triathlon Cup Ceuta,3,sprint,missed,140772,,19,5,14,3502.42269145186,3282.0,0.3821028834928213,59,0.4
194272,673967,2025 Europe Triathlon Cup Ceuta,3,sprint,missed,165163,,19,8,11,3288.81060349598,3291.0,0.4066620950562683,59,0.4
194272,673967,2025 Europe Triathlon Cup Ceuta,3,sprint,missed,133261,,14,4,10,3291.1842762588426,3280.0,0.3318661668007919,59,0.4
194272,673967,2025 Europe Triathlon Cup Ceuta,3,sprint,missed,158227,,14,9,5,3274.349850944256,3294.0,0.3436593219134407,59,0.4
194272,673967,2025 Europe Triathlon Cup Ceuta,3,sprint,missed,175764,,22,7,15,3495.2135053357742,3289.0,0.43271582019403715,59,0.4
194272,673967,2025 Europe Triathlon Cup Ceuta,3,sprint,false_alarm,86080,,2,13,-11,3242.0372436991674,3307.0,0.1481247463043863,59,0.4
194272,673967,2025 Europe Triathlon Cup Ceuta,3,sprint,false_alarm,158313,,9,23,-14,3273.068115542016,3334.0,0.31580455469338187,59,0.4
194272,673967,2025 Europe Triathlon Cup Ceuta,3,sprint,false_alarm,125289,,10,17,-7,3284.993485375606,3321.0,0.3408008616182866,59,0.4
194272,673967,2025 Europe Triathlon Cup Ceuta,3,sprint,false_alarm,165069,,4,11,-7,3222.1855412890664,3303.0,0.22677515985839242,59,0.4
194272,673967,2025 Europe Triathlon Cup Ceuta,3,sprint,false_alarm,162137,,8,12,-4,3351.3021196146165,3306.0,0.3269844174498413,59,0.4
194272,673967,2025 Europe Triathlon Cup Ceuta,3,sprint,false_alarm,163519,,7,34,-27,3304.5415206664006,3360.0,0.3259180943147033,59,0.4
194272,673968,2025 Europe Triathlon Cup Ceuta,3,sprint,missed,190112,,11,5,6,3964.696869928822,3755.0,0.33684738790324864,34,0.8
194272,673968,2025 Europe Triathlon Cup Ceuta,3,sprint,missed,159799,,13,10,3,3901.4732080539434,3798.0,0.37945642679035796,34,0.8
194272,673968,2025 Europe Triathlon Cup Ceuta,3,sprint,false_alarm,151992,,4,11,-7,3764.5816253690637,3804.0,0.22457885118533383,34,0.8
194272,673968,2025 Europe Triathlon Cup Ceuta,3,sprint,false_alarm,79637,,3,13,-10,3683.7927541116433,3826.0,0.15815532575577662,34,0.8
194317,673998,2025 Africa Triathlon Cup Kilifi,3,sprint,missed,169330,,15,9,6,3478.175090581089,3794.0,0.6481853557759035,23,0.8
194317,673998,2025 Africa Triathlon Cup Kilifi,3,sprint,missed,193174,,15,10,5,3451.657359055974,3828.0,0.6724954158890762,23,0.8
194317,673998,2025 Africa Triathlon Cup Kilifi,3,sprint,false_alarm,106804,,5,11,-6,3291.163719574226,3940.0,0.3041803953713728,23,0.8
194317,673998,2025 Africa Triathlon Cup Kilifi,3,sprint,false_alarm,144143,,12,12,0,3368.8869852500984,4108.0,0.6297669079388019,23,0.8
194905,673978,2025 Europe Triathlon Cup Tenerife - Santa Cruz,3,sprint,missed,133261,,20,9,11,3271.3373510419588,3064.0,0.3450813412477595,63,0.5
194905,673978,2025 Europe Triathlon Cup Tenerife - Santa Cruz,3,sprint,missed,96111,,15,8,7,3170.351393205166,3061.0,0.2813513412626294,63,0.5
194905,673978,2025 Europe Triathlon Cup Tenerife - Santa Cruz,3,sprint,missed,149810,,23,5,18,3221.20074961237,3055.0,0.3523429463065538,63,0.5
194905,673978,2025 Europe Triathlon Cup Tenerife - Santa Cruz,3,sprint,missed,165174,,12,7,5,3264.6824679835127,3059.0,0.2515127729741222,63,0.5
194905,673978,2025 Europe Triathlon Cup Tenerife - Santa Cruz,3,sprint,missed,163519,,22,3,19,3230.692900018927,3050.0,0.3618421439695555,63,0.5
194905,673978,2025 Europe Triathlon Cup Tenerife - Santa Cruz,3,sprint,false_alarm,86080,,4,21,-17,3232.4465897679393,3089.0,0.14265986086608132,63,0.5
194905,673978,2025 Europe Triathlon Cup Tenerife - Santa Cruz,3,sprint,false_alarm,39908,,5,31,-26,3200.144660018952,3122.0,0.16902121634089545,63,0.5
194905,673978,2025 Europe Triathlon Cup Tenerife - Santa Cruz,3,sprint,false_alarm,116391,,9,61,-52,3169.760139190831,3351.0,0.18381805946257007,63,0.5
194905,673978,2025 Europe Triathlon Cup Tenerife - Santa Cruz,3,sprint,false_alarm,106810,,8,43,-35,3206.9657990864116,3160.0,0.21840499111077621,63,0.5
194905,673978,2025 Europe Triathlon Cup Tenerife - Santa Cruz,3,sprint,false_alarm,47611,,10,11,-1,3156.4542334843177,3075.0,0.20876579046925603,63,0.5
194905,673979,2025 Europe Triathlon Cup Tenerife - Santa Cruz,3,sprint,missed,106848,,12,6,6,3610.8858679946143,3494.0,0.2740207209813574,65,0.7
194905,673979,2025 Europe Triathlon Cup Tenerife - Santa Cruz,3,sprint,missed,170914,,11,5,6,3641.198869570813,3489.0,0.23027395567782724,65,0.7
194905,673979,2025 Europe Triathlon Cup Tenerife - Santa Cruz,3,sprint,missed,186934,,32,10,22,3634.3999524985584,3522.0,0.47514315505162175,65,0.7
194905,673979,2025 Europe Triathlon Cup Tenerife - Santa Cruz,3,sprint,false_alarm,111232,,7,29,-22,3534.865613298929,3564.0,0.16976993421441844,65,0.7
194905,673979,2025 Europe Triathlon Cup Tenerife - Santa Cruz,3,sprint,false_alarm,96506,,5,27,-22,3559.315691017121,3560.0,0.1675951664394459,65,0.7
194905,673979,2025 Europe Triathlon Cup Tenerife - Santa Cruz,3,sprint,false_alarm,84871,,8,21,-13,3449.5060244277784,3548.0,0.23530031494742684,65,0.7
194997,676055,2025 Asia Triathlon Cup Chongqing,3,standard,missed,136364,,19,7,12,7008.549158134589,7078.0,0.7085278029763407,27,0.9
194997,676055,2025 Asia Triathlon Cup Chongqing,3,standard,false_alarm,102726,,11,14,-3,6697.612334627088,7303.0,0.40282773634981534,27,0.9
194737,674368,2025 Asia Triathlon Cup Kota Kinabalu,3,sprint,missed,186112,,25,10,15,3472.679207161572,3397.0,0.5324080927163324,44,0.8
194737,674368,2025 Asia Triathlon Cup Kota Kinabalu,3,sprint,missed,166177,,17,9,8,3456.225267588534,3393.0,0.4186053588598621,44,0.8
194737,674368,2025 Asia Triathlon Cup Kota Kinabalu,3,sprint,false_alarm,94378,,8,11,-3,3292.303157777263,3400.0,0.2442619127556795,44,0.8
194737,674368,2025 Asia Triathlon Cup Kota Kinabalu,3,sprint,false_alarm,178019,,7,12,-5,3388.4470249446126,3412.0,0.2435373289442409,44,0.8
194737,674369,2025 Asia Triathlon Cup Kota Kinabalu,3,sprint,missed,186871,,14,5,9,3809.059029907509,3915.0,0.7828094992542063,21,0.9
194737,674369,2025 Asia Triathlon Cup Kota Kinabalu,3,sprint,false_alarm,118919,,7,11,-4,3776.5051091738655,3988.0,0.4545293583794922,21,0.9
194273,673983,2025 Europe Triathlon Cup Alanya,3,sprint,missed,116387,,31,4,27,3287.4215735262305,2910.0,0.4754438889997363,64,0.5
194273,673983,2025 Europe Triathlon Cup Alanya,3,sprint,missed,136103,,41,7,34,3353.562467574979,2937.0,0.4936987461972735,64,0.5
194273,673983,2025 Europe Triathlon Cup Alanya,3,sprint,missed,163625,,17,6,11,3332.6525579565678,2927.0,0.3323169251965634,64,0.5
194273,673983,2025 Europe Triathlon Cup Alanya,3,sprint,missed,125002,,26,5,21,3307.5406842053117,2916.0,0.3829124307466554,64,0.5
194273,673983,2025 Europe Triathlon Cup Alanya,3,sprint,missed,185047,,23,10,13,3323.1658953372203,2944.0,0.42035457485722394,64,0.5
194273,673983,2025 Europe Triathlon Cup Alanya,3,sprint,false_alarm,46791,,4,38,-34,3278.8856634014323,2997.0,0.20959922382935087,64,0.5
194273,673983,2025 Europe Triathlon Cup Alanya,3,sprint,false_alarm,83242,,8,42,-34,3305.3077077171674,3011.0,0.24515691524839656,64,0.5
194273,673983,2025 Europe Triathlon Cup Alanya,3,sprint,false_alarm,168496,,11,13,-2,3286.1905797716663,2951.0,0.25141442826501953,64,0.5
194273,673983,2025 Europe Triathlon Cup Alanya,3,sprint,false_alarm,73393,,6,11,-5,3299.951998077202,2946.0,0.14068510421024547,64,0.5
194273,673983,2025 Europe Triathlon Cup Alanya,3,sprint,false_alarm,149810,,6,16,-10,3283.6477891558056,2957.0,0.24510368085324663,64,0.5
195058,676345,2025 Americas Triathlon Cup Iquique,3,sprint,missed,175528,,25,5,20,3467.649051113982,3090.0,0.37826659339815755,51,0.7
195058,676345,2025 Americas Triathlon Cup Iquique,3,sprint,missed,166876,,15,9,6,3429.7647213207074,3105.0,0.31096801146744113,51,0.7
195058,676345,2025 Americas Triathlon Cup Iquique,3,sprint,missed,168996,,13,6,7,3473.2078972925246,3092.0,0.31682348729636534,51,0.7
195058,676345,2025 Americas Triathlon Cup Iquique,3,sprint,false_alarm,132434,,9,12,-3,3361.435627066317,3112.0,0.18112789495917136,51,0.7
195058,676345,2025 Americas Triathlon Cup Iquique,3,sprint,false_alarm,110028,,5,15,-10,3315.8368727046095,3129.0,0.20232819643691646,51,0.7
195058,676345,2025 Americas Triathlon Cup Iquique,3,sprint,false_alarm,12773,,3,11,-8,3427.803112857686,3109.0,0.11788643255990729,51,0.7
194273,673984,2025 Europe Triathlon Cup Alanya,3,sprint,missed,140773,,14,6,8,3794.8985438745112,3294.0,0.37530930984065974,42,0.9
194273,673984,2025 Europe Triathlon Cup Alanya,3,sprint,false_alarm,111232,,8,14,-6,3629.6967396706864,3322.0,0.22060541059948455,42,0.9
195058,676347,2025 Americas Triathlon Cup Iquique,3,sprint,missed,163488,,13,9,4,3852.294666532912,3802.0,0.7683401683019485,16,0.8
195058,676347,2025 Americas Triathlon Cup Iquique,3,sprint,missed,187082,,16,10,6,3893.99069408144,3844.0,0.9139904987699298,16,0.8
195058,676347,2025 Americas Triathlon Cup Iquique,3,sprint,false_alarm,121666,,9,15,-6,4022.2095046312843,4057.0,0.7149151708615861,16,0.8
195058,676347,2025 Americas Triathlon Cup Iquique,3,sprint,false_alarm,178074,,9,12,-3,3939.9488201211907,3871.0,0.6470569580645854,16,0.8
194865,673633,2025 Americas Triathlon Cup Vina del Mar,3,sprint,missed,175528,,13,2,11,3259.6680168581615,3269.0,0.2481952794935745,63,0.7
194865,673633,2025 Americas Triathlon Cup Vina del Mar,3,sprint,missed,132947,,12,1,11,3188.5958536243415,3268.0,0.2773574270111846,63,0.7
194865,673633,2025 Americas Triathlon Cup Vina del Mar,3,sprint,missed,168996,,16,10,6,3270.5897753739455,3322.0,0.35763697272614836,63,0.7
194865,673633,2025 Americas Triathlon Cup Vina del Mar,3,sprint,false_alarm,90737,,9,23,-14,3237.4438121714556,3379.0,0.21947115171002168,63,0.7
194865,673633,2025 Americas Triathlon Cup Vina del Mar,3,sprint,false_alarm,110028,,6,27,-21,3176.75166674129,3397.0,0.20593706680714954,63,0.7
194865,673633,2025 Americas Triathlon Cup Vina del Mar,3,sprint,false_alarm,12773,,3,11,-8,3248.464283378133,3334.0,0.13078705200510823,63,0.7
194865,673634,2025 Americas Triathlon Cup Vina del Mar,3,sprint,missed,131272,,11,7,4,3822.604381678356,3645.0,0.4211843191627298,31,0.8
194865,673634,2025 Americas Triathlon Cup Vina del Mar,3,sprint,missed,175732,,20,8,12,3951.885494608981,3646.0,0.6151639197947174,31,0.8
194865,673634,2025 Americas Triathlon Cup Vina del Mar,3,sprint,false_alarm,133000,,11,11,0,3825.4444599123494,3672.0,0.3931848551341847,31,0.8
194865,673634,2025 Americas Triathlon Cup Vina del Mar,3,sprint,false_alarm,89986,,8,12,-4,3792.390046382943,3680.0,0.38829050193115106,31,0.8
194875,673993,2025 Americas Triathlon Cup Manta,3,sprint,missed,79840,,19,9,10,3405.628387649923,3159.0,0.3840121431713708,42,0.6
194875,673993,2025 Americas Triathlon Cup Manta,3,sprint,missed,179213,,20,7,13,3447.8246020401457,3149.0,0.4199080890994988,42,0.6
194875,673993,2025 Americas Triathlon Cup Manta,3,sprint,missed,166519,,10,10,0,3419.1180716927856,3159.0,0.2906160782624418,42,0.6
194875,673993,2025 Americas Triathlon Cup Manta,3,sprint,missed,141071,,18,6,12,3433.95622956181,3149.0,0.3279613021035981,42,0.6
194875,673993,2025 Americas Triathlon Cup Manta,3,sprint,false_alarm,39560,,3,12,-9,3290.404572052943,3168.0,0.20410072923648914,42,0.6
194875,673993,2025 Americas Triathlon Cup Manta,3,sprint,false_alarm,103075,,6,22,-16,3352.5262254752806,3222.0,0.16511843095476633,42,0.6
194875,673993,2025 Americas Triathlon Cup Manta,3,sprint,false_alarm,163852,,7,17,-10,3358.2168798936614,3195.0,0.23713022127874486,42,0.6
194875,673993,2025 Americas Triathlon Cup Manta,3,sprint,false_alarm,56054,,10,19,-9,3275.900245022325,3202.0,0.3060032751815068,42,0.6
195061,676426,2025 Americas Triathlon Cup and Iberoamerican Championships Maldonado,3,sprint,missed,103889,,16,10,6,3403.304234692237,3350.0,0.3680018646214241,43,0.6
195061,676426,2025 Americas Triathlon Cup and Iberoamerican Championships Maldonado,3,sprint,missed,172565,,17,8,9,3443.162504673902,3348.0,0.40440408562250374,43,0.6
195061,676426,2025 Americas Triathlon Cup and Iberoamerican Championships Maldonado,3,sprint,missed,166574,,12,9,3,3405.663647646329,3349.0,0.34820615422649437,43,0.6
195061,676426,2025 Americas Triathlon Cup and Iberoamerican Championships Maldonado,3,sprint,missed,165255,,18,7,11,3440.8459778586644,3344.0,0.37159064526999397,43,0.6
195061,676426,2025 Americas Triathlon Cup and Iberoamerican Championships Maldonado,3,sprint,false_alarm,55886,,7,17,-10,3358.7353512048703,3390.0,0.2311987301162404,43,0.6
195061,676426,2025 Americas Triathlon Cup and Iberoamerican Championships Maldonado,3,sprint,false_alarm,32501,,11,23,-12,3410.2922262970606,3537.0,0.3670046265541734,43,0.6
195061,676426,2025 Americas Triathlon Cup and Iberoamerican Championships Maldonado,3,sprint,false_alarm,125038,,4,14,-10,3345.2064076149018,3380.0,0.1882915510133395,43,0.6
195061,676426,2025 Americas Triathlon Cup and Iberoamerican Championships Maldonado,3,sprint,false_alarm,166519,,10,15,-5,3414.2292737467715,3381.0,0.2807035900649671,43,0.6
195061,676427,2025 Americas Triathlon Cup and Iberoamerican Championships Maldonado,3,sprint,missed,170577,,12,8,4,3866.1743648011457,3935.0,0.5931599596759813,24,0.9
195061,676427,2025 Americas Triathlon Cup and Iberoamerican Championships Maldonado,3,sprint,false_alarm,180776,,10,11,-1,3750.4434832270085,3997.0,0.4845198682348854,24,0.9
194939,674777,2025 Europe Triathlon Sprint and Relay Championships Melilla,4,sprint,missed,158272,,29,10,19,3125.5542307396627,3166.0,0.34704693526918995,63,0.6
194939,674777,2025 Europe Triathlon Sprint and Relay Championships Melilla,4,sprint,missed,123682,,21,7,14,3174.8906078977666,3159.0,0.28126352077933703,63,0.6
194939,674777,2025 Europe Triathlon Sprint and Relay Championships Melilla,4,sprint,missed,123461,,24,9,15,3203.677332010884,3166.0,0.30236104981431317,63,0.6
194939,674777,2025 Europe Triathlon Sprint and Relay Championships Melilla,4,sprint,missed,127536,,16,3,13,3190.726840588272,3139.0,0.26743598896109805,63,0.6
194939,674777,2025 Europe Triathlon Sprint and Relay Championships Melilla,4,sprint,false_alarm,70032,,2,20,-18,3134.7060818128643,3201.0,0.06530650558211848,63,0.6
194939,674777,2025 Europe Triathlon Sprint and Relay Championships Melilla,4,sprint,false_alarm,168603,,4,11,-7,3142.7374018755827,3167.0,0.1614603880664879,63,0.6
194939,674777,2025 Europe Triathlon Sprint and Relay Championships Melilla,4,sprint,false_alarm,162136,,11,17,-6,3184.0689931624506,3182.0,0.26416227450430224,63,0.6
194939,674777,2025 Europe Triathlon Sprint and Relay Championships Melilla,4,sprint,false_alarm,160628,,9,48,-39,3146.1638988964896,3361.0,0.17513199287849585,63,0.6
194939,674778,2025 Europe Triathlon Sprint and Relay Championships Melilla,4,sprint,missed,125021,,16,5,11,3518.622361119731,3480.0,0.29510931344609154,47,0.8
194939,674778,2025 Europe Triathlon Sprint and Relay Championships Melilla,4,sprint,missed,131511,,14,10,4,3599.234334801369,3527.0,0.19747344679895154,47,0.8
194939,674778,2025 Europe Triathlon Sprint and Relay Championships Melilla,4,sprint,false_alarm,132753,,4,12,-8,3379.8664876812104,3595.0,0.18796735160063033,47,0.8
194939,674778,2025 Europe Triathlon Sprint and Relay Championships Melilla,4,sprint,false_alarm,80605,,10,11,-1,3605.4795742211163,3539.0,0.2264182160614596,47,0.8
194936,674218,2025 Europe Triathlon Baltic Championships Otepää,4,sprint,missed,166793,,11,7,4,3343.7487160371975,3582.0,0.5626929117475485,33,0.8
194936,674218,2025 Europe Triathlon Baltic Championships Otepää,4,sprint,missed,166163,,13,9,4,3347.505786527715,3603.0,0.6286648904592694,33,0.8
194936,674218,2025 Europe Triathlon Baltic Championships Otepää,4,sprint,false_alarm,172064,,4,11,-7,3259.2685756725414,3646.0,0.3976314158106763,33,0.8
194936,674218,2025 Europe Triathlon Baltic Championships Otepää,4,sprint,false_alarm,180809,,10,13,-3,3352.855687338293,3665.0,0.47274671976947763,33,0.8
194936,674219,2025 Europe Triathlon Baltic Championships Otepää,4,sprint,missed,166127,,12,10,2,4027.5965412740657,4238.0,0.8220691546171632,15,0.9
194936,674219,2025 Europe Triathlon Baltic Championships Otepää,4,sprint,false_alarm,190926,,11,12,-1,3874.922749240606,4332.0,0.8263529250569065,15,0.9
194871,676311,2025 Asuncion Junior Pan-American Games,4,sprint,missed,175112,,12,8,4,3373.022127948882,3318.0,0.4331643381835616,30,0.8
194871,676311,2025 Asuncion Junior Pan-American Games,4,sprint,missed,132998,,11,9,2,3378.797021400168,3320.0,0.3033361644739625,30,0.8
194871,676311,2025 Asuncion Junior Pan-American Games,4,sprint,false_alarm,166876,,7,16,-9,3307.1936853806687,3465.0,0.2674760121625901,30,0.8
194871,676311,2025 Asuncion Junior Pan-American Games,4,sprint,false_alarm,162612,,8,15,-7,3386.595994351847,3432.0,0.2951167841794841,30,0.8
194871,676312,2025 Asuncion Junior Pan-American Games,4,sprint,missed,180037,,18,6,12,3968.0762067998457,3694.0,0.7312458106889084,27,0.9
194871,676312,2025 Asuncion Junior Pan-American Games,4,sprint,false_alarm,166489,,10,13,-3,3938.7386383437424,3900.0,0.5900840701825874,27,0.9
194000,674806,2025 Europe Triathlon Championships Istanbul,4,standard,missed,158977,,12,7,5,6742.279270035764,6311.0,0.17983735588793823,52,0.5
194000,674806,2025 Europe Triathlon Championships Istanbul,4,standard,missed,94563,,19,6,13,6730.01954584754,6304.0,0.2948747500104613,52,0.5
194000,674806,2025 Europe Triathlon Championships Istanbul,4,standard,missed,63428,,14,8,6,6723.29477543731,6318.0,0.2790732156363359,52,0.5
194000,674806,2025 Europe Triathlon Championships Istanbul,4,standard,missed,123461,,21,9,12,6726.05863353456,6326.0,0.3038872082253558,52,0.5
194000,674806,2025 Europe Triathlon Championships Istanbul,4,standard,missed,50700,,17,2,15,6724.177540037238,6279.0,0.34134487565977145,52,0.5
194000,674806,2025 Europe Triathlon Championships Istanbul,4,standard,false_alarm,107730,,1,29,-28,6825.080008179715,6549.0,0.22715686916043587,52,0.5
194000,674806,2025 Europe Triathlon Championships Istanbul,4,standard,false_alarm,93364,,7,17,-10,6749.367434203336,6391.0,0.2114838132482881,52,0.5
194000,674806,2025 Europe Triathlon Championships Istanbul,4,standard,false_alarm,162136,,9,11,-2,6730.615397179534,6349.0,0.16039162410990276,52,0.5
194000,674806,2025 Europe Triathlon Championships Istanbul,4,standard,false_alarm,158362,,11,16,-5,6758.257034302399,6383.0,0.23930712614873134,52,0.5
194000,674806,2025 Europe Triathlon Championships Istanbul,4,standard,false_alarm,156380,,4,15,-11,6706.127278468213,6373.0,0.15109770644894574,52,0.5
194731,674801,2025 Asia Triathlon Championships Istanbul,4,standard,missed,176721,,19,9,10,7126.5388374128715,6606.0,0.49457046269198285,33,0.7
194731,674801,2025 Asia Triathlon Championships Istanbul,4,standard,missed,164818,,12,6,6,7108.793965895958,6562.0,0.369514059385652,33,0.7
194731,674801,2025 Asia Triathlon Championships Istanbul,4,standard,missed,104247,,18,8,10,7043.184704228675,6593.0,0.44892207269059053,33,0.7
194731,674801,2025 Asia Triathlon Championships Istanbul,4,standard,false_alarm,110784,,2,11,-9,6950.866251936608,6661.0,0.18363528961766393,33,0.7
194731,674801,2025 Asia Triathlon Championships Istanbul,4,standard,false_alarm,110356,,4,12,-8,7011.332795107594,6675.0,0.22920539898032147,33,0.7
194731,674801,2025 Asia Triathlon Championships Istanbul,4,standard,false_alarm,55960,,11,15,-4,7036.435480341392,6730.0,0.3718938217775294,33,0.7
194000,674807,2025 Europe Triathlon Championships Istanbul,4,standard,missed,122267,,25,8,17,7394.180456131062,7015.0,0.43767939448846177,44,0.6
194000,674807,2025 Europe Triathlon Championships Istanbul,4,standard,missed,125021,,15,5,10,7192.632081895495,6986.0,0.32960649906762796,44,0.6
194000,674807,2025 Europe Triathlon Championships Istanbul,4,standard,missed,124901,,14,7,7,7389.786850990675,7006.0,0.2932885317164203,44,0.6
194000,674807,2025 Europe Triathlon Championships Istanbul,4,standard,missed,123462,,22,10,12,7399.078533086908,7027.0,0.464708093224845,44,0.6
194000,674807,2025 Europe Triathlon Championships Istanbul,4,standard,false_alarm,39683,,9,12,-3,7252.5927205820035,7029.0,0.2880040437135361,44,0.6
194000,674807,2025 Europe Triathlon Championships Istanbul,4,standard,false_alarm,71740,,4,13,-9,7268.206579405722,7065.0,0.16799218523350531,44,0.6
194000,674807,2025 Europe Triathlon Championships Istanbul,4,standard,false_alarm,96759,,10,18,-8,7095.701322388122,7138.0,0.30611934985518596,44,0.6
194000,674807,2025 Europe Triathlon Championships Istanbul,4,standard,false_alarm,117135,,12,22,-10,7274.312398824697,7200.0,0.2914590991704527,44,0.6
194731,674802,2025 Asia Triathlon Championships Istanbul,4,standard,missed,109512,,14,7,7,7631.328353518224,7455.0,0.5188957905958251,21,0.6
194731,674802,2025 Asia Triathlon Championships Istanbul,4,standard,missed,28114,,20,8,12,7923.240065836603,7491.0,0.6855189291147299,21,0.6
194731,674802,2025 Asia Triathlon Championships Istanbul,4,standard,missed,198974,,18,10,8,8115.642156300487,7598.0,0.6139706889628187,21,0.6
194731,674802,2025 Asia Triathlon Championships Istanbul,4,standard,missed,163834,,17,9,8,7698.34032594297,7579.0,0.6149616047949821,21,0.6
194731,674802,2025 Asia Triathlon Championships Istanbul,4,standard,false_alarm,95456,,7,16,-9,7551.676844060383,7748.0,0.3467386157811116,21,0.6
194731,674802,2025 Asia Triathlon Championships Istanbul,4,standard,false_alarm,115034,,11,19,-8,7730.808066718047,7846.0,0.5015481596297872,21,0.6
194731,674802,2025 Asia Triathlon Championships Istanbul,4,standard,false_alarm,164828,,11,15,-4,7684.252593995539,7692.0,0.48669129373255277,21,0.6
194731,674802,2025 Asia Triathlon Championships Istanbul,4,standard,false_alarm,175021,,13,17,-4,7696.102055206193,7760.0,0.4738842948960279,21,0.6
194283,674283,2025 Africa Triathlon Sprint Championships El Galala,4,sprint,missed,125404,,11,5,6,3564.339611174384,3527.0,0.6201129604242828,14,0.8
194283,674283,2025 Africa Triathlon Sprint Championships El Galala,4,sprint,missed,123686,,12,9,3,3789.5244674133073,3644.0,0.6336290397734435,14,0.8
194283,674283,2025 Africa Triathlon Sprint Championships El Galala,4,sprint,false_alarm,113392,,3,14,-11,3606.0382249224303,4055.0,0.2281862727792526,14,0.8
194283,674283,2025 Africa Triathlon Sprint Championships El Galala,4,sprint,false_alarm,196491,,8,11,-3,3714.241505345445,3710.0,0.5543498085264081,14,0.8
194969,675395,2025 Europe Triathlon Balkan Championships Mudanya-Bursa,4,sprint,missed,158697,,16,6,10,3766.322747524102,3452.0,0.6305132063521897,25,0.7
194969,675395,2025 Europe Triathlon Balkan Championships Mudanya-Bursa,4,sprint,missed,180813,,10,9,1,3704.2526830838797,3480.0,0.4640656286102549,25,0.7
194969,675395,2025 Europe Triathlon Balkan Championships Mudanya-Bursa,4,sprint,missed,135830,,15,10,5,3656.634851820727,3492.0,0.6142795376081565,25,0.7
194969,675395,2025 Europe Triathlon Balkan Championships Mudanya-Bursa,4,sprint,false_alarm,158424,,6,12,-6,3692.763525176232,3501.0,0.38852333134371714,25,0.7
194969,675395,2025 Europe Triathlon Balkan Championships Mudanya-Bursa,4,sprint,false_alarm,140597,,5,15,-10,3632.1575058178228,3554.0,0.40769767225808523,25,0.7
194969,675395,2025 Europe Triathlon Balkan Championships Mudanya-Bursa,4,sprint,false_alarm,166390,,8,14,-6,3541.629326449757,3542.0,0.4738774145279246,25,0.7
195094,676498,2025 World Triathlon Women’s Cup Dubai,4,sprint,missed,106712,,11,8,3,3747.258530119063,3617.0,0.47856402790049424,15,0.9
195094,676498,2025 World Triathlon Women’s Cup Dubai,4,sprint,false_alarm,79637,,3,13,-10,3616.1133271728745,3792.0,0.23553158319294687,15,0.9
