relay_athlete,country,gender,relay_slots,events,first_event,last_event
Zsanett Kuttor-Bragmayer,Hungary,female,6,6,2022-08-12,2024-08-09
Lotte Miller,Norway,female,5,5,2021-05-21,2024-07-30
Oscar Gladney Rundqvist,Denmark,male,5,5,2022-06-11,2024-07-14
Emil Holm,Denmark,male,5,5,2020-09-06,2023-08-20
Mitch Kolkman,Netherlands,male,5,5,2022-06-11,2023-08-20
Márta Kropkó,Hungary,female,4,4,2022-06-11,2025-07-12
Miguel Hidalgo,Brazil,male,4,4,2020-09-06,2023-08-20
Nicolò Strada,Italy,male,4,4,2022-06-11,2023-08-20
Barbara De Koning,Netherlands,female,3,3,2022-06-24,2025-07-12
Carlotta Missaglia,Italy,female,3,3,2021-09-18,2025-07-12
Nicola Azzano,Italy,male,3,3,2021-05-21,2025-02-15
Samuel Dickinson,Great Britain,male,3,3,2023-08-04,2024-07-30
Casper Stornes,Norway,male,3,3,2023-07-15,2024-05-17
Anne Holm,Denmark,female,3,3,2022-06-11,2023-08-20
Claire Michel,Belgium,female,3,3,2021-05-21,2023-08-20
Eva Daniels,Luxembourg,female,3,3,2023-06-27,2023-08-20
Jelle Geens,Belgium,male,3,3,2021-05-21,2023-08-20
Alessio Crociani,Italy,male,3,3,2021-09-18,2023-07-29
Jan Volar,Czech Republic,male,3,3,2020-09-06,2022-08-12
Sif Bendix Madsen,Denmark,female,3,3,2021-05-21,2022-08-12
Jorik Van Egdom,Netherlands,male,3,3,2020-09-06,2021-09-18
Fanni Szalai,Hungary,female,2,2,2025-07-12,2025-07-19
Vittoria Lopes,Brazil,female,2,2,2023-08-20,2025-07-12
Gabriel Terán Carvajal,Ecuador,male,2,2,2023-06-18,2025-04-05
João Nuno Batista,Portugal,male,2,2,2023-07-15,2024-08-09
Sylvain Fridelance,Switzerland,male,2,2,2024-07-30,2024-08-09
Alice Betto,Italy,female,2,2,2023-08-20,2024-07-14
Brock Hoel,Canada,male,2,2,2021-08-13,2024-07-14
Charlotte McShane,Australia,female,2,2,2022-06-11,2024-07-14
Clara Carlquist,Denmark,female,2,2,2023-07-29,2024-07-14
Dylan McCullough,New Zealand,male,2,2,2023-08-20,2024-07-14
Gianluca Pozzatti,Italy,male,2,2,2021-09-18,2024-07-14
Julie Derron,Switzerland,female,2,2,2023-07-15,2024-07-14
Niels Van Lanen,Netherlands,male,2,2,2023-08-04,2024-07-14
Csongor Lehmann,Hungary,male,2,2,2023-08-20,2024-05-17
Tjebbe Kaindl,Austria,male,2,2,2023-08-20,2024-05-17
Alois Knabl,Austria,male,2,2,2020-09-06,2023-08-20
Anna Godoy Contreras,Spain,female,2,2,2021-07-26,2023-08-20
Antonio Serrat Seoane,Spain,male,2,2,2021-05-21,2023-08-20
Beth Potter,Great Britain,female,2,2,2023-07-29,2023-08-20
Brea Roderick,New Zealand,female,2,2,2023-02-26,2023-08-20
Cassandre Beaugrand,France,female,2,2,2021-07-26,2023-08-20
Emma Lombardi,France,female,2,2,2022-06-24,2023-08-20
Gregor Payet,Luxembourg,male,2,2,2023-07-15,2023-08-20
Jamie Riddle,South Africa,male,2,2,2023-07-29,2023-08-20
Jeanne Lehair,Luxembourg,female,2,2,2023-06-27,2023-08-20
Jolien Vermeylen,Belgium,female,2,2,2022-08-12,2023-08-20
Marta Pintanel Raymundo,Spain,female,2,2,2022-07-09,2023-08-20
Melanie Santos,Portugal,female,2,2,2023-07-15,2023-08-20
Natalie Van Coevorden,Australia,female,2,2,2022-07-09,2023-08-20
Nicole Van Der Kaay,New Zealand,female,2,2,2022-06-24,2023-08-20
Niina Kishimoto,Japan,female,2,2,2021-07-26,2023-08-20
Verena Steinhauser,Italy,female,2,2,2022-07-09,2023-08-20
Vetle Bergsvik Thorn,Norway,male,2,2,2023-07-15,2023-08-20
Carolyn Hayes,Ireland,female,2,2,2023-06-27,2023-08-04
Hanne De Vet,Belgium,female,2,2,2022-07-09,2023-08-04
Ilaria Zane,Italy,female,2,2,2022-07-09,2023-07-29
Karolina Helga Horváth,Hungary,female,2,2,2022-07-09,2023-07-29
Mercedes Romero Orozco,Mexico,female,2,2,2023-07-15,2023-07-29
Emy Legault,Canada,female,2,2,2021-08-13,2023-07-15
Valerie Barthelemy,Belgium,female,2,2,2021-05-21,2023-07-15
Thomas Castañeda Maldonado,Argentina,male,2,2,2022-10-29,2023-04-29
Islam Bkhibkhi,Morocco,female,2,2,2021-06-11,2022-09-24
Igor Bellido Mikhailova,Spain,male,2,2,2021-09-18,2022-07-09
Radim Grebík,Czech Republic,male,2,2,2021-05-21,2022-06-11
Beatrice Mallozzi,Italy,female,2,2,2020-09-06,2021-09-18
Sara Vilic,Austria,female,2,2,2021-05-21,2021-09-18
Zsófia Kovács,Hungary,female,2,2,2020-09-06,2021-07-26
David Jose Pardo Benitez,Paraguay,male,1,1,2026-02-28,2026-02-28
Emilio Roosevelt Benitez Núñez,Paraguay,male,1,1,2026-02-28,2026-02-28
Can Su,China,male,1,1,2025-09-20,2025-09-20
Like Huang,China,male,1,1,2025-09-20,2025-09-20
Noi Wakatake,Japan,male,1,1,2025-09-20,2025-09-20
Touki Maeda,Japan,male,1,1,2025-09-20,2025-09-20
Adar Haya Kurant,Israel,female,1,1,2025-07-19,2025-07-19
Alex Mandak,Slovakia,male,1,1,2025-07-19,2025-07-19
Aviv Levi,Israel,female,1,1,2025-07-19,2025-07-19
Itamar Levanon,Israel,male,1,1,2025-07-19,2025-07-19
Jack Stanton-Stock,Great Britain,male,1,1,2025-07-19,2025-07-19
Márton Kropkó,Hungary,male,1,1,2025-07-19,2025-07-19
Paulina Klimas,Poland,female,1,1,2025-07-19,2025-07-19
Peter Luftensteiner,Austria,male,1,1,2025-07-19,2025-07-19
Erwin Vanderplancke,Belgium,male,1,1,2025-07-12,2025-07-12
Gjalt Panjer,Netherlands,male,1,1,2025-07-12,2025-07-12
Ian Pennekamp,Netherlands,male,1,1,2025-07-12,2025-07-12
Joris Basslé,Belgium,male,1,1,2025-07-12,2025-07-12
Madalena Amaral Almeida,Portugal,female,1,1,2025-07-12,2025-07-12
Michael Gar,Great Britain,male,1,1,2025-07-12,2025-07-12
Michaela Sterbova,Czech Republic,female,1,1,2025-07-12,2025-07-12
Robin Dreijling,Netherlands,female,1,1,2025-07-12,2025-07-12
Tomas Zikmund,Czech Republic,male,1,1,2025-07-12,2025-07-12
Anna Kurysia,Poland,female,1,1,2025-07-05,2025-07-05
Filip Socha,Poland,male,1,1,2025-07-05,2025-07-05
Stanisław Ptaszyński,Poland,male,1,1,2025-07-05,2025-07-05
Weronika Ptaszyńska,Poland,female,1,1,2025-07-05,2025-07-05
Claudia Gurri Naranjo,Cuba,female,1,1,2025-06-07,2025-06-07
Dixon Hernandez,Venezuela,male,1,1,2025-06-07,2025-06-07
Gerald Rojas Carvajal,Costa Rica,male,1,1,2025-06-07,2025-06-07
Jimena Renata De La Peña Schott,United States,female,1,1,2025-06-07,2025-06-07
Kauê Willy,Brazil,male,1,1,2025-06-07,2025-06-07
Leslie Amat Alvarez,Cuba,female,1,1,2025-06-07,2025-06-07
Luis Miguel Chávez Sanchez,Mexico,male,1,1,2025-06-07,2025-06-07
Diana Biktimirova,Uzbekistan,female,1,1,2025-04-05,2025-04-05
Eliana Estefania Diaz,Argentina,female,1,1,2025-04-05,2025-04-05
Elizabeth Bravo,Ecuador,female,1,1,2025-04-05,2025-04-05
Robin Elg,"Hong Kong, China",male,1,1,2025-04-05,2025-04-05
Erin McConnell,Ireland,female,1,1,2025-02-15,2025-02-15
Euan De Nigro,Italy,male,1,1,2025-02-15,2025-02-15
Hollie Elliott,Ireland,female,1,1,2025-02-15,2025-02-15
Russell White,Ireland,male,1,1,2025-02-15,2025-02-15
Selina Klamt,Germany,female,1,1,2025-02-15,2025-02-15
Alexander Bozhilov,Bulgaria,male,1,1,2024-08-09,2024-08-09
Alexandru-Rares Popa,Romania,male,1,1,2024-08-09,2024-08-09
Amalia Maria Singuran,Romania,female,1,1,2024-08-09,2024-08-09
Boris Andreev,Bulgaria,male,1,1,2024-08-09,2024-08-09
Burak Çağdaş,Türkiye,male,1,1,2024-08-09,2024-08-09
Kaisa Keränen,Finland,female,1,1,2024-08-09,2024-08-09
Max Walther,Finland,male,1,1,2024-08-09,2024-08-09
Mirolyuba Nenkova,Bulgaria,female,1,1,2024-08-09,2024-08-09
Márk Dévay,Hungary,male,1,1,2024-08-09,2024-08-09
Rodrigo Pissarra,Portugal,male,1,1,2024-08-09,2024-08-09
Simon Michalek,Czech Republic,male,1,1,2024-08-09,2024-08-09
Callum McClusky,Australia,male,1,1,2024-07-14,2024-07-14
Daniel Damian,Canada,male,1,1,2024-07-14,2024-07-14
David Cantero Del Campo,Spain,male,1,1,2024-07-14,2024-07-14
Desirae Ridenour,Canada,female,1,1,2024-07-14,2024-07-14
Sophia Howell,Canada,female,1,1,2024-07-14,2024-07-14
Vicky Holland,Great Britain,female,1,1,2024-07-14,2024-07-14
Genis Grau,Spain,male,1,1,2024-05-17,2024-05-17
Luisa Daniela Baca Vargas,Mexico,female,1,1,2024-05-17,2024-05-17
Aya Bkhibkhi,Morocco,female,1,1,2024-04-19,2024-04-19
Fidaa Zoulazi,Morocco,female,1,1,2024-04-19,2024-04-19
Imene Maldji,Algeria,female,1,1,2024-04-19,2024-04-19
Joudy Fathy,Egypt,female,1,1,2024-04-19,2024-04-19
Lyna Benaceur,Algeria,female,1,1,2024-04-19,2024-04-19
Marwan Hatem,Egypt,male,1,1,2024-04-19,2024-04-19
Mira Ivanova Georgieva,Bulgaria,female,1,1,2024-04-19,2024-04-19
Mohamed Amro,Egypt,male,1,1,2024-04-19,2024-04-19
Oussama Hellal Berrouane,Algeria,male,1,1,2024-04-19,2024-04-19
Petar Bozhilov,Bulgaria,male,1,1,2024-04-19,2024-04-19
Selena Vlahova,Bulgaria,female,1,1,2024-04-19,2024-04-19
Shahd Walid,Egypt,female,1,1,2024-04-19,2024-04-19
Bivian Andrea Luisita Diaz Fuentes,Guatemala,female,1,1,2023-11-02,2023-11-02
Flavio Morandini,Argentina,male,1,1,2023-11-02,2023-11-02
Genesis Carolina Ruiz Volcan,Venezuela,female,1,1,2023-11-02,2023-11-02
Gerardo Vergara,Guatemala,male,1,1,2023-11-02,2023-11-02
Jorge Raul Cabinal Gramajo,Guatemala,male,1,1,2023-11-02,2023-11-02
Kevin Milian González,Cuba,male,1,1,2023-11-02,2023-11-02
Marlen Alejandra Abigail Aguilar Bolaños,Guatemala,female,1,1,2023-11-02,2023-11-02
Anqi Huang,China,female,1,1,2023-09-29,2023-09-29
Basanta Tharu,Nepal,male,1,1,2023-09-29,2023-09-29
Gyuri Kim,Republic of Korea,female,1,1,2023-09-29,2023-09-29
Herlene Natasha Yu,Singapore,female,1,1,2023-09-29,2023-09-29
Ji Hwan Kim,Republic of Korea,male,1,1,2023-09-29,2023-09-29
"Li Rong, Luke Chua",Singapore,male,1,1,2023-09-29,2023-09-29
Louisa Marie Middleditch,Singapore,female,1,1,2023-09-29,2023-09-29
Matthew Hermosa,Philippines,male,1,1,2023-09-29,2023-09-29
Meirlan Iskakov,Kazakhstan,male,1,1,2023-09-29,2023-09-29
Moulik Maharjan,Nepal,male,1,1,2023-09-29,2023-09-29
Sheng Cher Bryce Chong,Singapore,male,1,1,2023-09-29,2023-09-29
Takumi Hojo,Japan,male,1,1,2023-09-29,2023-09-29
Wan Hyuk Kim,Republic of Korea,male,1,1,2023-09-29,2023-09-29
Yuska Maharjan,Nepal,female,1,1,2023-09-29,2023-09-29
Céline Kaiser,Germany,female,1,1,2023-09-23,2023-09-23
Lara Thekla Ungewickell,Germany,female,1,1,2023-09-23,2023-09-23
Rico Bogen,Germany,male,1,1,2023-09-23,2023-09-23
Wilhelm Hirsch,Germany,male,1,1,2023-09-23,2023-09-23
Alberte Kjær Pedersen,Denmark,female,1,1,2023-08-20,2023-08-20
Alex Yee,Great Britain,male,1,1,2023-08-20,2023-08-20
Antonio Bravo Neto,Brazil,male,1,1,2023-08-20,2023-08-20
Arnaud Mengal,Belgium,male,1,1,2023-08-20,2023-08-20
Barclay Izzard,Great Britain,male,1,1,2023-08-20,2023-08-20
Bob Haller,Luxembourg,male,1,1,2023-08-20,2023-08-20
Brandon Copeland,Australia,male,1,1,2023-08-20,2023-08-20
Darr Smith,United States,male,1,1,2023-08-20,2023-08-20
Djenyfer Arnold,Brazil,female,1,1,2023-08-20,2023-08-20
Dorian Coninx,France,male,1,1,2023-08-20,2023-08-20
Gábor Faldum,Hungary,male,1,1,2023-08-20,2023-08-20
Hannah Newman,South Africa,female,1,1,2023-08-20,2023-08-20
Henri Schoeman,South Africa,male,1,1,2023-08-20,2023-08-20
Jacob Birtwhistle,Australia,male,1,1,2023-08-20,2023-08-20
Jaz Hedgeland,Australia,female,1,1,2023-08-20,2023-08-20
Jonas Schomburg,Germany,male,1,1,2023-08-20,2023-08-20
Julia Hauser,Austria,female,1,1,2023-08-20,2023-08-20
Kate Waugh,Great Britain,female,1,1,2023-08-20,2023-08-20
Kenji Nener,Japan,male,1,1,2023-08-20,2023-08-20
Laura Lindemann,Germany,female,1,1,2023-08-20,2023-08-20
Lisa Tertsch,Germany,female,1,1,2023-08-20,2023-08-20
Léo Bergere,France,male,1,1,2023-08-20,2023-08-20
Makoto Odakura,Japan,male,1,1,2023-08-20,2023-08-20
Maria Tomé,Portugal,female,1,1,2023-08-20,2023-08-20
Michele Sarzilla,Italy,male,1,1,2023-08-20,2023-08-20
Rachel Klamer,Netherlands,female,1,1,2023-08-20,2023-08-20
Ricardo Batista,Portugal,male,1,1,2023-08-20,2023-08-20
Richard Murray,Netherlands,male,1,1,2023-08-20,2023-08-20
Roberto Sanchez Mantecon,Spain,male,1,1,2023-08-20,2023-08-20
Seth Rider,United States,male,1,1,2023-08-20,2023-08-20
Shanae Williams,South Africa,female,1,1,2023-08-20,2023-08-20
Solveig Løvseth,Norway,female,1,1,2023-08-20,2023-08-20
Tanja Stroschneider,Austria,female,1,1,2023-08-20,2023-08-20
Tayler Reid,New Zealand,male,1,1,2023-08-20,2023-08-20
Taylor Knibb,United States,female,1,1,2023-08-20,2023-08-20
Taylor Spivey,United States,female,1,1,2023-08-20,2023-08-20
Tim Hellwig,Germany,male,1,1,2023-08-20,2023-08-20
Vasco Vilaca,Portugal,male,1,1,2023-08-20,2023-08-20
Yuko Takahashi,Japan,female,1,1,2023-08-20,2023-08-20
Adrien Deharre,Belgium,male,1,1,2023-08-04,2023-08-04
Hasse Fleerackers,Belgium,female,1,1,2023-08-04,2023-08-04
Hatice Buse Ertekin,Türkiye,female,1,1,2023-08-04,2023-08-04
Maayan Glantz,Israel,male,1,1,2023-08-04,2023-08-04
Shannon Kelly,Ireland,female,1,1,2023-08-04,2023-08-04
Aniek Mars,Netherlands,female,1,1,2023-07-29,2023-07-29
Aram Michell Peñaflor Moysen,Mexico,male,1,1,2023-07-29,2023-07-29
Crisanto Grajales Valencia,Mexico,male,1,1,2023-07-29,2023-07-29
Jessica Fullagar,Great Britain,female,1,1,2023-07-29,2023-07-29
Minori Ikeno,Japan,female,1,1,2023-07-29,2023-07-29
Dylan Nortje,South Africa,male,1,1,2023-07-15,2023-07-15
Irving Perez,Mexico,male,1,1,2023-07-15,2023-07-15
Rani Skrabanja,Netherlands,female,1,1,2023-07-15,2023-07-15
Rodrigo Gonzalez Lopez,Mexico,male,1,1,2023-07-15,2023-07-15
Sophie Evans,Great Britain,female,1,1,2023-07-15,2023-07-15
Valdemar Solok,Denmark,male,1,1,2023-07-15,2023-07-15
Lucas Cambresy,Luxembourg,male,1,1,2023-06-27,2023-06-27
Margareta Vrablova,Slovakia,female,1,1,2023-06-27,2023-06-27
Richard Varga,Slovakia,male,1,1,2023-06-27,2023-06-27
Diana Castillo,Colombia,female,1,1,2023-06-18,2023-06-18
Luis Miguel Velasquez Ramos,Venezuela,male,1,1,2023-06-18,2023-06-18
Amanda Moro,Brazil,female,1,1,2023-04-29,2023-04-29
Caua Diniz,Brazil,male,1,1,2023-04-29,2023-04-29
Dominga Elena Jacome Espinoza,Chile,female,1,1,2023-04-29,2023-04-29
Julia Munhoz,Brazil,female,1,1,2023-04-29,2023-04-29
Luca Ascenco,Brazil,male,1,1,2023-04-29,2023-04-29
Faith Dasso,United States,female,1,1,2022-10-29,2022-10-29
Hugo Mario Ruiz Dimate,Colombia,male,1,1,2022-10-29,2022-10-29
Marianny Giuseppina Antonelli Urriola,Venezuela,female,1,1,2022-10-29,2022-10-29
Noemie Beaulieu,Canada,female,1,1,2022-10-29,2022-10-29
Romina Biagioli,Argentina,female,1,1,2022-10-29,2022-10-29
Rosa Elena Martinez Melchior,Venezuela,female,1,1,2022-10-29,2022-10-29
Thomas Sonnery-Cottet,United States,male,1,1,2022-10-29,2022-10-29
Yhousman David Perdomo Peña,Venezuela,male,1,1,2022-10-29,2022-10-29
Anje Van As,Zimbabwe,female,1,1,2022-09-24,2022-09-24
Feriel Chtioui,Tunisia,female,1,1,2022-09-24,2022-09-24
George Ascott,Zimbabwe,male,1,1,2022-09-24,2022-09-24
Matipa Mawere,Zimbabwe,male,1,1,2022-09-24,2022-09-24
Mohamed Aziz Hamdi,Tunisia,male,1,1,2022-09-24,2022-09-24
Mohamed-Samy Agab,Algeria,male,1,1,2022-09-24,2022-09-24
Rawan Mostafa,Egypt,female,1,1,2022-09-24,2022-09-24
Sahar Ali,Tunisia,female,1,1,2022-09-24,2022-09-24
Alexandr Ten,Kazakhstan,male,1,1,2022-09-17,2022-09-17
Chia-Hao Chang,Chinese Taipei,male,1,1,2022-09-17,2022-09-17
Oscar Coggins,"Hong Kong, China",male,1,1,2022-09-17,2022-09-17
Yegor Krupyakov,Kazakhstan,male,1,1,2022-09-17,2022-09-17
Yu-Ting Pan,Chinese Taipei,female,1,1,2022-09-17,2022-09-17
Yuliya Ozerova,Kazakhstan,female,1,1,2022-09-17,2022-09-17
Angelica Prestia,Italy,female,1,1,2022-08-12,2022-08-12
Lili Dobi,Hungary,female,1,1,2022-08-12,2022-08-12
Marie Carlsson,Sweden,female,1,1,2022-08-12,2022-08-12
Michał Oliwa,Poland,male,1,1,2022-08-12,2022-08-12
Simon Henseleit,Germany,male,1,1,2022-08-12,2022-08-12
Therese Feuersinger,Austria,female,1,1,2022-08-12,2022-08-12
Valentin Wernz,Germany,male,1,1,2022-08-12,2022-08-12
Zuzanna Sudak,Poland,female,1,1,2022-08-12,2022-08-12
Andreas Carlsson,Sweden,male,1,1,2022-07-09,2022-07-09
Dana Prikrylova,Czech Republic,female,1,1,2022-07-09,2022-07-09
Esteban Basanta Fouz,Spain,male,1,1,2022-07-09,2022-07-09
Lasse Nygaard Priester,Germany,male,1,1,2022-07-09,2022-07-09
Mathilde Gautier,France,female,1,1,2022-07-09,2022-07-09
Noelia Juan,Spain,female,1,1,2022-07-09,2022-07-09
Paul Georgenthum,France,male,1,1,2022-07-09,2022-07-09
Scott Steenberg,Denmark,male,1,1,2022-07-09,2022-07-09
Kevin McDowell,United States,male,1,1,2022-06-24,2022-06-24
Alberto Gonzalez Garcia,Spain,male,1,1,2022-06-11,2022-06-11
Iria Rodriguez,Spain,female,1,1,2022-06-11,2022-06-11
Juan Gonzalez Garcia,Spain,male,1,1,2022-06-11,2022-06-11
María Casals Mojica,Spain,female,1,1,2022-06-11,2022-06-11
Noémi Sárszegi,Hungary,female,1,1,2022-06-11,2022-06-11
Olivia Thornbury,New Zealand,female,1,1,2022-06-11,2022-06-11
Sandra Dodet,France,female,1,1,2022-06-11,2022-06-11
Ville-Valtteri Salonen,Finland,male,1,1,2022-06-06,2022-06-06
Connor Bentley,Great Britain,male,1,1,2021-09-18,2021-09-18
Daniel Dixon,Great Britain,male,1,1,2021-09-18,2021-09-18
Fabian Meeusen,Switzerland,male,1,1,2021-09-18,2021-09-18
Iratxe Arenal Arribas,Spain,female,1,1,2021-09-18,2021-09-18
Jeremy Briand,Canada,male,1,1,2021-09-18,2021-09-18
Maciej Bruzdziak,Poland,male,1,1,2021-09-18,2021-09-18
Menno Koolhaas,Netherlands,male,1,1,2021-09-18,2021-09-18
Sara Guerrero Manso,Spain,female,1,1,2021-09-18,2021-09-18
Kira Gupta-Baltazar,Canada,female,1,1,2021-08-13,2021-08-13
Ainsley Thorpe,New Zealand,female,1,1,2021-07-26,2021-07-26
Alexis Lepage,Canada,male,1,1,2021-07-26,2021-07-26
Cecilia Perez,Mexico,female,1,1,2021-07-26,2021-07-26
Claudia Rivas,Mexico,female,1,1,2021-07-26,2021-07-26
Joanna Brown,Canada,female,1,1,2021-07-26,2021-07-26
Marco Van Der Stel,Netherlands,male,1,1,2021-07-26,2021-07-26
Adrien Briffod,Switzerland,male,1,1,2021-06-18,2021-06-18
Andrea Salvisberg,Switzerland,male,1,1,2021-06-18,2021-06-18
Artjoms Gajevskis,Latvia,male,1,1,2021-06-18,2021-06-18
Daniela Leitāne,Latvia,female,1,1,2021-06-18,2021-06-18
Danila Proščinko,Latvia,male,1,1,2021-06-18,2021-06-18
Gabriela Ribeiro,Portugal,female,1,1,2021-06-18,2021-06-18
Hagar Cohen Kalif,Israel,female,1,1,2021-06-18,2021-06-18
Itamar Eshed,Israel,male,1,1,2021-06-18,2021-06-18
Klemen Bojanc,Slovenia,male,1,1,2021-06-18,2021-06-18
Kristina Jesenska,Slovakia,female,1,1,2021-06-18,2021-06-18
Lisa Perterer,Austria,female,1,1,2021-06-18,2021-06-18
Matej Dečman,Slovenia,male,1,1,2021-06-18,2021-06-18
Neža Pogačar,Slovenia,female,1,1,2021-06-18,2021-06-18
Ondrej Kubo,Slovakia,male,1,1,2021-06-18,2021-06-18
Sergiy Kurochkin,Ukraine,male,1,1,2021-06-18,2021-06-18
Tomas Tolkunov,Slovakia,male,1,1,2021-06-18,2021-06-18
Caleb Meistre,South Africa,male,1,1,2021-06-11,2021-06-11
Christian Hattingh,South Africa,male,1,1,2021-06-11,2021-06-11
Deeya Shah,Kenya,female,1,1,2021-06-11,2021-06-11
Ghizlane Assou,Morocco,female,1,1,2021-06-11,2021-06-11
Jenna Seymour-Smith,South Africa,female,1,1,2021-06-11,2021-06-11
John Paul Makona Stroop,Kenya,male,1,1,2021-06-11,2021-06-11
Josette Umi Njeri Kiarie,Kenya,female,1,1,2021-06-11,2021-06-11
Soud Hassan,Kenya,male,1,1,2021-06-11,2021-06-11
Zeineb Ghdemssi,Tunisia,female,1,1,2021-06-11,2021-06-11
Alissa Konig,Switzerland,female,1,1,2021-05-21,2021-05-21
Angelica Olmo,Italy,female,1,1,2021-05-21,2021-05-21
Fernando Alarza,Spain,male,1,1,2021-05-21,2021-05-21
Helena Carvalho,Portugal,female,1,1,2021-05-21,2021-05-21
Henrik Klemmensen,Denmark,male,1,1,2021-05-21,2021-05-21
Joao Pereira,Portugal,male,1,1,2021-05-21,2021-05-21
Joao Silva,Portugal,male,1,1,2021-05-21,2021-05-21
Lukas Hollaus,Austria,male,1,1,2021-05-21,2021-05-21
Miriam Casillas García,Spain,female,1,1,2021-05-21,2021-05-21
Alzbeta Hruskova,Czech Republic,female,1,1,2020-09-06,2020-09-06
Delian Stateff,Italy,male,1,1,2020-09-06,2020-09-06
Frantisek Linduska,Czech Republic,male,1,1,2020-09-06,2020-09-06
Grigory Antipov,Individual Neutral Athlete,male,1,1,2020-09-06,2020-09-06
Valentina Riasova,Individual Neutral Athlete,female,1,1,2020-09-06,2020-09-06
