event_id,prog_id,athlete_id,athlete_full_name,athlete_country_name,event_date,prog_name,prog_distance_category,distance_category_encoded,event_country,event_name,event_tier,wetsuit,temperature_air,humidity,wbgt,is_hot,wind_speed_kmh,wind_gust_kmh,apparent_temp,precipitation_mm,cloud_cover_pct,bike_laps,run_laps,ema_distance_match,n_matched_races,ema_swim_sec_5,ema_bike_sec_5,ema_run_sec_5,ema_total_sec_5,ema_t1_sec_5,ema_t2_sec_5,ema_t1t2_sec_5,std_t1t2_sec_24m,std_swim_sec_24m,std_bike_sec_24m,std_run_sec_24m,last_total_sec,best_total_sec_24m,std_total_sec_24m,days_since_last_race,races_12m,races_24m,ema_finish_pct_3,ema_finish_pct_5,ema_finish_pct_12,form_trend,athlete_avg_tier,athlete_t1_rate,athlete_t1t2_rate,athlete_best_tier,ema_finish_pct_tier1,n_swim_results,is_cold_start,ema_finish_pct_tier2,ema_finish_pct_tier34,races_tier1_24m,races_tier2_24m,races_tier34_24m,log1p_days_since,freshness_curve,form_momentum,ema_swim_pos_pct_7,ema_bike_pos_pct_7,ema_swim_pack_7,ema_bike_pack_7,ema_swim_gap_sec_7,ema_bike_gap_sec_7,std_swim_gap_sec_24m,min_swim_gap_sec_24m,front_pack_rate,avg_swim_gap_leader,p90_swim_gap_leader,avg_pack_size_swim,bike_pack_rate,avg_bike_gap_leader,ema_perf_ratio_5,ema_swim_split_pct_5,ema_bike_split_pct_5,ema_run_split_pct_5,ema_swim_split_pct_12,best_swim_pct_12m,swim_form_trend,ema_swim_behind_sec_5,ema_swim_behind_sec_12,best_swim_behind_12m,std_swim_pct_24m,std_bike_pct_24m,std_run_pct_24m,ema_t1_rank_pct_5,ema_t2_rank_pct_5,ema_swim_to_t1_pos_change_5,ema_bike_to_t2_pos_change_5,ema_swim_split_pct_tier12_5,ema_bike_split_pct_tier12_5,ema_run_split_pct_tier12_5,ema_finish_pct_sprint,ema_finish_pct_standard,has_raced_venue,n_venue_races,venue_finish_pct_mean,venue_delta,races_30d,races_60d,days_since_2nd_last,elo_rating,elo_peak,elo_races,wt_rank_position,wt_total_points,wt_continental_rank,wt_continental_points,tier_delta,tier_step_up,n_races_at_tier,seed_total_rank,seed_total_gap_to_best,field_depth_top10_mean,n_entrants,h2h_win_rate,h2h_avg_position_gap,h2h_n_shared_races,h2h_n_opponents_faced,elo_rank_in_field,elo_pct_in_field,wt_rank_in_field,wt_rank_pct_in_field,pred_swim_sec,pred_t1_sec,pred_bike_sec,pred_t2_sec,pred_run_sec,pred_total_sec,pred_finish_pct,pred_swim_hms,pred_t1_hms,pred_bike_hms,pred_t2_hms,pred_run_hms,pred_total_hms,pred_split_sum_sec,pred_split_total_delta,ranker_score,ensemble_rank_score,predicted_rank,sigma_swim,sigma_bike,sigma_run,sigma_t1,sigma_t2,sigma_total,prob_win,prob_podium,prob_top5,prob_top10,prob_top20,expected_rank,rank_p10,rank_p50,rank_p90,total_p10,total_p50,total_p90,mean_total_sec,mean_time_rank,sim_front_pack_pct,sim_avg_pack_effect
195144,678661,105480,Miguel Hidalgo,Brazil,2026-04-26,Elite Men,standard,2,Uzbekistan,2026 World Triathlon Championship Series Samarkand,1,0,22.3,47.0,17.8,0,7.9,29.9,21.6,0.0,100.0,0.0,0.0,1,19,1051.8530805687203,3398.0473933649287,1790.521327014218,6307.862559241706,46.3696682464455,23.071090047393362,69.44075829383885,12.229209763045665,93.05441956188862,235.19258825785428,35.26532088529547,6221,6089,175.26709209497537,193,4,8,0.06698453190800129,0.08996276235612728,0.11495332704427672,-0.04796879513627543,1.4736842105263157,0.7368421052631579,0.7894736842105263,1,0.09648158461236353,19,0,0.02631578947368421,0.16451938865731972,8,0,0,5.267858159063328,172.0,-0.022978230448125997,0.33198281327040924,0.2488131295344087,4.206804254419948,0.7178981474959498,21.445587095865324,37.65499753469043,18.86417617753669,0.0,0.09523809523809523,22.571428571428573,41.0,8.238095238095237,0.47619047619047616,46.80952380952381,0.977293258667428,0.3311109059008218,0.24352202419429309,0.07636900914211839,0.26646609068067495,0.058823529411764705,0.06464481522014687,18.48341232227488,14.122784848696226,0.0,0.17644795260149493,0.2640556445723064,0.12512545989538953,0.66583248684089,0.47247206574937656,2.246153846153846,4.384615384615383,0.3178513111405699,0.23216490387624242,0.07768699897020419,0.09513728933060646,0.08996276235612728,0,0,,,0,0,224.0,2327.79,2327.79,46,2,6378.23,,,-0.4736842105263157,1,8,2,0.0213822200913745,0.13800246265132193,50,0.8802972945625042,15.109070511389316,51,46,1.0,0.0,1.0,0.0,1085.9432895931402,73.04123408231989,3167.1687804589747,22.316154793802497,1802.2082544317739,6150.677713360011,0.06898217014969905,18:05,01:13,52:47,00:22,30:02,1:42:30,6150.677713360011,0.0,4.737678809414346,1.5,1,11.198343050016813,34.643435369419436,16.91952170963443,2.7995857625042033,2.5379282564451646,68.09881414802004,0.3907,0.7367,0.8609,0.9716,0.9992,2.9639,1,2,7,6088.930074987924,6151.815494852512,6212.745398620179,6150.9248172808675,1,0.0,0.3510850000000306
195144,678661,94446,Csongor Lehmann,Hungary,2026-04-26,Elite Men,standard,2,Uzbekistan,2026 World Triathlon Championship Series Samarkand,1,0,22.3,47.0,17.8,0,7.9,29.9,21.6,0.0,100.0,0.0,0.0,1,21,1039.5497630331754,3409.2843601895734,1838.3696682464456,6350.127962085308,43.81516587677724,21.53554502369668,65.35071090047393,15.024979201316718,94.4013300282952,228.51355418102543,41.04705971334745,6253,6018,174.7100773026877,193,4,9,0.1850704567541302,0.18664764483992646,0.17037814012300156,0.014692316631128632,1.8095238095238095,0.6190476190476191,0.7619047619047619,1,0.1853846642033699,21,0,0.06747635139753887,0.21630713720604494,8,0,1,5.267858159063328,172.0,-0.0015771880857962661,0.1900936817637529,0.18652532225117982,2.753116855673734,0.5916742973867719,14.306191448897655,38.255194759456224,14.424808449828001,0.0,0.17391304347826086,14.565217391304348,30.400000000000002,7.391304347826087,0.2608695652173913,34.82608695652174,0.98105131931256,0.1560469320794304,0.32420484052169896,0.2707403632251296,0.21074134605984673,0.06153846153846154,-0.05469441398041633,8.530805687203792,12.986946372228221,3.0,0.1841039050340936,0.2838728131124119,0.14117871989456657,0.2653329067682486,0.15495621507808371,-0.9857819905213271,-1.5734597156398107,0.1560469320794304,0.32420484052169896,0.2707403632251296,0.0858757916665737,0.18664764483992646,0,0,,,0,0,224.0,2265.52,2272.22,43,4,4887.95,,,-0.8095238095238095,1,8,9,0.11806710257517368,0.13800246265132193,50,0.8470478792583915,14.719214910853962,59,48,2.0,0.02040816326530612,3.0,0.04081632653061224,1088.50387676126,70.99031708753266,3167.477283161888,20.63307925625421,1828.5449890874665,6176.149545354401,0.10589727241371064,18:08,01:10,52:47,00:20,30:28,1:42:56,6176.149545354401,0.0,4.026956643061926,2.5,3,11.684231270598662,37.243397959259255,19.090250842566792,2.9210578176496655,2.863537626385019,73.8024755164594,0.2074,0.523,0.6961,0.8931,0.9899,4.812,1,3,11,6109.711301115921,6177.182803298587,6245.101425452315,6177.218524888714,2,0.0,0.34958000000003203
195144,678661,107730,Alessio Crociani,Italy,2026-04-26,Elite Men,standard,2,Uzbekistan,2026 World Triathlon Championship Series Samarkand,1,0,22.3,47.0,17.8,0,7.9,29.9,21.6,0.0,100.0,0.0,0.0,1,6,1056.7203791469194,3374.5355450236966,1916.8056872037914,6411.592417061613,44.345971563981045,21.383886255924168,65.7298578199052,8.366600265340756,105.46895277758284,262.7479781083006,142.86637113050782,6202,6202,164.75830783301944,193,3,5,0.16227480002990208,0.289909007715372,0.3735056536814851,-0.211230853651583,1.6666666666666667,0.6666666666666666,0.8333333333333334,1,0.2803139717425432,6,0,0.37735849056603776,0.5576923076923077,4,0,1,5.267858159063328,172.0,-0.1276342076854699,0.03437064168486299,0.21242093400014087,0.0,0.3380995985067268,0.6671832077199409,12.30133126716912,0.5175491695067657,0.0,1.0,0.375,1.0,1.75,0.25,9.75,0.979555567303736,0.051977884863743884,0.32067387990391283,0.2623197250120417,0.04115169605715585,0.015873015873015872,0.010826188806588033,2.843601895734597,1.6008956904272587,0.0,0.017344487548374986,0.2513829966678384,0.3194291578291299,0.73454658659991,0.16131873947109865,5.203791469194313,0.767772511848341,0.050405876792074346,0.32395942306758735,0.26472998307565115,0.11097222415686325,0.289909007715372,0,0,,,0,0,193.0,2112.14,2131.82,29,8,3806.63,,,-0.6666666666666667,1,4,14,0.22132846545061918,0.13800246265132193,50,0.7096249690492457,9.658640695020514,45,47,8.0,0.14285714285714285,6.0,0.10204081632653061,1075.9947047670648,71.13927958365835,3148.9658496188586,23.2567718159009,1864.7787860299734,6184.1353918154555,0.18391907694238516,17:55,01:11,52:28,00:23,31:04,1:43:04,6184.1353918154555,0.0,1.7401174654252891,7.5,7,2.0,32.98081588878331,30.0,0.5,4.0,69.48081588878331,0.16,0.4604,0.6462,0.8636,0.985,5.45,1,4,12,6118.780852735522,6184.601730902996,6252.465601701286,6185.579647732135,3,0.0,0.36122000000001464
195144,678661,132889,David Cantero Del Campo,Spain,2026-04-26,Elite Men,standard,2,Uzbekistan,2026 World Triathlon Championship Series Samarkand,1,0,22.3,47.0,17.8,0,7.9,29.9,21.6,0.0,100.0,0.0,0.0,1,10,1094.398104265403,3271.03317535545,1774.5592417061612,6214.440758293838,55.92890995260664,20.95260663507109,76.88151658767772,18.28022611092835,40.23638486080312,164.35135127727628,31.78049716414141,6195,6070,122.24524530631038,193,3,6,0.09908892128279882,0.09758856580115888,0.10056000130458469,-0.0014710800217858644,2.3,0.3,0.6,1,0.11294307196562835,10,0,0.06418678274633953,0.10142848604387064,3,2,1,5.267858159063328,172.0,0.001500355481639945,0.5143509192082835,0.2870240191589772,5.477847432556174,1.5069380855110235,41.536380925547654,84.61872226526731,24.574407727380027,0.0,0.08333333333333333,41.083333333333336,69.5,6.5,0.4166666666666667,67.83333333333333,0.9702332317884779,0.3107868836286546,0.3494932496183376,0.030919154632548268,0.4636744812580574,0.07936507936507936,-0.1528875976294028,26.682464454976305,29.992729084192923,17.0,0.2722129425568721,0.12219992493425695,0.04585397517039549,0.3282218807823144,0.060874099426887665,-1.2701421800947865,-1.066350710900474,0.3107868836286546,0.3494932496183376,0.030919154632548268,0.05840616839539938,0.09758856580115888,1,2,0.06388888888888888,-0.1041185230949746,0,0,168.0,2226.12,2226.12,24,5,4818.45,,,-1.2999999999999998,1,3,3,0.029008023536406094,0.13800246265132193,50,0.852176682735701,12.799118028727449,33,47,4.0,0.061224489795918366,4.0,0.061224489795918366,1131.9878593787166,71.87988215679417,3217.927703348408,21.691279403278916,1776.449376088783,6219.9361003759805,0.0498656721895718,18:51,01:11,53:37,00:21,29:36,1:43:39,6219.9361003759805,0.0,3.702312710450258,2.0,2,17.276108158029988,16.03232231018867,6.200395419262962,4.319027039507497,0.9300593128894442,44.75791223987856,0.007,0.0942,0.2855,0.7749,0.9969,7.9256,4,7,13,6183.387195071819,6219.947806571136,6256.216321201903,6219.922293331034,4,0.0,0.21974499999999225
195144,678661,98121,Ricardo Batista,Portugal,2026-04-26,Elite Men,standard,2,Uzbekistan,2026 World Triathlon Championship Series Samarkand,1,0,22.3,47.0,17.8,0,7.9,29.9,21.6,0.0,100.0,0.0,0.0,1,15,1086.6303317535546,3301.67298578199,1834.1232227488151,6293.094786729858,48.92890995260664,23.70142180094787,72.6303317535545,11.653734328940395,81.21253715083768,152.82420650943388,37.39620556254592,6285,6037,126.685775500984,193,3,7,0.30587949465500486,0.27170405085774074,0.2742908401720903,0.031588654482914535,1.5333333333333334,0.6,0.8666666666666667,1,0.2903133518227679,15,0,0.18051312973356218,0.16810730253353204,6,0,1,5.267858159063328,172.0,0.034175443797264116,0.35683876875396203,0.26454321335493414,4.663238712404029,0.7888990631823625,23.87997464253011,51.94343875466648,18.022092923224353,4.0,0.0,24.5625,50.5,7.375,0.375,22.5,0.9873183697669163,0.48421027178643966,0.41400636083817416,0.22188543663911062,0.475350741384407,0.21428571428571427,0.008859530402032634,25.042654028436022,24.761439188048303,13.0,0.1953713033200957,0.23347683986597997,0.2228149467743653,0.28642120355251105,0.26411465059957634,-1.8293838862559237,1.0047393364928912,0.48421027178643966,0.41400636083817416,0.22188543663911062,0.2004823745985069,0.27170405085774074,0,0,,,0,0,238.0,2149.46,2159.29,42,13,3141.62,,,-0.5333333333333334,1,6,11,0.20312350859298794,0.13800246265132193,50,0.7312426497157605,10.460447896842268,59,49,7.0,0.12244897959183673,9.0,0.16326530612244897,1097.3981217493863,71.78625102158182,3183.135883384121,22.634001084792462,1851.6478769173414,6226.602134157223,0.17533007556326302,18:17,01:11,53:03,00:22,30:51,1:43:46,6226.602134157223,0.0,2.8883235239032583,6.0,6,12.399321411501516,30.631573224856812,30.0,3.099830352875379,4.0,80.1307249892337,0.0458,0.1891,0.3329,0.61,0.9169,9.7769,2,8,20,6157.460760090171,6227.064372765873,6297.773369858144,6227.03241772047,5,0.0,0.3272650000000365
195144,678661,156380,João Nuno Batista,Portugal,2026-04-26,Elite Men,standard,2,Uzbekistan,2026 World Triathlon Championship Series Samarkand,1,0,22.3,47.0,17.8,0,7.9,29.9,21.6,0.0,100.0,0.0,0.0,1,4,1085.030769230769,3169.4,1846.753846153846,6190.107692307692,66.36923076923077,23.676923076923075,90.04615384615384,14.977761292440647,61.69548875998417,61.85736280616345,71.07742257566744,6077,6077,167.00099800100998,212,2,3,0.24957467781388049,0.24219376330288672,0.2383070082483675,0.011267669565512978,3.0,0.25,0.25,1,0.22857142857142856,4,0,0.65,0.2518727906120807,1,0,2,5.3612921657094255,191.0,0.0073809145109937635,0.268629961587708,0.37536491677336753,2.1101152368758003,1.5774647887323943,15.007682458386684,68.97311139564661,20.873428084528907,1.0,0.4,14.8,37.2,5.4,0.2,50.8,0.9755105967969113,0.2283860067867328,0.5633534896416815,0.07497142029762784,0.2073413671439557,0.031746031746031744,0.021044639642777085,10.900473933649291,9.916014532134625,2.0,0.2731497715591157,0.21713575378514846,0.08833321155671522,0.5358019547593007,0.34193069879265303,5.682464454976302,-0.0947867298578198,0.15862542826389261,0.6018866894225393,0.07310055520621825,0.263736070269281,0.24219376330288672,0,0,,,0,0,212.0,1880.1,1880.1,10,46,2053.79,,,-2.0,1,1,10,0.17361322103813392,0.13800246265132193,50,0.5339644672671761,1.6364148045050162,23,44,25.0,0.4897959183673469,25.0,0.4897959183673469,1104.3959838429137,72.91563759723512,3166.8200881874536,23.096451419046907,1860.3847065063792,6227.612867553029,0.4675659424114795,18:24,01:12,52:46,00:23,31:00,1:43:47,6227.612867553029,0.0,-0.905618755605274,22.5,24,17.335564402161207,28.487663896865197,11.94445712219631,4.333891100540302,1.7916685683294464,63.89324509009247,0.0214,0.127,0.2801,0.6264,0.96,9.4093,3,8,17,6173.66797666884,6228.299203586243,6281.782122800478,6227.947930913401,6,0.0,0.3015250000000292
195144,678661,79706,Charles Paquet,Canada,2026-04-26,Elite Men,standard,2,Uzbekistan,2026 World Triathlon Championship Series Samarkand,1,0,22.3,47.0,17.8,0,7.9,29.9,21.6,0.0,100.0,0.0,0.0,1,15,1105.3981042654027,3280.028436018957,1859.39336492891,6317.70616113744,50.12796208530805,25.161137440758292,75.28909952606635,11.090536506409418,77.51988992080247,151.619825315067,55.89786604666969,6272,6043,202.65217680031165,193,3,7,0.2302599611273081,0.31359681787406907,0.3381051218946353,-0.10784516076732723,1.5333333333333334,0.6666666666666666,0.8666666666666667,1,0.3137191649951074,15,0,0.1871809613407899,0.41149825783972127,7,0,0,5.267858159063328,172.0,-0.08333685674676097,0.3985982954145242,0.22634922871029087,5.025639219553427,0.4507994646756357,25.896809185039093,20.13840952313869,16.929340332764422,1.0,0.07692307692307693,24.46153846153846,34.0,6.076923076923077,0.38461538461538464,34.38461538461539,0.98397173660431,0.3958825236255639,0.20141943033137427,0.28095266542636016,0.42667722638379507,0.0784313725490196,-0.03079470275823115,21.67772511848341,22.951918874674103,6.0,0.19947942627695636,0.15060718173664142,0.16549076347521138,0.29912391496883106,0.6500424814475553,-1.4360189573459712,7.592417061611373,0.3958825236255639,0.20141943033137427,0.28095266542636016,0.2662756787333632,0.31359681787406907,0,0,,,0,0,238.0,2158.23,2158.71,57,11,3287.52,,,-0.5333333333333334,1,7,15,0.24501627560931627,0.13800246265132193,50,0.6834170252655987,7.784254394747944,67,46,6.0,0.10204081632653061,7.0,0.12244897959183673,1087.9642660342843,71.89643469354775,3192.9637010165625,23.641891609477934,1853.1858132694813,6229.652106623354,0.35508883095015625,18:07,01:11,53:12,00:23,30:53,1:43:49,6229.652106623354,0.0,1.524207182412714,10.5,9,12.660045151756382,19.75928284023113,22.37773645510483,3.1650112879390955,3.3566604682657246,61.31873620329716,0.0132,0.1031,0.2473,0.6158,0.9632,9.6073,3,9,17,6179.158854608842,6229.955273151099,6280.909926908641,6230.156450821131,7,0.0,0.34508000000003003
195144,678661,168603,Oliver Conway,Great Britain,2026-04-26,Elite Men,standard,2,Uzbekistan,2026 World Triathlon Championship Series Samarkand,1,0,22.3,47.0,17.8,0,7.9,29.9,21.6,0.0,100.0,0.0,0.0,1,3,1018.736842105263,3529.315789473684,1840.3684210526314,6457.631578947368,43.368421052631575,26.999999999999996,70.36842105263159,20.033305601755625,77.41016298480021,248.89154264458244,46.068789145508624,6589,6319,147.05554506149483,224,2,3,0.07647907647907648,0.06858054226475278,0.06184244290479856,0.01463663357427792,2.0,0.3333333333333333,0.6666666666666666,1,0.1111111111111111,3,0,0.030303030303030304,0.030303030303030304,1,1,1,5.41610040220442,203.0,0.007898534214323696,0.3773714285714285,0.05942857142857143,3.76,0.6342857142857142,21.97714285714286,31.457142857142856,13.889444433333777,6.0,0.0,25.25,36.2,8.0,0.75,39.25,0.9664093401127221,0.34296038068348245,0.22301784464736973,0.055692463900591356,0.4532498022275083,0.10638297872340426,-0.11028942154402588,16.938388625592417,20.123174690312037,6.0,0.27169695548859274,0.19692110326734166,0.1785882727859601,0.5643962202296376,0.11492596341845106,1.2037914691943123,0.9099526066350713,0.37084459330871994,0.1417123697677879,0.0843787088715342,0.17564225621131724,0.06858054226475278,0,0,,,0,0,281.0,1842.71,1842.71,7,19,2723.52,,,-1.0,1,1,1,0.0,0.13800246265132193,50,0.8088191597334108,12.787655565125906,15,36,32.0,0.6326530612244898,12.0,0.22448979591836735,1104.8744987016703,72.38609066739221,3214.7767158211173,22.737461838317888,1830.81024075734,6245.585007785838,0.2512629039390653,18:24,01:12,53:34,00:22,30:30,1:44:05,6245.585007785838,0.0,2.2169641792057524,7.5,7,17.243360823108993,25.83555267287174,24.148787632943638,4.310840205777248,3.6223181449415454,75.16085947964316,0.0139,0.0833,0.1861,0.4687,0.8756,11.9901,4,11,22,6184.031642304214,6245.769466682608,6308.017224120487,6245.7874753556025,8,0.0,0.3015250000000293
195144,678661,39264,Kenji Nener,Japan,2026-04-26,Elite Men,standard,2,Uzbekistan,2026 World Triathlon Championship Series Samarkand,1,0,22.3,47.0,17.8,0,7.9,29.9,21.6,0.0,100.0,0.0,0.0,1,23,1118.7962085308056,3219.3033175355445,1904.127962085308,6314.900473933649,51.83886255924171,22.981042654028435,74.81990521327015,9.497368056467012,68.43756278535933,77.4616033916159,76.86546688858398,6380,6156,80.9246563168482,193,2,5,0.49368318756073865,0.4319146878273342,0.32055281897224436,0.1731303685884943,1.9565217391304348,0.6086956521739131,0.6521739130434783,1,0.4174848089826211,23,0,0.24074074074074073,0.07887413384180982,5,0,0,5.267858159063328,172.0,0.061768499733404425,0.2426019581601747,0.4175065154610129,3.8862435725857574,0.6671832077199409,18.299006832429388,39.06416848629992,15.594905801463558,0.0,0.20833333333333334,13.625,30.499999999999996,6.166666666666667,0.4166666666666667,28.125,0.9854450009168323,0.207745902740897,0.5216927594701878,0.33073155720860004,0.2583385443979528,0.1206896551724138,-0.05059264165705579,14.298578199052134,15.552761445090661,7.0,0.14043108023847573,0.24829000328133238,0.3041787097798744,0.3389789483369749,0.238958289640419,-1.4312796208530805,-1.601895734597156,0.207745902740897,0.5216927594701878,0.33073155720860004,0.29293116058865665,0.4319146878273342,0,0,,,0,0,168.0,1958.7,2135.65,84,66,1782.08,,,-0.9565217391304348,1,5,26,0.3633341455625814,0.13800246265132193,50,0.5674430484723938,3.6323230787460177,57,47,14.0,0.2653061224489796,33.0,0.6530612244897959,1087.4852554246747,72.11048029213089,3187.847074134012,22.28733257758298,1877.4503932520352,6247.180535680436,0.41659238784588914,18:07,01:12,53:07,00:22,31:17,1:44:07,6247.180535680436,0.0,-0.23144043882497686,17.0,16,8.912517193931807,32.57502294821952,30.0,2.2281292984829517,4.0,77.71566944063429,0.0206,0.1021,0.2032,0.4529,0.8428,12.5452,3,11,23,6177.79986554292,6248.280652699175,6318.764837994623,6248.168768386406,9,0.0,0.3562450000000339
195144,678661,98130,Miguel Tiago Silva,Portugal,2026-04-26,Elite Men,standard,2,Uzbekistan,2026 World Triathlon Championship Series Samarkand,1,0,22.3,47.0,17.8,0,7.9,29.9,21.6,0.0,100.0,0.0,0.0,1,16,1065.5308056872038,3237.1232227488154,1935.4644549763032,6318.578199052133,59.23696682464455,22.838862559241704,82.07582938388626,19.768902949064316,45.58404064916538,264.5473222587704,122.0392208618665,6234,6059,260.822325950609,193,3,7,0.3993622448979592,0.40890867764598304,0.3734747159742558,0.025887528923703385,2.375,0.25,0.5,1,0.4455808477237049,16,0,0.3571792802092469,0.2432144115083347,4,1,2,5.267858159063328,172.0,-0.009546432748023859,0.08002253997323377,0.13115024300908643,0.504895400436712,0.6971191096710573,3.3094315700500108,24.986053391561597,4.06560778564124,0.0,0.5625,4.4375,9.5,3.4375,0.3125,24.9375,0.9818226359451057,0.0724810320610165,0.28016843928692514,0.4102773037178015,0.08073303884762761,0.05172413793103448,-0.008252006786611116,3.9241706161137437,3.857315511900916,0.0,0.05307932367475617,0.28264194326299996,0.31422752679989946,0.2851581397601621,0.137780658542909,-0.07692307692307661,0.12307692307692325,0.0724810320610165,0.28016843928692514,0.4102773037178015,0.261798631942778,0.40890867764598304,0,0,,,0,0,168.0,1928.4,1928.4,31,21,2633.52,,,-1.375,1,4,24,0.34032813538123025,0.13800246265132193,50,0.5263580328778307,0.9838389944261327,38,47,18.0,0.3469387755102041,13.0,0.24489795918367346,1083.1601591405724,72.54308055370016,3158.4031615674994,22.929015656637716,1913.32697412081,6250.36239103922,0.26982758209082947,18:03,01:12,52:38,00:22,31:53,1:44:10,6250.36239103922,0.0,-1.2413199182485521,15.5,14,3.368701459037291,37.08191093577473,30.0,0.8421753647593228,4.0,75.29278775957134,0.0236,0.1058,0.1965,0.4374,0.8241,12.9668,3,12,24,6177.022329916642,6251.180443128023,6324.104697431451,6250.580902099956,10,0.0,0.37571500000002905
195144,678661,86042,Vasco Vilaca,Portugal,2026-04-26,Elite Men,standard,2,Uzbekistan,2026 World Triathlon Championship Series Samarkand,1,0,22.3,47.0,17.8,0,7.9,29.9,21.6,0.0,100.0,0.0,0.0,1,16,1103.3744075829384,3280.151658767772,1886.6350710900472,6341.867298578198,48.6303317535545,24.611374407582936,73.24170616113744,9.974968671630002,80.17085921122879,124.33462912640228,149.2590589098922,6224,6074,219.51074385247446,193,3,6,0.3418974732750243,0.3585175065286778,0.3373187152121208,0.004578758062903476,1.25,0.875,0.9375,1,0.35756348212201255,16,0,0.0425531914893617,0.22807017543859648,6,0,0,5.267858159063328,172.0,-0.01662003325365352,0.366502782277946,0.28881735577939,4.6875396210467,1.1312249066704234,22.63921955342678,60.571458758892724,19.19397032226595,6.0,0.0,24.944444444444443,52.3,9.11111111111111,0.3333333333333333,34.77777777777778,0.979331045259215,0.3435653882406043,0.27278873634761963,0.1671564360341293,0.33739457990654736,0.12244897959183673,0.006170808334056921,19.018957345971565,17.925240358831555,7.0,0.19423678707442765,0.2979545525576949,0.3239348754359919,0.13231121832619303,0.36245019334748113,-2.971563981042654,1.8056872037914697,0.3435653882406043,0.27278873634761963,0.1671564360341293,0.04280313417913482,0.3585175065286778,0,0,,,0,0,238.0,2230.32,2230.32,45,3,4889.01,,,-0.25,1,6,21,0.289936964263925,0.13800246265132193,50,0.8285162958551838,14.56057011888786,53,46,3.0,0.04081632653061224,2.0,0.02040816326530612,1103.717904072522,70.81233154835185,3162.3506300578133,22.52034696824004,1897.4091338659175,6256.810346512845,0.14452918395707792,18:23,01:10,52:42,00:22,31:37,1:44:16,6256.810346512845,0.0,3.700779940858892,4.0,4,12.32731886385223,39.090886700323,30.0,3.0818297159630577,4.0,88.50003528013829,0.0237,0.0986,0.1835,0.4021,0.7694,14.02,4,13,26,6178.847229766865,6257.0981807576745,6338.017048968855,6257.526103432708,11,0.0,0.312940000000033
195144,678661,125064,Henry Graf,Germany,2026-04-26,Elite Men,standard,2,Uzbekistan,2026 World Triathlon Championship Series Samarkand,1,0,22.3,47.0,17.8,0,7.9,29.9,21.6,0.0,100.0,0.0,0.0,1,4,1043.753846153846,3271.107692307692,1825.030769230769,6214.753846153846,53.64615384615384,22.846153846153843,76.49230769230768,22.40535650240808,71.23844935613539,317.4744084174345,32.11437891869206,6235,6027,247.65971277810473,193,3,4,0.11358924522189828,0.10308154746692952,0.09531384127650881,0.01827540394538947,1.75,0.75,0.75,1,0.10122926363527865,4,0,0.65,0.11627906976744186,3,0,1,5.267858159063328,172.0,0.010507697754968764,0.10156209987195902,0.07265044814340588,1.5185659411011523,0.24583866837387963,8.492957746478874,1.4801536491677336,9.071934744033381,3.0,0.0,11.4,21.400000000000002,5.4,0.2,1.6,0.9794748054110504,0.13166479862087016,0.10063437697353822,0.2608706041658369,0.16856645874706394,0.061224489795918366,-0.03690166012619378,6.488151658767772,9.502180799881588,3.0,0.13959075547272348,0.10594824538714763,0.11661922801954752,0.20737697922771,0.3495536603266899,-0.5971563981042654,1.5308056872037912,0.13166479862087016,0.10063437697353822,0.2608706041658369,0.20073644510502797,0.10308154746692952,0,0,,,0,0,212.0,2205.14,2205.14,21,6,4804.28,,,-0.75,1,3,4,0.034501005202176735,0.13800246265132193,50,0.8377039538082849,12.787063010913107,26,47,5.0,0.08163265306122448,5.0,0.08163265306122448,1098.9816524453454,72.51202160512523,3198.497791445259,23.003948862519632,1871.1103219785539,6264.105736336803,0.16669432036188683,18:18,01:12,53:18,00:23,31:11,1:44:24,6264.105736336803,0.0,2.985916203291127,5.0,5,8.859185631498939,13.900142894192024,15.769305158895534,2.2147964078747346,2.36539577383433,43.10882586629556,0.0003,0.0045,0.0211,0.2208,0.8975,14.2924,8,14,21,6227.918643387851,6264.302246490842,6301.054128728842,6264.411478905673,12,0.0,0.3228200000000372
195144,678661,61357,Valentin Wernz,Germany,2026-04-26,Elite Men,standard,2,Uzbekistan,2026 World Triathlon Championship Series Samarkand,1,0,22.3,47.0,17.8,0,7.9,29.9,21.6,0.0,100.0,0.0,0.0,1,23,1067.2037914691941,3324.4075829383883,1896.4218009478673,6360.251184834123,51.23222748815166,22.767772511848342,74.0,18.41949450386133,46.138378818506396,274.94863156597086,76.97402159170326,6327,6205,256.4790981303891,193,5,9,0.5161969549724652,0.519682754618435,0.5169003584389658,-0.0007034034665005517,1.608695652173913,0.6086956521739131,0.8260869565217391,1,0.5294923449720478,23,0,0.3673576563887574,0.4440132657598788,6,1,2,5.267858159063328,172.0,-0.003485799645969845,0.5114094527012749,0.4436993731069945,5.311967317038811,1.4327674860886104,30.191589772487145,61.94900331055857,13.790093062291735,0.0,0.08333333333333333,28.416666666666668,46.0,8.333333333333334,0.4583333333333333,35.833333333333336,0.9954944507036461,0.4456319020499194,0.43704002928185487,0.485086546466928,0.46583105527695995,0.19047619047619047,-0.020199153227040523,26.075829383886255,25.019058835491272,15.0,0.1831713971819364,0.27264902563179066,0.213173267169226,0.267406299012496,0.5874281466140958,-1.6777251184834123,3.3601895734597154,0.4456319020499194,0.43704002928185487,0.485086546466928,0.45812827500668507,0.519682754618435,0,0,,,0,0,193.0,1844.32,1915.32,68,61,1836.04,,,-0.6086956521739131,1,6,38,0.45110221235368225,0.13800246265132193,50,0.3532218938168552,-5.255428847992114,70,48,31.0,0.6122448979591837,30.0,0.5918367346938775,1094.5781091947333,71.32716836527833,3171.61766374847,22.890859230168257,1905.5737783336547,6265.987578872305,0.49597144020696826,18:14,01:11,52:51,00:22,31:45,1:44:25,6265.987578872305,0.0,-2.929820934127445,32.0,32,11.625049270063496,35.770865316320325,28.825386334634512,2.906262317515874,4.0,83.12756323853421,0.0145,0.0661,0.1355,0.3382,0.739,15.1301,5,14,27,6191.5906363174045,6265.527848218251,6340.753724819383,6265.927745348936,13,0.0,0.3362650000000364
195144,678661,96667,Chase McQueen,United States,2026-04-26,Elite Men,standard,2,Uzbekistan,2026 World Triathlon Championship Series Samarkand,1,0,22.3,47.0,17.8,0,7.9,29.9,21.6,0.0,100.0,0.0,0.0,1,19,1074.2274881516587,3241.199052132701,1971.431279620853,6355.597156398104,48.62085308056872,21.81516587677725,70.43601895734598,11.937336386313323,45.72964027848896,118.26960725393486,57.58211527896487,6439,6145,125.02199806434066,193,3,5,0.4806243926141885,0.4262078053970403,0.3666332453199765,0.113991147294212,1.894736842105263,0.47368421052631576,0.6842105263157895,1,0.48566458539312585,19,0,0.34444653570624717,0.1831992502946203,4,1,0,5.267858159063328,172.0,0.054416587217148205,0.09432697048672255,0.09668662393463408,0.9309008945551878,0.2840036627456505,6.167570613509897,15.1954638303867,8.560004918837741,0.0,0.5,7.3,15.300000000000018,6.85,0.3,12.15,1.0051400380403204,0.2187828977744944,0.19644473173884935,0.7918367346938774,0.18530871980167873,0.061224489795918366,0.033474177972815655,6.308056872037914,7.341273609676365,0.0,0.16803055965292638,0.22254746741315587,0.18698410389050757,0.4433327177024656,0.4567180718441222,1.0769230769230766,2.3384615384615386,0.2187828977744944,0.19644473173884935,0.7918367346938774,0.4556488756640097,0.4262078053970403,1,1,0.125,-0.2779178201542513,0,0,238.0,1901.72,1985.91,45,65,1797.63,,,-0.894736842105263,1,4,25,0.3576272631322875,0.13800246265132193,50,0.50056427798743,-0.7554886535722409,49,45,22.0,0.42857142857142855,32.0,0.6326530612244898,1089.2054560126057,72.92803937868996,3131.7051170003692,21.769548635909793,1951.0217159321703,6266.629876959744,0.38959634084768674,18:09,01:12,52:11,00:21,32:31,1:44:26,6266.629876959744,0.0,-2.236013750094189,20.5,18,10.664129688880514,29.19766709188625,25.284075741075892,2.6660324222201286,3.7926113611613834,71.60451630522417,0.0065,0.0395,0.1027,0.3121,0.765,14.9676,5,14,25,6202.522710779505,6266.712806720514,6330.490591027888,6266.381081233522,14,0.0,0.3490000000000352
195144,678661,94563,Tjebbe Kaindl,Austria,2026-04-26,Elite Men,standard,2,Uzbekistan,2026 World Triathlon Championship Series Samarkand,1,0,22.3,47.0,17.8,0,7.9,29.9,21.6,0.0,100.0,0.0,0.0,1,27,1083.696682464455,3352.4786729857815,1916.6492890995257,6421.232227488152,47.3127962085308,22.924170616113745,70.23696682464455,15.45063824643572,88.81697785646367,211.62608534866396,73.94359712345319,6532,6160,149.13588136699735,193,6,10,0.6852769679300292,0.5731978245180682,0.4980456206000342,0.18723134732999502,1.9259259259259258,0.4074074074074074,0.7407407407407407,1,0.6246591426359269,27,0,0.43374736232539823,0.18745659467019912,8,0,2,5.267858159063328,172.0,0.11207914341196101,0.5091357329013172,0.3494963724730577,6.16052687187434,0.7367753750792421,35.4895400436712,77.52687187433965,18.962635324804896,5.0,0.038461538461538464,31.307692307692307,53.5,7.1923076923076925,0.3076923076923077,33.15384615384615,1.004140281778834,0.5952130469395195,0.39880065770383977,0.5893130566116347,0.5585994253523671,0.38461538461538464,0.03661362158715242,38.71563981042654,31.572197728878194,13.0,0.19086916206772658,0.2639401160336359,0.26853487227746925,0.023620793559859233,0.5899052876710289,-3.739336492890996,-0.06161137440758282,0.6269561853177289,0.4090530999129509,0.6366766611858014,0.34657402906100654,0.5731978245180682,0,0,,,0,0,212.0,1859.74,1989.25,54,33,2271.5,,,-0.9259259259259258,1,8,41,0.5046172822533155,0.13800246265132193,50,0.4188016066294316,-2.3166050710733925,72,48,29.0,0.5714285714285714,18.0,0.3469387755102041,1102.1529950065806,70.56718561063636,3162.050190989694,21.98905844189257,1910.221101278412,6266.980531327215,0.4039151957120016,18:22,01:10,52:42,00:21,31:50,1:44:26,6266.980531327215,0.0,-2.4049896922327934,22.0,23,12.113591135460702,34.628278316180754,30.0,3.0283977838651754,4.0,83.77026723550662,0.0149,0.0636,0.1305,0.3216,0.7257,15.3777,5,15,27,6193.236451219975,6267.91988498848,6342.721675244523,6267.710901937977,15,0.0,0.3184450000000356
195144,678661,104983,Max Stapley,Great Britain,2026-04-26,Elite Men,standard,2,Uzbekistan,2026 World Triathlon Championship Series Samarkand,1,0,22.3,47.0,17.8,0,7.9,29.9,21.6,0.0,100.0,0.0,0.0,1,16,1050.0568720379144,3416.3080568720375,1968.265402843602,6501.928909952607,44.36966824644549,24.739336492890995,69.10900473933648,13.688194426828787,73.32575718440735,263.85861112851074,48.551004109081,6481,6174,232.78201534196464,193,3,6,0.6402656300615484,0.582396750169262,0.4862553692730378,0.15401026078851054,1.9375,0.375,0.6875,1,0.5993365145885792,16,0,0.23273507842153954,0.36794406894414927,5,1,0,5.267858159063328,172.0,0.057868879892286396,0.15318870183841654,0.33859688666619714,2.6140029583714868,0.7888990631823625,11.701556666901459,41.8045361696133,16.480007380910173,0.0,0.2631578947368421,13.578947368421053,48.2,5.421052631578948,0.3684210526315789,25.842105263157894,1.0074078645445126,0.1919083422842821,0.5272108843537415,0.7633369137128535,0.1678113156208656,0.08163265306122448,0.02409702666341651,9.369668246445496,7.368106832231495,0.0,0.08450125579456962,0.25742471356349966,0.26509487196312065,0.343000358037952,0.577157178660938,-0.7894736842105262,1.263157894736842,0.1919083422842821,0.5272108843537415,0.7633369137128535,0.16317459415180696,0.582396750169262,0,0,,,0,0,224.0,1944.12,2085.89,32,32,2284.45,,,-0.9375,1,5,42,0.5138162079045092,0.13800246265132193,50,0.5781103803691209,3.105910373931347,44,46,15.0,0.2857142857142857,17.0,0.32653061224489793,1095.0316595107606,73.36514060203045,3149.8107730670226,22.582217846126206,1936.519279096445,6277.309070122385,0.33101061209274346,18:15,01:13,52:29,00:22,32:16,1:44:37,6277.309070122385,0.0,-0.22430355851773254,13.0,12,5.36290751234704,33.773473925441394,30.0,1.34072687808676,4.0,74.4771083158752,0.0055,0.0345,0.0872,0.2556,0.6844,16.6531,6,16,28,6207.3237572874505,6276.1912997784675,6347.75121886989,6277.0110564854285,16,0.0,0.3307450000000398
195144,678661,74423,Jack Willis,Great Britain,2026-04-26,Elite Men,standard,2,Uzbekistan,2026 World Triathlon Championship Series Samarkand,1,0,22.3,47.0,17.8,0,7.9,29.9,21.6,0.0,100.0,0.0,0.0,1,21,1099.7725118483413,3216.3981042654027,1878.6208530805688,6268.170616113744,53.69668246445497,21.838862559241708,75.53554502369667,16.328230495406142,31.898275815473163,245.82412412129125,55.80646119501855,6304,6090,244.14226271672925,193,5,9,0.3251065261269343,0.3323547136681869,0.35692860655075503,-0.03182208042382073,2.0,0.3333333333333333,0.7619047619047619,1,0.4611777200734675,21,0,0.3163102571965172,0.2548623878020032,5,3,1,5.267858159063328,172.0,-0.007248187541252615,0.4333662041276326,0.36933718391209414,3.7269141367894627,1.0940339508346835,22.0765654715785,51.618158765936464,13.022631562258226,1.0,0.043478260869565216,24.043478260869566,39.0,5.826086956521739,0.43478260869565216,37.47826086956522,0.9929207063493891,0.4183456104335224,0.35679024272430865,0.4575606810771646,0.3945951649836651,0.18461538461538463,0.023750445449857327,18.725118483412324,16.246962102206382,0.0,0.17627634253493246,0.2598319013873051,0.22063562427821667,0.21465161212413958,0.1177424224127521,-3.446153846153846,-2.784615384615384,0.39609708972346325,0.42164231373022587,0.45472044439077397,0.37419348480747644,0.3323547136681869,1,1,0.525,0.19476320475624392,0,0,193.0,1875.73,1946.61,55,29,2385.38,,,-1.0,1,5,17,0.2637741714034341,0.13800246265132193,50,0.5010704370822248,0.6725214084540647,66,49,27.0,0.5306122448979592,15.0,0.2857142857142857,1095.671766938383,72.06062973234928,3182.0337383923907,22.282628945485992,1907.3607046633447,6279.409468671953,0.468248897638138,18:15,01:12,53:02,00:22,31:47,1:44:39,6279.409468671953,0.0,-1.8473732717315157,26.0,28,11.187451745426031,34.08929090383294,29.834449663681784,2.796862936356508,4.0,81.90805524929726,0.0058,0.0378,0.0849,0.2441,0.6492,17.2461,6,17,29,6207.270104959031,6281.13003114903,6353.02039968427,6280.545960085185,17,0.0,0.33294000000003704
195144,678661,98547,Takumi Hojo,Japan,2026-04-26,Elite Men,standard,2,Uzbekistan,2026 World Triathlon Championship Series Samarkand,1,0,22.3,47.0,17.8,0,7.9,29.9,21.6,0.0,100.0,0.0,0.0,1,23,1101.6540284360187,3331.710900473933,1915.3981042654027,6424.5639810426555,55.507109004739334,22.81042654028436,78.31753554502369,14.241120876164342,44.63556130859489,203.04327476814254,127.0901442359114,6491,6094,227.81383377034604,193,3,7,0.5221132608887711,0.5092808342639081,0.5187705934741074,0.0033426674146637136,1.8695652173913044,0.5652173913043478,0.7391304347826086,1,0.5862053187537313,23,0,0.679519554087611,0.17933141289000806,5,1,1,5.267858159063328,172.0,0.012832426624862947,0.33267450869902093,0.3863323237303656,4.054941184757343,1.5067972106783123,23.59061773614144,102.35937169824611,14.43030998121129,0.0,0.23076923076923078,14.076923076923077,30.0,5.923076923076923,0.3076923076923077,50.92307692307692,0.9905446521933217,0.3162689476688029,0.48964165975115476,0.3968303305811769,0.30785957378241136,0.015151515151515152,0.008409373886391569,20.09004739336493,18.2142388676983,0.0,0.27896365819557284,0.31974491582682074,0.29804726433988965,0.8120346886321718,0.7430036243649578,2.417061611374407,8.492890995260662,0.3832117092628848,0.5508866661552674,0.4622255537286004,0.3698318505946953,0.5092808342639081,0,0,,,0,0,168.0,1800.95,1917.34,71,40,2178.12,,,-0.8695652173913044,1,5,36,0.44070029199915534,0.13800246265132193,50,0.4241837202303299,-4.7049672912662315,74,48,34.0,0.673469387755102,22.0,0.42857142857142855,1093.8216977611619,72.44105592103907,3182.3486295577645,23.615409353180965,1910.910728364441,6283.137520957588,0.49018723033664624,18:13,01:12,53:02,00:23,31:50,1:44:43,6283.137520957588,0.0,-2.6063829392452784,30.5,31,17.704545147185755,40.0,30.0,4.426136286796439,4.0,96.13068143398219,0.0122,0.0535,0.1039,0.2595,0.6157,17.8488,5,17,31,6201.502917786836,6283.15409577253,6367.009457954165,6283.579062972377,18,0.0,0.32461000000003076
195144,678661,164894,John Reed,United States,2026-04-26,Elite Men,standard,2,Uzbekistan,2026 World Triathlon Championship Series Samarkand,1,0,22.3,47.0,17.8,0,7.9,29.9,21.6,0.0,100.0,0.0,0.0,1,16,1061.9715639810424,3411.445497630332,1822.9289099526065,6371.5118483412325,51.473933649289094,25.037914691943126,76.51184834123224,14.263395263556445,50.4752414555889,293.8011421201611,34.24340974714859,6439,6035,259.6782196830874,193,6,9,0.46164561062520243,0.4023802196449454,0.34703767753278614,0.11460793309241629,2.125,0.375,0.625,1,0.44454963940463416,16,0,0.15399108377831783,0.2196106315044941,6,3,0,5.267858159063328,172.0,0.059265390980257016,0.34527294498837785,0.5080129604846094,3.7985489892230753,1.684299499894344,20.694935549764036,125.75445516658449,12.018735374406079,4.0,0.05,17.65,35.2,5.4,0.45,61.75,0.9985505927322404,0.4741771590152649,0.8043376592343098,0.1498882017261881,0.44554206552733705,0.15151515151515152,0.028635093487927865,23.549763033175353,21.0642749707764,8.0,0.16967473400999558,0.21855694828725308,0.10213415130455979,0.4492879616301496,0.6330831858809874,0.4976303317535545,0.7914691943127962,0.4741771590152649,0.8043376592343098,0.1498882017261881,0.3202888738433762,0.4023802196449454,0,0,,,0,0,212.0,1976.0,2024.43,40,12,3227.84,,,-1.125,1,6,23,0.3337996773801926,0.13800246265132193,50,0.5389633193867074,1.2497052554708166,44,48,13.0,0.24489795918367346,8.0,0.14285714285714285,1095.6462661096875,73.46246069473311,3266.945401668566,24.519217111970768,1828.2013141861207,6288.7746597710775,0.3439913009088737,18:15,01:13,54:26,00:24,30:28,1:44:48,6288.7746597710775,0.0,0.6366220012959074,10.5,9,10.768477901557626,28.674121035324717,13.810626484308814,2.6921194753894064,2.071593972646322,58.016938869226884,0.0005,0.0046,0.0196,0.1233,0.6243,18.3529,10,18,27,6237.019351875614,6289.696338749189,6340.858433251244,6289.146963107348,19,0.0,0.3304650000000381
195144,678661,128063,Yanis Seguin,France,2026-04-26,Elite Men,standard,2,Uzbekistan,2026 World Triathlon Championship Series Samarkand,1,0,22.3,47.0,17.8,0,7.9,29.9,21.6,0.0,100.0,0.0,0.0,1,10,1086.7630331753553,3180.1232227488154,1868.7582938388623,6212.696682464455,51.38388625592417,25.65876777251185,77.04265402843602,18.01850900231944,25.540817005987364,97.83446904508315,88.83083173463292,6347,6022,145.7600768386186,344,1,4,0.4285951589938301,0.3319520610618115,0.25176152308936106,0.17683363590446904,2.8,0.1,0.4,1,0.7142857142857143,10,0,0.17058811330927792,0.10411746974525363,1,2,1,5.84354441703136,323.0,0.09664309793201858,0.37601746847925616,0.2853208424314996,5.974079030781151,0.8185532154680566,36.0714939776009,69.83573994505882,16.721787638233593,23.0,0.0,38.27272727272727,50.0,4.818181818181818,0.2727272727272727,56.0,0.9837497432653303,0.2504594254763517,0.48505349189847535,0.2605610474292675,0.35952926056506973,0.15517241379310345,-0.10906983508871804,13.526066350710902,17.35705692975461,0.0,0.2277011638431993,0.2365138592711455,0.22983374408127988,0.20300975431846216,0.16692825193486446,-3.2748815165876772,-0.5308056872037914,0.2504594254763517,0.48505349189847535,0.2605610474292675,0.24075709708626059,0.3319520610618115,1,1,0.05,-0.2035697592972594,0,0,168.0,1938.36,1993.47,29,44,2109.02,,,-1.7999999999999998,1,1,16,0.2633715187970587,0.13800246265132193,50,0.5485843934341875,3.1739495076003132,31,47,16.0,0.30612244897959184,24.0,0.46938775510204084,1116.2778270585447,72.62518694770061,3195.544147124705,21.73725216215064,1901.4246660069518,6307.609079300053,0.4383726352332813,18:36,01:12,53:15,00:21,31:41,1:45:07,6307.609079300053,0.0,-1.141374403438894,21.5,20,14.451149520352255,31.03002252007615,30.0,3.6127873800880637,4.0,83.09395942051647,0.0026,0.0124,0.0342,0.1245,0.4594,21.3728,10,21,33,6234.970173098695,6307.5109252743405,6380.340370525839,6307.4300354042625,20,0.0,0.2708000000000191
195144,678661,50700,Bence Bicsák,Hungary,2026-04-26,Elite Men,standard,2,Uzbekistan,2026 World Triathlon Championship Series Samarkand,1,0,22.3,47.0,17.8,0,7.9,29.9,21.6,0.0,100.0,0.0,0.0,1,29,1109.8009478672986,3251.0995260663503,1901.1516587677727,6336.184834123223,49.573459715639814,26.20379146919431,75.77725118483413,10.121484300459318,64.21210512391292,144.8586475767939,46.183811497584784,6279,6028,141.58929259579546,239,4,9,0.20843442272013699,0.28626475281061287,0.38645331509879277,-0.17801889237865579,1.8620689655172413,0.5172413793103449,0.7931034482758621,1,0.6496119674789502,29,0,0.24894956071443153,0.1938825052623775,4,3,2,5.480638923341991,218.0,-0.07783033009047588,0.4541339719659083,0.4460562090582517,5.6552088469394945,1.136014650982602,32.28759597097979,76.00802986546454,17.191844688965865,11.0,0.0,32.17857142857143,53.30000000000001,5.678571428571429,0.35714285714285715,53.964285714285715,0.97911154516488,0.4639774917026102,0.36527074820913685,0.12030102598822982,0.47676918494667914,0.3230769230769231,-0.012791693244068925,27.75829383886256,29.936553420415002,19.0,0.21340131796741044,0.33921241833971855,0.25891962392182144,0.564135390675675,0.5794838652658557,-0.11374407582938392,-0.8957345971563981,0.4760619557652321,0.5878617844824315,0.22851542303427733,0.3050979315362579,0.28626475281061287,0,0,,,0,0,281.0,1870.88,2057.95,62,51,1988.65,,,-0.8620689655172413,1,4,13,0.21768421054586007,0.13800246265132193,50,0.49574097108423537,-0.20959235896138306,68,48,28.0,0.5510204081632653,28.0,0.5510204081632653,1112.929036718824,72.78194560434194,3208.4382617159217,24.401180611724584,1888.7860736242983,6307.33649827511,0.5095319980961251,18:32,01:12,53:28,00:24,31:28,1:45:07,6307.33649827511,0.0,-2.6562658969762425,32.0,32,13.543603825894051,40.0,30.0,3.3859009564735127,4.0,90.92950478236756,0.0043,0.021,0.0478,0.1468,0.4666,21.4724,8,21,35,6227.402687779766,6308.00923941867,6389.377573984287,6307.769288024294,21,0.0,0.2790350000000223
195144,678661,160628,Michael Gar,Great Britain,2026-04-26,Elite Men,standard,2,Uzbekistan,2026 World Triathlon Championship Series Samarkand,1,0,22.3,47.0,17.8,0,7.9,29.9,21.6,0.0,100.0,0.0,0.0,1,1,1017.0,3421.0,1949.0,6479.0,62.0,32.0,94.0,8.0,50.0,130.0,80.0,6479,6479,120.0,393,0,1,0.4393939393939394,0.4393939393939394,0.4393939393939394,0.0,3.0,0.0,0.0,3,0.7,1,1,0.65,0.4393939393939394,0,0,1,5.976350909297934,372.0,0.0,0.12000000000000001,0.26857142857142857,1.0,0.42857142857142855,5.714285714285714,35.42857142857143,2.8284271247461903,4.0,0.0,6.0,7.6,18.5,0.5,41.0,0.9899368803465035,0.09209841520415839,0.5564491767714724,0.3379710463844988,0.11273494187502801,0.05172413793103448,-0.020636526670869626,7.123222748815166,7.756201845748157,3.0,0.06248413326703168,0.2666304681378836,0.3895044642263581,0.17764527681563214,0.12889954603504658,-1.5071090047393363,-4.862559241706161,0.0886906370842734,0.4959137572471163,0.23323578572256026,0.17820531226084765,0.4393939393939394,0,0,,,0,0,168.0,1758.36,1758.36,7,83,1562.77,,,-2.0,1,0,28,0.3708133971291866,0.13800246265132193,50,0.6211439296806703,3.1206646685893977,12,32,38.0,0.7551020408163265,39.0,0.7755102040816326,1085.1962641158439,74.22802790327707,3233.352231080314,22.2274188954193,1903.9664461862178,6318.970388181072,0.4488582734110813,18:05,01:14,53:53,00:22,31:43,1:45:18,6318.970388181072,0.0,-0.7076198224890106,21.5,20,3.965581630111022,34.981245734830146,30.0,0.9913954075277555,4.0,73.93822277246892,0.0008,0.0057,0.0186,0.0798,0.3862,23.1428,12,23,35,6249.031453330407,6318.685444477445,6389.6145003201955,6318.74564307914,22,0.0,0.36302000000003554
195144,678661,158469,Márton Kropkó,Hungary,2026-04-26,Elite Men,standard,2,Uzbekistan,2026 World Triathlon Championship Series Samarkand,1,0,22.3,47.0,17.8,0,7.9,29.9,21.6,0.0,100.0,0.0,0.0,1,3,1067.578947368421,3159.052631578947,1862.631578947368,6168.473684210526,55.73684210526315,24.894736842105257,80.63157894736841,21.501937897160182,9.865765724632494,191.70376452572165,39.17056718166503,6073,6009,220.0007575744532,212,3,3,0.15007780890133832,0.1435844513243894,0.13960562926736003,0.010472179633978285,1.6666666666666667,0.3333333333333333,1.0,1,0.2,3,0,0.09281045751633989,0.6,1,2,0,5.3612921657094255,191.0,0.0064933575769489105,0.034057142857142855,0.18800000000000003,0.0,0.7028571428571428,0.9771428571428571,17.56,1.4142135623730951,0.0,1.0,1.0,2.4000000000000004,2.25,0.25,21.25,0.9788079555681642,0.10513949706786906,0.4789390372792704,0.2355150193024459,0.08529679582691986,0.02127659574468085,0.019842701240949195,4.161137440758294,3.2194758595802266,0.0,0.10791462648321044,0.23606321046912115,0.11636387485732783,0.6193037154431204,0.2817642932786863,0.3846153846153846,-3.338461538461538,0.09889022887142576,0.4839828672830827,0.22282624575775373,0.27231027524914125,0.1435844513243894,1,1,0.037037037037037035,-0.1526154629900606,0,0,238.0,1878.41,1878.41,6,30,2365.02,,,-0.6666666666666667,1,1,6,0.07500390905963662,0.13800246265132193,50,0.6663067688619518,6.420612512876948,17,45,26.0,0.5102040816326531,16.0,0.30612244897959184,1100.3098376439225,69.92245365031131,3222.8159149741778,23.449484310138814,1904.5153085244647,6321.012999103014,0.4772683628100114,18:20,01:09,53:42,00:23,31:44,1:45:21,6321.012999103014,0.0,0.39889116570912864,20.5,18,6.84884686762402,30.970898532507082,15.734776187929816,1.712211716906005,2.360216428189472,57.6269497331564,0.0001,0.0005,0.0028,0.0284,0.327,23.6342,15,24,33,6268.379171831613,6321.877985391613,6375.210350530702,6321.622796199499,23,0.0,0.3262750000000392
195144,678661,103124,Harry Leleu,Great Britain,2026-04-26,Elite Men,standard,2,Uzbekistan,2026 World Triathlon Championship Series Samarkand,1,0,22.3,47.0,17.8,0,7.9,29.9,21.6,0.0,100.0,0.0,0.0,1,17,1071.0189573459716,3409.5450236966817,1883.7014218009479,6426.113744075829,40.6824644549763,22.42654028436019,63.10900473933649,14.706655441864214,76.2751909988088,255.21195672840813,60.08803065978639,6284,6149,255.32062009876728,193,4,7,0.33298447584161867,0.3348403646304797,0.4000859910187986,-0.06710151517717994,2.2941176470588234,0.23529411764705882,0.5882352941176471,1,0.46091051805337513,17,0,0.4713967322472492,0.21016060863326236,4,1,2,5.267858159063328,172.0,-0.0018558887888610598,0.3124012115235613,0.37620342325843487,5.077833345072903,0.8548284848911742,27.207015566669014,54.091286891596816,16.574305485877268,6.0,0.0,27.526315789473685,42.8,7.7368421052631575,0.42105263157894735,59.89473684210526,0.9929673986346114,0.3735548840785661,0.5169578490940829,0.36578155489874303,0.3778022064569369,0.13043478260869565,-0.0042473223783708325,23.260663507109005,24.458966058456234,9.0,0.24984162985708117,0.2721189917955043,0.2619852060950984,0.3826744919147262,0.22010478017071874,-0.8909952606635072,-2.8672985781990517,0.45766499844978553,0.5282534721173561,0.47654951683387703,0.4687013684375531,0.3348403646304797,1,1,0.3148148148148148,-0.05753548627297356,0,0,224.0,1887.03,1887.03,43,48,2024.47,,,-1.2941176470588234,1,4,18,0.26625982236572693,0.13800246265132193,50,0.4798406729942264,-1.1049060348538773,45,47,24.0,0.46938775510204084,27.0,0.5306122448979592,1109.1870275728688,72.57101105418904,3202.1029703896147,22.502866467855803,1916.2015270951385,6322.5654025796675,0.4416127510554118,18:29,01:12,53:22,00:22,31:56,1:45:22,6322.5654025796675,0.0,-3.025488017732423,28.5,29,15.856303448494728,35.70132621223969,30.0,3.964075862123682,4.0,89.5217055228581,0.0016,0.0101,0.024,0.0976,0.3692,23.6878,11,24,36,6242.658634603487,6322.579505155893,6401.235208922756,6322.36604140294,24,0.0,0.2931450000000269
195144,678661,80663,Darr Smith,United States,2026-04-26,Elite Men,standard,2,Uzbekistan,2026 World Triathlon Championship Series Samarkand,1,0,22.3,47.0,17.8,0,7.9,29.9,21.6,0.0,100.0,0.0,0.0,1,19,1088.8578199052133,3282.3127962085305,1944.8957345971562,6395.54028436019,56.23696682464455,25.459715639810423,81.69668246445497,13.498677183868267,26.477753465341966,215.59800555663776,77.20554661791748,6527,6088,222.338223691487,193,5,8,0.5870659952292606,0.5829955420341337,0.5422802844477886,0.04478571078147198,1.894736842105263,0.42105263157894735,0.7368421052631579,1,0.6676281998674127,19,0,0.33261946672725895,0.14906997226688481,7,1,0,5.267858159063328,172.0,0.0040704531951268885,0.3894921462280763,0.3682580826935268,3.7776290765654714,1.126223850109178,20.996266816933154,93.03888145382827,12.348970646308615,0.0,0.3157894736842105,14.052631578947368,32.4,8.105263157894736,0.3157894736842105,40.1578947368421,1.005671181034561,0.31561264316153004,0.5823539368353977,0.5667556596098154,0.36303698370321147,0.05357142857142857,-0.04742434054168143,17.881516587677723,16.775074230558825,8.0,0.22340301993286374,0.3480209786689509,0.2135100669292016,0.655680803126938,0.70947597048298,1.066350710900474,1.1990521327014219,0.31561264316153004,0.5823539368353977,0.5667556596098154,0.49472842114491283,0.5829955420341337,0,0,,,0,0,193.0,1765.76,1844.47,54,72,1692.32,,,-0.894736842105263,1,7,43,0.514414999769381,0.13800246265132193,50,0.3305351631857659,-7.263593090257393,73,49,36.0,0.7142857142857143,36.0,0.7142857142857143,1091.0823530994603,74.600188041587,3216.8946440107143,23.721149758042614,1925.3955265497557,6331.69386145956,0.572232647282044,18:11,01:14,53:36,00:23,32:05,1:45:31,6331.69386145956,0.0,-3.334061399455382,34.5,34,14.17836602087474,40.0,28.87092855166589,3.544591505218685,4.0,90.59388607775932,0.0008,0.0077,0.0199,0.0725,0.3115,25.273,12,25,38,6252.819419546091,6333.574183705707,6411.8199096989,6332.70251586976,25,0.0,0.3353150000000338
195144,678661,63651,Tom Richard,France,2026-04-26,Elite Men,standard,2,Uzbekistan,2026 World Triathlon Championship Series Samarkand,1,0,22.3,47.0,17.8,0,7.9,29.9,21.6,0.0,100.0,0.0,0.0,1,14,1072.2559241706158,3289.6161137440754,1969.0000000000002,6404.303317535545,52.25592417061612,22.549763033175356,74.80568720379146,17.461863207191456,32.58834147360065,139.06443350715764,99.7609643096938,6484,6194,170.80666458504092,330,2,4,0.7201985445340926,0.6675111119164037,0.5679408355887015,0.15225770894539115,1.9285714285714286,0.5714285714285714,0.6428571428571429,1,0.6470438398077969,14,0,0.08771929824561403,0.37903700539853435,3,0,1,5.802118375377063,309.0,0.052687432617688934,0.28324293864901035,0.5194519969007537,3.525463126012538,0.8429949989434388,17.844192435021483,83.33507078960344,10.710219008441948,7.0,0.0,17.642857142857142,30.100000000000016,6.428571428571429,0.5,47.785714285714285,0.973375609213903,0.14787561820763484,0.33317069393721466,0.10396309857183135,0.24166577689879035,0.09523809523809523,-0.0937901586911555,16.265402843601894,15.122202387262377,0.0,0.19182414275245233,0.30303115062818714,0.3448117010649284,0.5107783892560235,0.05884578038949769,4.9230769230769225,-3.446153846153846,0.14787561820763484,0.33317069393721466,0.10396309857183135,0.1016729527499666,0.6675111119164037,0,0,,,0,0,168.0,2033.75,2092.19,51,28,2440.66,,,-0.9285714285714286,1,3,48,0.5989305696516509,0.13800246265132193,50,0.5225415151414673,2.2242980375590427,49,46,11.0,0.20408163265306123,14.0,0.2653061224489796,1101.2196498322537,71.76506052957721,3259.5197259574566,20.26407546414097,1890.826209987205,6343.5947217706325,0.3607718270602632,18:21,01:11,54:19,00:20,31:30,1:45:43,6343.5947217706325,0.0,0.42802482467411856,12.0,11,12.174199383706299,39.75692357840783,30.0,3.0435498459265746,4.0,88.97467280804071,0.0007,0.0048,0.0125,0.0516,0.2475,27.0358,14,27,39,6263.705071081347,6344.26928821921,6424.252027420689,6344.4393182833555,26,0.0,0.3192850000000354
195144,678661,76425,Seth Rider,United States,2026-04-26,Elite Men,standard,2,Uzbekistan,2026 World Triathlon Championship Series Samarkand,1,0,22.3,47.0,17.8,0,7.9,29.9,21.6,0.0,100.0,0.0,0.0,1,21,1054.308056872038,3339.0,1999.080568720379,6487.189573459716,70.34597156398104,26.00473933649289,96.35071090047393,45.43860326491855,91.73590458744161,262.15371717481224,137.3249535122545,6137,6137,318.7876588398168,212,4,7,0.46802721088435373,0.46503723764387267,0.44376710843362327,0.02426010245073046,1.619047619047619,0.6190476190476191,0.8095238095238095,1,0.48581383250624044,21,0,0.4816422626184829,0.20526400879490408,6,0,1,5.3612921657094255,191.0,0.0029899732404810586,0.16365429316052688,0.21614566457702333,1.620835387757977,0.7934070578291188,9.030147214200182,18.18877227583292,7.463765283541023,0.0,0.13636363636363635,10.772727272727273,19.800000000000004,8.0,0.36363636363636365,14.318181818181818,1.0009880150762676,0.2662783279454593,0.6072582500795493,0.5631379658700538,0.24166265864748054,0.02702702702702703,0.02461566929797876,12.369668246445498,11.5725625156443,0.0,0.16285061285729024,0.2648320012942925,0.24706485650664486,0.5066481699043728,0.3466273409680156,0.9763033175355449,2.1374407582938395,0.28081656286284107,0.5596727498874139,0.5749222620145396,0.4172610031843467,0.46503723764387267,0,0,,,0,0,224.0,1846.57,1979.34,66,76,1665.65,,,-0.6190476190476191,1,6,30,0.39645669537911987,0.13800246265132193,50,0.42908351530403654,-2.4988119583547284,75,46,30.0,0.5918367346938775,37.0,0.7346938775510204,1098.1994489099245,74.30415332339285,3178.6755932974,24.496345106970086,1973.6598932212535,6349.3354338589415,0.4848601090179623,18:18,01:14,52:58,00:24,32:53,1:45:49,6349.3354338589415,0.0,-2.5158456877931927,29.5,30,10.335382200779158,34.745291415577064,30.0,2.5838455501947895,4.0,81.664519166551,0.0001,0.0013,0.0066,0.029,0.2074,27.8534,16,28,39,6276.883765849264,6348.964969944829,6423.108875905866,6349.447078514937,27,0.0,0.3203950000000369
195144,678661,33705,Nicola Azzano,Italy,2026-04-26,Elite Men,standard,2,Uzbekistan,2026 World Triathlon Championship Series Samarkand,1,0,22.3,47.0,17.8,0,7.9,29.9,21.6,0.0,100.0,0.0,0.0,1,15,1082.2369668246442,3305.971563981043,1968.6682464454975,6428.274881516588,49.39810426540284,23.127962085308056,72.52606635071089,18.57268005551284,45.732920309116494,111.0346542501234,71.40553199857837,6368,6125,150.34608223842898,239,4,9,0.3436459373959374,0.43778752842733887,0.5111284461379525,-0.1674825087420151,2.4,0.26666666666666666,0.6,1,0.7853316326530613,15,0,0.3739632954823304,0.392014306404376,4,2,3,5.480638923341991,218.0,-0.09414159103140146,0.1702669578079876,0.35154610128900476,1.8165105303937452,0.901669366767627,9.973726843699373,72.47784743255617,11.635332070076572,3.0,0.0,15.666666666666666,24.199999999999996,5.933333333333334,0.4666666666666667,84.46666666666667,0.976106375238203,0.11348211314236034,0.36418796623852484,0.3018710931854634,0.16560154655882842,0.017241379310344827,-0.052119433416468075,8.587677725118484,10.398719994873451,0.0,0.2054199841145474,0.25344583173206375,0.2714710943406066,0.21273430726299705,0.27151863025887846,-0.8530805687203792,2.644549763033175,0.11600092134837235,0.3630390361796422,0.2917074811261167,0.17347121139450464,0.43778752842733887,0,0,,,0,0,168.0,1893.88,1893.88,58,42,2128.83,,,-1.4,1,4,27,0.36920698616258607,0.13800246265132193,50,0.39073493818521404,-3.2623635121885743,68,48,23.0,0.4489795918367347,23.0,0.4489795918367347,1114.8649801310444,71.52429963263786,3240.4848251827734,21.023730333228006,1905.2135267397473,6353.11136201943,0.6063275196424182,18:34,01:11,54:00,00:21,31:45,1:45:53,6353.11136201943,0.0,-3.8712906617104,38.0,36,13.03706513749719,33.25145465259771,30.0,3.2592662843742977,4.0,83.5477860744692,0.0001,0.0013,0.0042,0.0263,0.1903,28.3632,16,29,40,6278.487501565575,6352.676051287946,6426.918612747016,6352.508901181686,28,0.0,0.27823500000002255
195144,678661,116270,Gergely Kiss,Hungary,2026-04-26,Elite Men,standard,2,Uzbekistan,2026 World Triathlon Championship Series Samarkand,1,0,22.3,47.0,17.8,0,7.9,29.9,21.6,0.0,100.0,0.0,0.0,1,7,1081.7251184834124,3272.2274881516587,2021.601895734597,6444.260663507111,46.07582938388626,23.473933649289098,69.54976303317535,19.235384061671343,35.37937252128703,120.38687636117153,134.65325840840242,6553,6068,232.50634399947026,239,3,5,0.553831585081585,0.4785623209396718,0.401699539568461,0.15213204551312404,3.0,0.14285714285714285,0.2857142857142857,1,0.78125,7,0,0.3939393939393939,0.3170514465533299,1,1,3,5.480638923341991,218.0,0.0752692641419132,0.1519264633373248,0.23705148975135593,1.7334648165105304,0.37867155032753397,10.20088751144608,30.344791153060505,7.224956747275377,1.0,0.18181818181818182,9.0,13.0,4.2727272727272725,0.18181818181818182,26.90909090909091,1.0128435370216047,0.291633958458603,0.7154740993603553,0.6131847502531321,0.23852630065401842,0.06060606060606061,0.053107657804584596,16.071090047393366,13.785583722774984,4.0,0.1619621844522139,0.27935014390743756,0.2735200521069933,0.15782162996110186,0.2833781993226813,-2.516587677725118,-1.4928909952606635,0.34188039448702956,0.8175239452490637,0.49359229125647536,0.4398745270821949,0.4785623209396718,0,0,,,0,0,288.0,1745.01,1832.52,26,123,1290.06,,,-2.0,1,1,31,0.40998177867491903,0.13800246265132193,50,0.3789983234533742,-4.887117261943014,47,49,40.0,0.7959183673469388,47.0,0.9387755102040817,1094.5564149453926,72.1115844018514,3246.9503731949635,24.176515516875874,1920.5692913752466,6358.364179434329,0.6199926382564552,18:14,01:12,54:06,00:24,32:00,1:45:58,6358.364179434329,0.0,-4.439991702579387,41.5,41,10.278997720773917,36.65003515289482,30.0,2.5697494301934793,4.0,83.49878230386221,0.0001,0.0008,0.0039,0.0236,0.1683,29.2929,17,30,41,6281.434257808715,6359.423218727345,6435.184288444273,6359.002158992579,29,0.0,0.3374900000000369
195144,678661,110784,Aoba Yasumatsu,Japan,2026-04-26,Elite Men,standard,2,Uzbekistan,2026 World Triathlon Championship Series Samarkand,1,0,22.3,47.0,17.8,0,7.9,29.9,21.6,0.0,100.0,0.0,0.0,1,26,1111.3554502369668,3343.729857819905,1917.2890995260661,6447.890995260664,53.658767772511844,23.6824644549763,77.34123222748816,10.993386441608676,54.11183705152607,248.9760850143863,72.36347647309883,6497,5992,265.298082780997,193,6,11,0.6727405247813412,0.6238191959248154,0.5780854766147695,0.09465504816657166,1.7692307692307692,0.5,0.8461538461538461,1,0.6956035485089623,26,0,0.3075085737144736,0.2631787330316742,7,3,1,5.267858159063328,172.0,0.04892132885652578,0.6329294921462282,0.5424892582940058,9.508065084172712,2.0126787349440023,59.50764245967458,116.20180319785871,20.82801641554634,15.0,0.0,50.96296296296296,78.80000000000001,4.925925925925926,0.2222222222222222,98.48148148148148,1.0075314654362328,0.7562137411482542,0.5136909347821494,0.33829138562871897,0.6874874234786917,0.2558139534883721,0.0687263176695625,46.459715639810426,44.01957091037152,0.0,0.24920144490432974,0.2781749768693731,0.297291288313706,0.5323742004292047,0.3889022482665235,-0.8720379146919431,-1.8578199052132698,0.7562137411482542,0.5136909347821494,0.33829138562871897,0.36014255183185045,0.6238191959248154,1,1,0.275,-0.19773664379827305,0,0,168.0,1751.87,1831.18,61,47,2026.1,,,-0.7692307692307692,1,7,45,0.5552386536600626,0.13800246265132193,50,0.3497023755429212,-7.300925078649184,67,49,39.0,0.7755102040816326,26.0,0.5102040816326531,1149.4398343446576,72.37385629429016,3258.189061542518,22.936186670914843,1859.5637004115317,6362.502639263913,0.6211334893490696,19:09,01:12,54:18,00:22,30:59,1:46:02,6362.502639263913,0.0,-3.3446862017823453,38.0,36,15.815673842933021,36.495856197934785,30.0,3.9539184607332554,4.0,90.26544850160106,0.0004,0.0021,0.0049,0.0226,0.161,29.8002,17,30,41,6284.391890403014,6362.918718980423,6441.124768510706,6363.041742816295,30,0.0,0.1492499999999891
195144,678661,90031,Ren Sato,Japan,2026-04-26,Elite Men,standard,2,Uzbekistan,2026 World Triathlon Championship Series Samarkand,1,0,22.3,47.0,17.8,0,7.9,29.9,21.6,0.0,100.0,0.0,0.0,1,24,1098.047393364929,3416.7914691943124,1931.4407582938386,6527.284360189572,59.98578199052133,23.00473933649289,82.99052132701422,21.209879168891423,55.246417681752604,273.95180186227964,41.3451699346257,6519,6118,248.2607964961908,193,7,13,0.7900712666018789,0.694709352935487,0.6616391105205444,0.12843215608133451,1.625,0.5,0.9166666666666666,1,0.7758273396248689,24,0,0.5196003069173616,0.06102941176470588,8,4,1,5.267858159063328,172.0,0.0953619136663919,0.5627315630062689,0.5598830738888498,7.445939282947101,2.07374797492428,50.36655631471437,135.90131717968586,18.746817911799905,8.0,0.0,39.54545454545455,66.6,5.333333333333333,0.35294117647058826,63.76470588235294,1.0201974245834067,0.5726857981848292,0.5470597325382187,0.609635668834184,0.6127619568490802,0.3,-0.04007615866425096,36.03317535545024,35.80193835991222,0.0,0.23496704350117192,0.25845744254750586,0.22446885728612664,0.6835896443885611,0.5858378923830794,12.28909952606635,2.672985781990521,0.5726857981848292,0.5470597325382187,0.609635668834184,0.4982600054996155,0.694709352935487,1,1,0.6,0.11849686438009932,0,0,162.0,1607.91,1841.18,99,93,1461.06,,,-0.625,1,8,49,0.6261288106707342,0.13800246265132193,50,0.2038154945110825,-12.794571514487043,85,49,50.0,1.0,42.0,0.8367346938775511,1148.5358121496247,73.08337811557944,3232.1056320981443,23.698506257423144,1886.7949385618103,6364.218267182582,0.7386675792172438,19:08,01:13,53:52,00:23,31:26,1:46:04,6364.218267182582,0.0,-3.569382065252485,42.0,43,14.912281609279802,33.908965366533266,30.0,3.7280704023199505,4.0,86.54931737813303,0.0002,0.0007,0.0036,0.0188,0.1439,30.1126,18,31,41,6289.51521179713,6364.621039284808,6440.274180978281,6364.6518094514395,31,0.0,0.1534699999999887
195144,678661,116917,Denis Kolobrodov,Individual Neutral Athlete,2026-04-26,Elite Men,standard,2,Uzbekistan,2026 World Triathlon Championship Series Samarkand,1,0,22.3,47.0,17.8,0,7.9,29.9,21.6,0.0,100.0,0.0,0.0,1,6,1111.592417061611,3474.938388625592,1903.1848341232226,6589.1421800947855,67.43601895734596,32.33175355450236,99.76777251184834,38.16630276391292,39.27170312918281,242.41672109544479,99.44931707491342,6967,6187,279.34095057235464,190,5,6,0.10765160765160765,0.17639390625172616,0.22795879464322436,-0.1203071869916167,2.8333333333333335,0.0,0.3333333333333333,2,0.7,6,0,0.3939393939393939,0.15349808562478245,0,2,4,5.25227342804663,169.0,-0.0687422986001185,0.31108121434105795,0.1977474114249489,4.675494822849898,0.660139466084384,28.15939987321265,25.192012396985284,18.75214273470787,7.0,0.0,30.25,54.0,5.75,0.625,33.625,0.9773119679328295,0.24300507185122572,0.3755917159763313,0.20041561003099462,0.3955810027889107,0.08928571428571429,-0.15257593093768496,11.061611374407587,20.78918677037912,0.0,0.2159066691531954,0.2837707555728853,0.25965818210631486,0.5344885883347421,0.2720414201183432,-0.2769230769230769,-1.569230769230769,0.37141445511010734,0.46885831559744606,0.43458389436650313,0.49948345901524527,0.17639390625172616,1,1,0.16666666666666666,-0.16462176868328102,0,0,190.0,1737.63,1737.63,16,92,1466.11,,,-1.8333333333333335,1,0,8,0.10781336398697337,0.13800246265132193,50,0.2715364344328694,-7.293833604344009,24,46,42.0,0.8367346938775511,41.0,0.8163265306122449,1092.3992561086998,73.40577856558762,3212.407085531722,22.287972215208736,1965.916708949961,6366.416801371179,0.6839745894914987,18:12,01:13,53:32,00:22,32:45,1:46:06,6366.416801371179,0.0,-4.063777707038949,41.5,41,13.702606985894157,37.23000826717265,30.0,3.425651746473539,4.0,88.35826699954035,0.0001,0.0006,0.0036,0.0201,0.1443,30.4949,18,31,42,6290.279683533765,6367.290691266713,6445.80860267276,6367.636562380436,32,0.0,0.332845000000032
195144,678661,56027,Diego Moya,Chile,2026-04-26,Elite Men,standard,2,Uzbekistan,2026 World Triathlon Championship Series Samarkand,1,0,22.3,47.0,17.8,0,7.9,29.9,21.6,0.0,100.0,0.0,0.0,1,18,1071.3649289099526,3437.6777251184835,1907.2890995260664,6503.056872037914,58.990521327014214,28.644549763033172,87.63507109004739,48.582918808980594,109.47998294970029,240.49864864485204,104.23435134349904,6307,6307,162.96257239010436,193,4,6,0.2912979728232145,0.3548203277319908,0.4268053068807807,-0.1355073340575662,2.111111111111111,0.3888888888888889,0.6666666666666666,1,0.5027810674971115,18,0,0.6573376184549176,0.12517132563364294,5,0,1,5.267858159063328,172.0,-0.06352235490877628,0.24716348524336126,0.33787701627104316,4.5389871099528065,0.9898570120447981,20.734239628090442,66.99528069310419,14.901342221424215,0.0,0.3,12.55,27.20000000000003,5.4,0.4,37.65,0.9855575815801658,0.06800674872094012,0.6956786206625329,0.24016830478761725,0.14447924650782573,0.015873015873015872,-0.07647249778688561,5.175355450236967,8.291414307344077,0.0,0.24965667771445935,0.2591331042216397,0.27067749047460493,0.5306444852822645,0.489005479966993,1.412322274881517,4.137440758293838,0.06800674872094012,0.6956786206625329,0.24016830478761725,0.2114002930514519,0.3548203277319908,0,0,,,0,0,175.0,2018.77,2020.49,62,17,2822.49,,,-1.1111111111111112,1,5,20,0.286239785467238,0.13800246265132193,50,0.42916679141200187,-2.0386759832980035,78,47,12.0,0.22448979591836735,10.0,0.1836734693877551,1092.3703614476199,73.01971600984312,3244.525215288023,24.47777547195499,1934.7448077984336,6369.137876015875,0.4317047799637829,18:12,01:13,54:04,00:24,32:14,1:46:09,6369.137876015875,0.0,-1.7905493776515409,21.5,20,15.844565383471142,33.997610476079636,30.0,3.9611413458677855,4.0,87.80331720541857,0.0002,0.001,0.0024,0.0157,0.133,30.6666,19,31,42,6292.723978923531,6367.944114290978,6444.783939246777,6368.269064004501,33,0.0,0.32905500000003174
195144,678661,106589,Jonas Osterholt,Germany,2026-04-26,Elite Men,standard,2,Uzbekistan,2026 World Triathlon Championship Series Samarkand,1,0,22.3,47.0,17.8,0,7.9,29.9,21.6,0.0,100.0,0.0,0.0,1,10,1036.3554502369668,3557.184834123223,1967.2085308056871,6626.545023696683,42.00473933649289,25.668246445497626,67.67298578199053,19.778776504121787,67.48333127521195,328.10623279663554,91.77853779615363,6979,6355,252.69507316131035,224,3,5,0.633033633033633,0.5167387904354729,0.4060628292784858,0.22697080375514722,2.9,0.1,0.2,1,0.9166666666666666,10,0,0.30303030303030304,0.27263818912219584,1,1,3,5.41610040220442,203.0,0.11629484259816014,0.3642516024512221,0.2807381841234064,4.285201098823695,1.1495386349228711,23.42973867718532,104.8240473339438,16.537010832454797,3.0,0.0,21.545454545454547,43.0,8.0,0.2727272727272727,57.90909090909091,0.996321129113126,0.43424600847329053,0.41651816141822323,0.3783033832024147,0.40852327163758856,0.15217391304347827,0.025722736835701976,20.341232227488153,18.183167888857362,0.0,0.20283899654081589,0.2851234620116357,0.23125178698632884,0.24331041408622284,0.40161387654175623,-3.9099526066350703,2.4644549763033172,0.5079979656993875,0.5366371385328731,0.4858746703533433,0.26236909764412564,0.5167387904354729,0,0,,,0,0,168.0,1698.78,1719.04,40,96,1447.63,,,-1.9,1,1,37,0.4481582481707201,0.13800246265132193,50,0.3442621857773816,-4.866604843941448,43,46,46.0,0.9183673469387755,44.0,0.8775510204081632,1110.1985290203213,71.70537849762574,3218.1350288695003,23.228685111973135,1948.9333993258542,6372.201020825275,0.6086712100734295,18:30,01:11,53:38,00:23,32:28,1:46:12,6372.201020825275,0.0,-4.754679790707729,43.0,44,12.87326168252737,37.4074799442525,30.0,3.2183154206318423,4.0,87.49905704741171,0.0002,0.0008,0.002,0.0175,0.1227,31.2066,19,32,42,6293.906015067806,6372.059183257515,6448.936211655231,6372.228371077204,34,0.0,0.2904100000000274
195144,678661,123461,Ian Pennekamp,Netherlands,2026-04-26,Elite Men,standard,2,Uzbekistan,2026 World Triathlon Championship Series Samarkand,1,0,22.3,47.0,17.8,0,7.9,29.9,21.6,0.0,100.0,0.0,0.0,1,11,1084.1800947867298,3422.81990521327,1884.516587677725,6454.383886255923,42.14218009478673,22.260663507109005,64.40284360189573,14.688998150543375,63.168821423230625,250.20285103624752,42.306815841737205,6495,6034,202.78231349569586,193,5,6,0.5435137424933343,0.5023719294498696,0.4547920143034324,0.08872172818990187,2.4545454545454546,0.2727272727272727,0.36363636363636365,1,0.6095596133190117,11,0,0.27450980392156865,0.3502295038585315,3,1,2,5.267858159063328,172.0,0.04114181304346465,0.5743847291681341,0.44542790730436005,7.728956821863774,1.2308234133971967,46.10234556596464,99.59428048179193,25.201631340495048,8.0,0.0,44.3,76.2,6.1,0.2,73.2,0.9964662746539736,0.6033910306819552,0.46709426689409606,0.3913039704302841,0.541356706501087,0.15942028985507245,0.06203432418086818,39.72037914691943,35.988563233228724,8.0,0.30467350324200915,0.3469373324341184,0.23640182316567887,0.3987395842801924,0.22922201580468926,-0.40758293838862536,0.05687203791469179,0.7684822208298113,0.5702323129952579,0.5152777368932325,0.26974470908827564,0.5023719294498696,0,0,,,0,0,224.0,1796.38,1825.03,21,77,1656.98,,,-1.4545454545454546,1,3,34,0.43379138718511684,0.13800246265132193,50,0.34231010361845515,-6.203021266013933,28,49,35.0,0.6938775510204082,38.0,0.7551020408163265,1146.6475932111707,71.85450163660842,3224.0133849743643,23.42437000249064,1909.7887007149764,6375.72855053961,0.5747464564733062,19:06,01:11,53:44,00:23,31:49,1:46:15,6375.72855053961,0.0,-3.403071895015925,36.5,35,19.336231207284193,40.0,30.0,4.834057801821048,4.0,98.17028900910523,0.0001,0.0013,0.0036,0.0211,0.1328,31.5297,19,32,43,6291.230870272881,6376.332841970112,6459.759245888887,6375.6884975708435,35,0.0,0.1648549999999881
195144,678661,106885,Tim Hellwig,Germany,2026-04-26,Elite Men,standard,2,Uzbekistan,2026 World Triathlon Championship Series Samarkand,1,0,22.3,47.0,17.8,0,7.9,29.9,21.6,0.0,100.0,0.0,0.0,1,11,1162.5924170616113,3191.5687203791467,1859.9241706161138,6290.151658767773,54.914691943127956,22.412322274881515,77.32701421800948,18.520259177452136,50.20956084253277,50.212880153734794,47.500877184882945,6360,6164,105.35811944664414,556,0,3,0.42355685131195336,0.3398070333719689,0.3178568704297338,0.10569998088221955,1.8181818181818181,0.5454545454545454,0.7272727272727273,1,0.4118526560630415,11,0,0.10391156462585034,0.18901730702589845,3,0,0,6.322565239927284,535.0,0.08374981793998448,0.31408748327111363,0.30976966964851727,2.9976051278439106,0.6561949707684722,17.93815594843981,277.94449531591175,6.837397165588672,4.0,0.0,14.25,23.400000000000002,8.833333333333334,0.25,303.5,0.9953098503828225,0.412055779634163,0.4890567123182326,0.4472692863980944,0.3588609175188716,,0.0531948621152914,18.298578199052127,15.889859046967999,,0.2108187810410492,0.12960642444251816,0.18027187269951667,0.310573048585347,0.2890176697292751,-2.886255924170616,0.39810426540284377,0.412055779634163,0.4890567123182326,0.4472692863980944,0.23282274156692925,0.3398070333719689,0,0,,,0,0,635.0,2044.15,2081.98,33,139,1186.26,,,-0.8181818181818181,1,3,19,0.2712264911072161,0.13800246265132193,50,0.6695206897989331,9.024460823177643,36,36,10.0,0.1836734693877551,48.0,0.9591836734693877,1103.5665075567097,72.33962458887864,3219.2305458631927,23.714552475461087,1968.249719641519,6387.100950125761,0.4349417905542138,18:23,01:12,53:39,00:23,32:48,1:46:27,6387.100950125761,0.0,0.06991409919299915,18.0,17,13.379702040612106,17.004036387513846,24.37644478051036,3.3449255101530264,3.656466717076554,61.76157543586589,0.0,0.0,0.0,0.0001,0.0197,33.8476,26,34,41,6335.362411438992,6387.36236136673,6439.149824204596,6387.4195829111195,36,0.0,0.30829000000003187
195144,678661,158485,Andrés Prieto Villar,Spain,2026-04-26,Elite Men,standard,2,Uzbekistan,2026 World Triathlon Championship Series Samarkand,1,0,22.3,47.0,17.8,0,7.9,29.9,21.6,0.0,100.0,0.0,0.0,1,3,1060.3157894736842,3181.368421052631,1912.6315789473683,6241.105263157894,55.05263157894736,32.473684210526315,87.52631578947368,18.193405398660254,39.92910383834494,200.66638981154767,72.26571340084683,6037,6037,227.71107424394916,351,1,3,0.40424964911969014,0.4395303019394026,0.47286927016362157,-0.06861962104393143,3.0,0.0,0.3333333333333333,2,0.7,3,0,0.29411764705882354,0.5704016913319239,0,1,2,5.863631175598097,330.0,-0.03528065281971249,0.23908571428571423,0.5514285714285714,3.16,0.7942857142857143,26.52,52.81142857142857,17.423642940938997,3.0,0.0,28.25,40.300000000000004,9.5,0.75,51.25,1.005679933579125,0.33624900004210345,0.5437872089596227,0.28055408193339226,0.2944602098111636,0.2222222222222222,0.04178879023093984,17.81516587677725,16.94618896264213,0.0,0.1568191032923865,0.34586604228281137,0.2848246037761946,0.4036377415687761,0.47556355521872756,-0.2769230769230768,-0.03076923076923053,0.36501578880889224,0.4118213969938108,0.304241505620816,0.3765303964370517,0.4395303019394026,0,0,,,0,0,168.0,1714.3,1714.3,15,180,906.86,,,-2.0,1,0,29,0.3709497596746498,0.13800246265132193,50,0.44471236081140403,-1.1628150682441254,25,39,44.0,0.8775510204081632,50.0,1.0,1107.5138443565904,71.320233202616,3228.5049736569936,25.68078128915265,1954.7219244376981,6387.741756943052,0.6512615353402247,18:27,01:11,53:48,00:25,32:34,1:46:27,6387.741756943052,0.0,-4.25291682553017,41.0,40,9.95258992565543,40.0,30.0,2.4881474814138573,4.0,86.44073740706929,0.0001,0.0005,0.0015,0.0089,0.0812,33.3895,22,34,43,6310.182413083367,6388.1483562118265,6467.682720825086,6388.3265469105445,37,0.0,0.30025500000003125
195144,678661,144208,Mathis Beaulieu,Canada,2026-04-26,Elite Men,standard,2,Uzbekistan,2026 World Triathlon Championship Series Samarkand,1,0,22.3,47.0,17.8,0,7.9,29.9,21.6,0.0,100.0,0.0,0.0,1,2,1110.8,3229.6,1856.6,6264.400000000001,34.8,32.6,67.4,0.7071067811865476,22.627416997969522,290.62088706767105,21.920310216782973,6428,6019,289.20667350529794,337,2,2,0.10893246187363835,0.11960784313725491,0.1289488017429194,-0.020016339869281044,2.0,0.0,1.0,2,0.7,2,1,0.11960784313725491,0.6,0,2,0,5.823045895483019,316.0,-0.010675381263616557,0.44571428571428573,0.2942857142857143,7.571428571428571,1.0,49.0,42.285714285714285,34.64823227814083,28.0,0.0,52.5,72.1,5.5,1.0,43.5,0.9798755004714568,0.45087069792952145,0.45347227935463225,0.11617585029349735,0.4434568770119183,0.2222222222222222,0.00741382091760312,16.872037914691944,20.707310247508403,0.0,0.17846829207358142,0.22794466372955577,0.10437723589898143,0.42290258760846994,0.5740601881778352,-1.8307692307692305,3.246153846153847,0.5266441504831597,0.44905088032023016,0.14940738655908933,0.22059063674933818,0.11960784313725491,1,1,0.05555555555555555,-0.16695231708711608,0,0,281.0,1935.14,1935.14,17,34,2269.12,,,-1.0,1,0,5,0.051027300872502124,0.13800246265132193,50,0.5058782097629905,0.19851288003925108,21,44,17.0,0.32653061224489793,19.0,0.3673469387755102,1124.8619898563047,70.2256481896466,3255.350223191479,25.64473962585156,1915.2824336766357,6391.365034539918,0.4714345888581676,18:44,01:10,54:15,00:25,31:55,1:46:31,6391.365034539918,0.0,-1.015440324596364,24.0,27,11.326564738919101,29.905765652195832,14.113937405392287,2.8316411847297753,2.1170906108088428,60.29499959204584,0.0,0.0,0.0,0.0003,0.0177,34.4328,26,35,42,6338.622558097224,6391.789783260931,6445.616746434506,6391.765938500866,38,0.0,0.2511450000000097
195144,678661,167968,Hugo Milner,Great Britain,2026-04-26,Elite Men,standard,2,Uzbekistan,2026 World Triathlon Championship Series Samarkand,1,0,22.3,47.0,17.8,0,7.9,29.9,21.6,0.0,100.0,0.0,0.0,1,10,1096.4123222748817,3308.3838862559237,1782.7819905213269,6265.450236966824,54.36492890995261,24.881516587677723,79.24644549763033,15.042162965034871,40.890096600521744,122.02199255325519,50.281872147590796,6358,6038,132.80273591559273,330,2,6,0.3080660835762877,0.2833586757749501,0.30570473688068966,0.00236134669559801,1.9,0.5,0.7,1,0.3457590861291577,10,0,0.19005847953216373,0.1746937667025628,5,0,1,5.802118375377063,309.0,0.024707407801337566,0.512358949073748,0.6361273508487709,6.2190603648658165,1.6011833485947735,32.33119673170388,120.14270620553638,23.89793110524656,17.0,0.0,44.888888888888886,67.2,3.6666666666666665,0.3333333333333333,130.44444444444446,1.000285546340537,0.6380546747856364,0.760837237223346,0.18505037910486674,0.6079866015515998,0.5918367346938775,0.030068073234036596,28.22748815165877,29.273515869370026,21.0,0.13495048639597831,0.18285875056859224,0.10907752460571411,0.735296544952207,0.7631104997119391,1.5023696682464454,2.2369668246445493,0.6380546747856364,0.760837237223346,0.18505037910486674,0.6346688292524446,0.2833586757749501,0,0,,,0,0,330.0,1914.27,1966.62,20,55,1916.08,,,-0.8999999999999999,1,5,12,0.2147781335101973,0.13800246265132193,50,0.5249816831298086,-0.3086488199789409,22,45,20.0,0.3877551020408163,29.0,0.5714285714285714,1138.5315820294718,72.5970520583704,3314.073668901327,24.925338320346004,1858.765289278572,6408.8929305880865,0.4384132514172759,18:58,01:12,55:14,00:24,30:58,1:46:48,6408.8929305880865,0.0,-1.8193137156470667,23.5,26,8.564689015360038,23.99060742411488,14.749512586347473,2.1411722538400095,2.212426887952121,51.65840816761452,0.0,0.0,0.0,0.0,0.003,36.9647,30,38,43,6363.737185353614,6409.758493543886,6454.815602760779,6409.2156039120455,39,0.0,0.19672999999998453
195144,678661,54025,Jérémy Quindos,Uzbekistan,2026-04-26,Elite Men,standard,2,Uzbekistan,2026 World Triathlon Championship Series Samarkand,1,0,22.3,47.0,17.8,0,7.9,29.9,21.6,0.0,100.0,0.0,0.0,1,10,1130.5545023696682,3402.3649289099526,2022.24644549763,6619.573459715639,40.50236966824644,25.601895734597157,66.1042654028436,8.018728078691781,32.645060882161026,117.36055555424062,78.88726132906378,6628,6497,149.98833287959434,193,3,5,0.6269890351523004,0.48831033401341334,0.38248992240482177,0.24449911274747865,2.8,0.1,0.2,1,0.9591836734693877,10,0,0.37037037037037035,0.19541518505012176,1,1,3,5.267858159063328,172.0,0.13867870113888708,0.3127872085651899,0.30519264633373244,5.137212087060647,0.9079382968232725,33.79101218567303,76.98217933366205,28.46908654819977,0.0,0.3,22.6,40.89999999999998,3.9,0.2,61.6,0.9996800741407038,0.3760017102714583,0.5011710871208238,0.5181046381139348,0.24843531504470817,0.030303030303030304,0.12756639522675012,38.11374407582937,23.119133442838855,0.0,0.24878179282255095,0.21591209706523978,0.28459395236189516,0.362505106732514,0.3602355061646283,-0.29383886255924185,0.848341232227488,0.5181332587347623,0.5467397873412909,0.7475396986675181,0.13025036419897984,0.48831033401341334,1,1,0.37037037037037035,0.0759124468196491,0,0,239.0,1741.6,1813.5,36,104,1369.95,,,-1.7999999999999998,1,1,33,0.41972979174866054,0.13800246265132193,50,0.16910732547646645,-14.082751371830039,28,39,41.0,0.8163265306122449,45.0,0.8979591836734694,1109.2818088058414,72.18538382369512,3217.244485810979,24.72679920597918,1994.1690011677558,6417.60747881425,0.7514642327311455,18:29,01:12,53:37,00:24,33:14,1:46:57,6417.60747881425,0.0,-4.5403997709186505,47.0,48,15.789040448188985,28.327123217800473,30.0,3.947260112047246,4.0,82.06342377803671,0.0,0.0,0.0002,0.0008,0.0193,37.4104,28,39,45,6347.524187810357,6418.280190769589,6489.106418206324,6418.136843431314,40,0.0,0.2911950000000265
195144,678661,123682,Maciej Bruzdziak,Poland,2026-04-26,Elite Men,standard,2,Uzbekistan,2026 World Triathlon Championship Series Samarkand,1,0,22.3,47.0,17.8,0,7.9,29.9,21.6,0.0,100.0,0.0,0.0,1,16,1084.0710900473932,3239.6824644549765,2003.0331753554503,6402.364928909952,53.63981042654028,23.98578199052133,77.62559241706161,15.597046423693723,24.307553205889377,136.79259587314763,75.8710136632279,6465,6143,154.98847883448812,193,6,8,0.6080287059878896,0.5052387155696726,0.49848497385993096,0.10954373212795865,2.5625,0.125,0.5,1,0.5975510204081632,16,0,0.3934731122365845,0.5209296812641981,2,3,3,5.267858159063328,172.0,0.10278999041821701,0.09207156441501727,0.16557019088539832,1.7995351130520532,0.7897443121786293,9.593576107628373,26.138057336056914,11.740953964648698,0.0,0.4375,11.625,27.5,5.0625,0.25,252.5625,1.0023264463060177,0.11460264049825734,0.4731498736856248,0.7351470328656752,0.10680035841611003,0.019230769230769232,0.0078022820821473104,10.976303317535544,10.097010386341294,0.0,0.08178742750306266,0.2828593632748147,0.1872399173479335,0.5324856376635835,0.4218560476545228,1.2511848341232226,0.8246445497630333,0.14421836832127963,0.5303782763498404,0.7095260512999173,0.22190581059355827,0.5052387155696726,1,2,0.2685185185185185,-0.2642719188093404,0,0,212.0,1765.61,1765.61,39,68,1758.73,,,-1.5625,1,2,35,0.4366581733049198,0.13800246265132193,50,0.336871658010146,-6.732590587920057,47,48,37.0,0.7346938775510204,35.0,0.6938775510204082,1107.474493883658,73.37226089649059,3236.37902137423,24.03987334414938,1979.9605394354596,6421.226188933988,0.573923790820642,18:27,01:13,53:56,00:24,32:59,1:47:01,6421.226188933988,0.0,-4.452646177561861,40.0,39,5.190673265709041,37.11043589360899,25.318666953369164,1.2976683164272602,3.7978000430053744,72.71524447211982,0.0,0.0,0.0,0.0004,0.0152,37.847,29,39,45,6351.585453453739,6421.238392731967,6490.71196119573,6421.3632534015605,41,0.0,0.2936050000000304
195144,678661,92430,Callum McClusky,Australia,2026-04-26,Elite Men,standard,2,Uzbekistan,2026 World Triathlon Championship Series Samarkand,1,0,22.3,47.0,17.8,0,7.9,29.9,21.6,0.0,100.0,0.0,0.0,1,13,1115.303317535545,3402.6872037914686,1895.3696682464454,6481.85308056872,43.3175355450237,26.398104265402843,69.71563981042654,9.616454152970858,64.84854148963825,145.45544236736455,55.45182379241247,6485,6330,108.73493327484832,193,3,7,0.5097595856524428,0.4791374671367901,0.5686445047664397,-0.05888491911399685,1.9230769230769231,0.5384615384615384,0.7692307692307693,1,0.7097766015361975,13,0,0.42616321270386776,0.35789473684210527,5,1,1,5.267858159063328,172.0,0.03062211851565272,0.5206536592237796,0.44593364795379303,7.477776995139818,1.356976826090019,43.4085370148623,121.60836796506304,22.218757899900236,7.0,0.0,48.55555555555556,65.0,4.166666666666667,0.5,107.16666666666667,0.9943132716707581,0.4479830345707752,0.6048872030727982,0.2785964473092804,0.5244184387174398,0.21052631578947367,-0.07643540414666455,36.48815165876777,32.49231989433914,9.0,0.25217891448452484,0.22871114187462407,0.33275469333246593,0.1917438464535228,0.19228704203058125,-3.1421800947867298,-0.22274881516587705,0.4479830345707752,0.6048872030727982,0.2785964473092804,0.2660152763698558,0.4791374671367901,0,0,,,0,0,175.0,1906.99,1912.49,64,18,2779.11,,,-0.9230769230769231,1,5,32,0.4105569248720373,0.13800246265132193,50,0.36095517779255626,-7.283940008117262,71,47,21.0,0.40816326530612246,11.0,0.20408163265306123,1132.3397977001478,71.56384683311721,3289.3555451956663,23.284149697524107,1905.7810818963349,6422.32442132279,0.4280857740147304,18:52,01:11,54:49,00:23,31:45,1:47:02,6422.32442132279,0.0,-2.276741985539328,23.0,25,16.00464019413415,30.006325653947567,30.0,4.001160048533538,4.0,84.01212589661526,0.0,0.0,0.0,0.0004,0.0183,37.8609,28,39,45,6350.49614506612,6422.755917871957,6493.755689451874,6422.064232554744,42,0.0,0.21990999999999253
195144,678661,123538,James Corbett,World Triathlon,2026-04-26,Elite Men,standard,2,Uzbekistan,2026 World Triathlon Championship Series Samarkand,1,0,22.3,47.0,17.8,0,7.9,29.9,21.6,0.0,100.0,0.0,0.0,1,9,1080.928909952607,3308.876777251185,2030.1421800947865,6495.748815165876,44.58293838862559,31.50236966824645,76.08530805687202,20.83906587797703,47.391982444291145,206.5358725903727,96.2110527261118,6611,6074,202.01856350345628,301,3,6,0.655143875732111,0.5365349902707026,0.5049326742908891,0.1502112014412219,2.4444444444444446,0.2222222222222222,0.5555555555555556,1,0.9161111111111111,9,0,0.6028708133971291,0.14618175475318335,1,2,3,5.71042701737487,280.0,0.11860888546140835,0.2948186236528844,0.14524336127350848,3.400718461646827,0.6671832077199409,24.313869127280412,44.47136719025146,21.148942710636334,0.0,0.1111111111111111,21.555555555555557,36.60000000000001,6.0,0.3333333333333333,32.55555555555556,0.958239557135874,0.24890109890109888,0.14637862137862137,0.27819680319680323,0.2851911132575219,0.07142857142857142,-0.03629001435642301,9.85781990521327,14.257358215665413,0.0,0.19383181511404257,0.29038860958717566,0.2786738321919524,0.27000499500499503,0.30022477522477525,-0.2615384615384616,4.061538461538462,0.46945735636912106,0.41053647333059096,0.6633031674208144,0.12791928978710446,0.5365349902707026,0,0,,,0,0,218.0,1715.51,1715.51,34,63,1822.76,,,-1.4444444444444446,1,1,39,0.4679544480059498,0.13800246265132193,50,0.19190602090874237,-10.083725664682733,28,45,43.0,0.8571428571428571,31.0,0.6122448979591837,1115.2464916440767,71.7569293540981,3223.761253750979,24.59902040519087,1991.525136527682,6426.888831682026,0.743730889869697,18:35,01:11,53:43,00:24,33:11,1:47:06,6426.888831682026,0.0,-4.947198378586363,48.5,49,12.301617149147315,38.09825404241319,30.0,3.075404287286829,4.0,87.47527547884734,0.0,0.0,0.0,0.0015,0.0232,38.238,28,40,46,6349.2231351574155,6427.510282105955,6505.47738209104,6427.254584032574,43,0.0,0.27351000000002057
195144,678661,63564,Maxime Hueber-Moosbrugger,France,2026-04-26,Elite Men,standard,2,Uzbekistan,2026 World Triathlon Championship Series Samarkand,1,0,22.3,47.0,17.8,0,7.9,29.9,21.6,0.0,100.0,0.0,0.0,1,18,1117.2938388625591,3451.1658767772515,1862.255924170616,6486.232227488151,30.09478672985782,25.90521327014218,56.0,9.011104260855047,42.2551771975932,284.4429644058717,26.677706048309325,6403,6138,310.67748550546753,337,1,5,0.08219611076753933,0.15238359976806737,0.22483466116697923,-0.1426385503994399,2.611111111111111,0.0,0.3888888888888889,2,0.7,18,0,0.20481793944123314,0.19050060793206627,0,4,1,5.823045895483019,316.0,-0.07018748900052804,0.5967218426428118,0.372422342748468,10.294851024864409,2.02972458970205,68.31020638162992,131.65055997746003,35.46663718117601,2.0,0.058823529411764705,55.411764705882355,91.80000000000001,5.9411764705882355,0.11764705882352941,137.7058823529412,0.9793602880177418,0.5157076213539687,0.4579152013209867,0.09089924620240032,0.6025857847156101,0.4107142857142857,-0.08687816336164134,31.203791469194318,37.38506032468935,0.0,0.19597066611605937,0.31520518221053195,0.09571604407660195,0.2111020455276053,0.11146114059171751,-4.312796208530806,-5.417061611374407,0.5157076213539687,0.4579152013209867,0.09089924620240032,0.17071119549916933,0.15238359976806737,1,1,0.018518518518518517,-0.3361938363585897,0,0,168.0,1914.5,1924.19,40,38,2197.64,,,-1.6111111111111112,1,0,7,0.08380305750331458,0.13800246265132193,50,0.6994620610845521,6.034948549110296,48,47,19.0,0.3673469387755102,21.0,0.40816326530612246,1154.7017665798792,72.74501089639372,3295.199785016177,22.602235681817795,1896.1246671714252,6441.373465345692,0.3893135431406226,19:14,01:12,54:55,00:22,31:36,1:47:21,6441.373465345692,0.0,0.29850466338532905,14.0,13,12.437360221822976,40.0,12.942767100063742,3.109340055455744,1.9414150650095612,70.43088244235202,0.0,0.0,0.0,0.0,0.004,40.1584,33,41,46,6375.445399135611,6442.070207015247,6505.890988964567,6441.223356998427,44,0.0,0.1237849999999913
195144,678661,163850,Takuto Oshima,Japan,2026-04-26,Elite Men,standard,2,Uzbekistan,2026 World Triathlon Championship Series Samarkand,1,0,22.3,47.0,17.8,0,7.9,29.9,21.6,0.0,100.0,0.0,0.0,1,4,1097.6,3399.9692307692308,2065.107692307692,6629.4,36.723076923076924,30.830769230769228,67.55384615384615,12.675435561221029,15.609825965290794,102.75050689250475,126.4551962817925,6701,6554,67.71016664184683,337,3,4,0.6312235038943115,0.5418644157774591,0.4798036993408058,0.15141980455350568,2.25,0.25,0.5,1,0.9761904761904762,4,0,0.6111111111111112,0.05748792270531401,1,1,2,5.823045895483019,316.0,0.08935908811685234,0.3958514724711908,0.6283994878361076,6.167733674775929,2.1549295774647885,30.98463508322663,132.02048655569783,23.67488120350343,0.0,0.2,23.0,47.0,3.4,0.0,119.8,0.9964676280983096,0.4139972610102272,0.32594760651337135,0.6476261591902446,0.357352380230465,0.021739130434782608,0.05664488077976221,22.312796208530806,21.16802480796824,0.0,0.24929068735322782,0.32665390317687687,0.3758072573921392,0.47996337582228055,0.6006905343911112,1.5924170616113744,1.8009478672985781,0.4919935815194044,0.43978651541126984,0.8089893296489077,0.2994710694600382,0.5418644157774591,1,1,0.6111111111111112,0.2600187691723865,0,0,162.0,1608.03,1649.2,14,88,1522.93,,,-1.25,1,1,40,0.47328387351270634,0.13800246265132193,50,0.11157266714846754,-18.171256647363066,16,44,49.0,0.9795918367346939,40.0,0.7959183673469388,1138.6791967073377,73.10148730855636,3249.624525891182,25.792906639584682,1986.2403969872141,6473.438513533874,0.844622807669873,18:58,01:13,54:09,00:25,33:06,1:47:53,6473.438513533874,0.0,-4.541736061033847,48.5,49,15.821337652247042,40.0,30.0,3.9553344130617605,4.0,93.7766720653088,0.0,0.0,0.0,0.0,0.0031,42.6388,35,44,48,6393.921769811337,6475.416333573186,6557.432228158042,6475.135225804075,45,0.0,0.19063999999998482
195144,678661,73205,Grigory Antipov,Individual Neutral Athlete,2026-04-26,Elite Men,standard,2,Uzbekistan,2026 World Triathlon Championship Series Samarkand,1,0,22.3,47.0,17.8,0,7.9,29.9,21.6,0.0,100.0,0.0,0.0,1,9,1131.7914691943129,3278.772511848341,1968.2274881516585,6456.943127962085,53.867298578199055,25.649289099526072,79.51658767772513,42.301637928436904,39.4658532332518,333.02284348932324,110.05453193758083,6589,5997,402.29378035744685,193,7,8,0.7787844808252972,0.637299694713371,0.4687752381291447,0.3100092426961525,2.2222222222222223,0.2222222222222222,0.6666666666666666,1,0.7681632653061223,9,0,0.2234070605111329,0.38264770300500894,2,3,3,5.267858159063328,172.0,0.14148478611192616,0.6011368598999789,0.6544044516447138,8.081707402972459,1.883566950764246,52.20708600408537,106.00366274565049,32.09794039775415,14.0,0.0,44.44444444444444,84.2,7.555555555555555,0.4444444444444444,85.11111111111111,1.0221987070352316,0.7859650295307382,0.6435517905856196,0.6770205036016443,0.6997546680873257,0.2,0.08621036144341254,45.469194312796205,44.61856932748395,18.0,0.23961870633920673,0.3096523286413123,0.31199479332192837,0.3162998360871496,0.43288792429991974,-1.1990521327014216,-3.3554502369668238,0.7902514224427235,0.608597803024997,0.6228882219812111,0.5865635394895645,0.637299694713371,1,1,0.09259259259259259,-0.45179214530094347,0,0,168.0,1637.41,1786.43,20,67,1765.49,,,-1.2222222222222223,1,2,47,0.5687191524486183,0.13800246265132193,50,0.24313886587752984,-13.053821074845574,30,46,47.0,0.9387755102040817,34.0,0.673469387755102,1152.9845849369472,72.65399993517667,3318.9446237757356,22.35089656163835,1959.4071017240765,6526.3412069335745,0.7054088835642879,19:12,01:12,55:18,00:22,32:39,1:48:46,6526.3412069335745,0.0,-4.270145283579388,43.5,45,15.207501335240439,40.0,30.0,3.8018753338101097,4.0,93.00937666905055,0.0,0.0,0.0,0.0,0.0004,45.8649,42,47,49,6446.647327756673,6526.6738053781955,6607.492066149268,6527.168747090257,46,0.0,0.1340999999999907
195144,678661,69143,Manoel Messias,Brazil,2026-04-26,Elite Men,standard,2,Uzbekistan,2026 World Triathlon Championship Series Samarkand,1,0,22.3,47.0,17.8,0,7.9,29.9,21.6,0.0,100.0,0.0,0.0,1,12,1240.7962085308054,3331.2274881516587,1888.8578199052133,6543.706161137441,55.48341232227488,26.867298578199055,82.35071090047393,8.0,50.0,130.0,80.0,6660,6660,120.0,635,0,1,0.6320802005012531,0.5931908069305856,0.463024359898029,0.16905584060322415,1.8333333333333333,0.4166666666666667,0.75,1,0.7020672760162007,12,0,0.29140136371544056,0.1838216230230749,1,0,0,6.455198563340122,614.0,0.03888939357066756,0.6693850813552159,0.5768218637740369,13.681411565823765,2.1788406001267875,100.33492991477073,171.782489258294,49.91355164043766,11.0,0.0,73.14285714285714,145.40000000000003,3.5714285714285716,0.21428571428571427,153.0,0.9749629567988072,0.5358329901833692,0.301293606930417,0.053250813099217066,0.6146864629012917,0.3968253968253968,-0.07885347271792253,35.77725118483412,36.67967186350272,0.0,0.23276726382628646,0.26058066081352044,0.1914389299738092,0.09629867303615569,0.47077707531428037,-5.215384615384615,2.2615384615384615,0.5358329901833692,0.301293606930417,0.053250813099217066,0.12034643809098115,0.5931908069305856,0,0,,,0,0,168.0,2060.46,2091.96,62,36,2245.33,,,-0.8333333333333333,1,1,44,0.5246102646658328,0.13800246265132193,50,0.601511280553197,3.6335486076796673,66,43,9.0,0.16326530612244897,20.0,0.3877551020408163,1193.1440352615462,71.14132875566469,3364.236297913271,24.1970558544593,1875.1689224281267,6527.887640213068,0.4256931226862112,19:53,01:11,56:04,00:24,31:15,1:48:47,6527.887640213068,0.0,0.3786018639440162,15.5,14,14.772671672918245,34.18752625430745,25.88645935422771,3.693167918229561,3.8829689031341563,82.42279410281712,0.0,0.0,0.0,0.0,0.0,46.1343,43,47,49,6455.664110261092,6528.57572490084,6598.496306762688,6528.171518533979,47,0.0,0.01357499999999998
195144,678661,163852,Kazushi Jozuka,Japan,2026-04-26,Elite Men,standard,2,Uzbekistan,2026 World Triathlon Championship Series Samarkand,1,0,22.3,47.0,17.8,0,7.9,29.9,21.6,0.0,100.0,0.0,0.0,1,7,1142.4928909952605,3245.6540284360185,2039.8530805687205,6506.1516587677725,59.127962085308056,20.53080568720379,79.65876777251184,14.949916387726054,41.263785575247454,167.9508856779267,135.68271813315062,6226,6226,241.6313307499671,212,3,5,0.814904143475572,0.7233855139068409,0.6822173886048801,0.13268675487069193,2.5714285714285716,0.2857142857142857,0.42857142857142855,1,0.8514285714285715,7,0,0.45714285714285713,0.5864328907807167,2,1,2,5.3612921657094255,191.0,0.09151862956873114,0.5175530041558076,0.4090962879481581,6.629147002887934,2.8826512643516238,55.49799253363387,135.2263858561668,19.547662548527665,39.0,0.0,65.88888888888889,89.8,3.111111111111111,0.1111111111111111,136.66666666666666,0.9910641716936927,0.4425621823698272,0.41824044329842447,0.43893710241639433,0.510759891737772,0.08333333333333333,-0.06819770936794484,26.459715639810426,32.061012981763724,0.0,0.21703870831050273,0.26004004159743965,0.2731079004770222,0.23491307904871514,0.12592994762936313,-0.7725118483412323,-2.1990521327014214,0.6711112165290465,0.46026352055393094,0.5887921472358506,0.2939443639108617,0.7233855139068409,0,0,,,0,0,154.0,1621.0,1663.9,22,94,1456.41,,,-1.5714285714285716,1,2,50,0.6548049716420882,0.13800246265132193,50,0.14721588371862251,-13.927101594573907,22,47,48.0,0.9591836734693877,43.0,0.8571428571428571,1159.204996426557,72.4262617663803,3293.33120943244,24.05043457404942,1984.6228103620654,6533.635712561491,0.8422566510367473,19:19,01:12,54:53,00:24,33:04,1:48:53,6533.635712561491,0.0,-4.393701016313279,46.0,46,13.774452324095446,34.11659837506406,30.0,3.4436130810238614,4.0,85.33466378018336,0.0,0.0,0.0,0.0,0.0,46.3359,43,47,49,6459.703264346046,6534.623780383312,6608.6305425412365,6534.1334190258885,48,0.0,0.10245499999999319
195144,678661,132948,Andree Buc,Chile,2026-04-26,Elite Men,standard,2,Uzbekistan,2026 World Triathlon Championship Series Samarkand,1,0,22.3,47.0,17.8,0,7.9,29.9,21.6,0.0,100.0,0.0,0.0,1,3,1129.6842105263156,3305.2631578947367,2093.1052631578946,6654.0526315789475,83.05263157894736,42.368421052631575,125.42105263157895,79.19595949289332,18.384776310850235,229.1025971044414,224.15284963613556,7017,6233,554.3717164502533,323,2,2,0.35828582445123797,0.3705011516645866,0.3804503709086181,-0.02216454645738014,3.0,0.3333333333333333,0.3333333333333333,1,0.4523809523809524,3,0,0.65,0.3430499325236167,1,0,1,5.780743515792329,302.0,-0.012215327213348615,0.3225822356835952,0.2563612030710714,5.473691624991195,1.3259139254772134,34.00549411847573,62.538000986123826,32.52444135898856,5.0,0.0,39.875,84.9,3.5,0.375,84.875,0.9762628264871086,0.30091878774197184,0.2952972192884151,0.18705715414446153,0.33456887286717796,0.1,-0.03365008512520612,27.44075829383886,25.912772369626786,0.0,0.2590096031898128,0.27873260250679205,0.24487483221361125,0.4310885543900951,0.6806778303623497,1.569230769230769,9.384615384615383,0.39275310726859913,0.2810960358564625,0.2523825979314438,0.17733235864256292,0.3705011516645866,0,0,,,0,0,162.0,1818.29,1818.29,18,109,1353.98,,,-2.0,1,1,22,0.3019206093998338,0.13800246265132193,50,0.4056518032987981,-2.069399598183687,24,44,33.0,0.6530612244897959,46.0,0.9183673469387755,1151.2036937586918,70.94452523717445,3287.16230028301,29.542535221228377,2034.7132611897855,6573.56631568989,0.664620009611903,19:11,01:10,54:47,00:29,33:54,1:49:33,6573.56631568989,0.0,-3.034739752138172,38.0,36,16.438152707381878,36.56901527681585,30.0,4.1095381768454695,4.0,91.1167061610432,0.0,0.0,0.0,0.0,0.0,47.6306,45,48,49,6494.1794369973,6572.171297025734,6651.9559745151155,6572.836818434488,49,0.0,0.14944499999998906
195144,678661,123460,Gjalt Panjer,Netherlands,2026-04-26,Elite Men,standard,2,Uzbekistan,2026 World Triathlon Championship Series Samarkand,1,0,22.3,47.0,17.8,0,7.9,29.9,21.6,0.0,100.0,0.0,0.0,1,3,1099.5263157894735,3789.052631578947,2071.789473684211,7026.473684210525,32.15789473684211,33.0,65.1578947368421,8.0,50.0,130.0,80.0,7027,7027,120.0,595,0,1,0.5958454916989151,0.6241712152740929,0.6437844609143947,-0.04793896921547958,2.3333333333333335,0.0,0.6666666666666666,2,0.7,3,0,0.6376114081996435,0.5737704918032787,0,1,0,6.39024066706535,574.0,-0.02832572357517782,0.5197714285714287,0.5115428571428571,7.725714285714286,1.7942857142857143,44.18857142857143,108.52,23.099422792211353,17.0,0.0,47.25,66.7,3.0,0.25,103.5,1.0152102730861081,0.2928908135060891,0.4006314325845205,0.8000997832613541,0.37490335808745107,0.19607843137254902,-0.08201254458136198,15.578199052132701,21.33684101209472,9.0,0.2289523409691177,0.25532090657921314,0.24469577631933362,0.30490345718937395,0.6209961214187856,-1.8530805687203793,4.4691943127962075,0.39370497039217534,0.429176056849167,0.7483033801600002,0.4643797546598725,0.6241712152740929,0,0,,,0,0,281.0,1710.94,1710.94,22,150,1111.16,,,-1.3333333333333335,1,0,46,0.5555906730093402,0.13800246265132193,50,0.3016728775311128,-8.800493200603848,35,47,45.0,0.8979591836734694,49.0,0.9795918367346939,1187.8605706701424,71.69592734296974,3371.2949298518492,26.30044873551822,2094.1671544224487,6751.319031022929,0.6870976943888352,19:47,01:11,56:11,00:26,34:54,1:52:31,6751.319031022929,0.0,-4.9210717665690025,46.5,47,14.530555999519583,33.4974597489298,30.0,3.632638999879896,4.0,85.66065474832928,0.0,0.0,0.0,0.0,0.0,49.9715,50,50,50,6675.702395982673,6752.351428345791,6827.462276779973,6751.840315305045,50,0.0,0.019485000000000197
