feature,ranker_lgbm,ranker_xgb,pct_total,reg_total,reg_swim,reg_bike,reg_run,middle_distance_swim,middle_distance_t1,middle_distance_bike,middle_distance_t2,middle_distance_run,middle_distance_swim_exit_pct,middle_distance_total,sprint_swim,sprint_t1,sprint_bike,sprint_t2,sprint_run,sprint_swim_exit_pct,sprint_total,standard_swim,standard_t1,standard_bike,standard_t2,standard_run,standard_swim_exit_pct,standard_total,super_sprint_swim,super_sprint_t1,super_sprint_bike,super_sprint_t2,super_sprint_run,super_sprint_swim_exit_pct,super_sprint_total,mean_pct,max_pct
field_depth_top10_mean,0.0,0.6164088478619723,1.7311608961303464,7.986406117247238,9.692914736661521,8.787983425414364,4.683434518647007,10.424028268551238,13.307984790874524,9.811529933481152,14.423076923076922,6.851851851851852,6.331168831168831,2.5201612903225805,29.397723099522587,36.30607814761216,24.175419200294822,30.475336322869957,12.862759782812208,6.743185078909613,1.5677966101694913,26.088617265087855,32.79002876318312,23.348433371083427,22.491974317817014,10.934470725087243,4.581710257837137,0.9285425918449738,20.995670995670995,11.522198731501057,22.349351639969488,10.582413399314808,18.61894432393348,5.585106382978723,1.7267267267267266,12.892588519014756,36.30607814761216
days_since_last_race,1.4138240574506284,0.49728575030172173,1.2729124236252547,0.9855564995751912,0.8406244638874593,0.8977900552486188,1.5437987857762359,4.240282685512367,5.3775122216186855,4.767184035476718,6.165158371040724,6.481481481481481,2.326839826839827,2.217741935483871,4.461990451707675,4.992764109985528,3.5378662244333885,4.968609865470852,3.4263246583036886,2.4390243902439024,2.9237288135593222,4.163483575248281,4.659635666347076,3.6240090600226504,4.153290529695024,2.791779759596743,2.893711741791875,2.9067420266451354,1.1904761904761905,1.4094432699083863,1.1823035850495804,1.8271792919680243,1.5907447577729574,2.0944148936170213,1.7267267267267266,2.91406406233968,6.481481481481481
ema_bike_to_t2_pos_change_5,1.4026032315978456,0.49968628084248706,1.1880515953835709,0.44180118946474084,0.39457882998799104,0.6560773480662984,0.5897658282740676,1.4134275618374559,2.6072786529060292,3.5476718403547673,2.941176470588235,3.0246913580246915,2.1645021645021645,9.67741935483871,1.3587954461990452,1.1215629522431259,1.4556845402616547,1.4887892376681615,1.8161392997566002,2.4031563845050217,6.9491525423728815,1.1650114591291063,0.7286673058485139,1.9441298603246508,1.4847512038523276,2.6560682435052345,2.5041736227045077,3.108599111828825,2.380952380952381,2.7131782945736433,2.555301296720061,2.854967643700038,3.398409255242227,3.6236702127659575,6.531531531531531,2.422612100924415,9.67741935483871
ema_run_sec_5,0.8752244165170557,0.5029116838008413,0.9504412763068567,2.259983007646559,1.5268485160404872,1.62292817679558,3.2437120555073724,3.297997644287397,2.2813688212927756,1.5521064301552108,2.092760180995475,4.506172839506172,2.5432900432900434,4.435483870967742,2.9746603011384503,2.206946454413893,3.5378662244333885,2.008968609865471,4.980340760157274,1.9727403156384504,5.338983050847458,2.0626432391138274,2.2435282837967403,2.6425066062665157,1.4245585874799358,3.4703373400542845,1.2613615284733817,3.875656035526847,1.479076479076479,1.1627906976744187,1.2204424103737606,0.9516558812333461,1.6992046276211135,2.0944148936170213,1.1261261261261262,2.3264582118867936,5.338983050847458
ema_swim_sec_5,1.5148114901256733,0.8247220089905474,0.7637474541751528,1.7332200509770603,2.195916966889689,1.6919889502762429,1.6652211621856028,2.237926972909305,2.1184139054861486,3.8248337028824833,1.809954751131222,1.9753086419753085,3.1926406926406927,2.721774193548387,3.1950055086301874,1.808972503617945,2.413856642712364,1.5246636771300448,3.313986144916682,2.4928263988522237,4.23728813559322,3.6860198624904505,2.4352828379674016,3.5485088712721784,2.126805778491172,2.811167119038387,2.3186792802819514,4.400484457004441,1.443001443001443,0.9161381254404511,1.1060259344012204,2.436239055957366,1.6992046276211135,2.1941489361702127,1.7267267267267266,2.2887289431860203,4.400484457004441
ema_run_split_pct_5,1.8402154398563735,0.6522311468152211,1.1371350984385609,0.713678844519966,0.8920912677989364,1.1049723756906076,1.8386816999132698,1.5312131919905771,2.7702335687126562,2.771618625277162,3.0542986425339365,3.7037037037037033,3.6255411255411256,1.9153225806451613,1.7994858611825193,1.410998552821997,2.321724709784411,1.345291479820628,2.9020782624976595,2.6004304160688667,2.3728813559322033,2.1199388846447667,1.1313518696069031,1.3967534918837297,1.3643659711075442,2.6560682435052345,2.4114264514932295,1.9378280177634235,3.0663780663780664,3.558844256518675,2.479023646071701,2.7027027027027026,3.7960954446854664,2.825797872340426,2.7777777777777777,2.1865194470292906,3.7960954446854664
ema_t1_sec_5,0.9986535008976661,0.42631016797744703,1.120162932790224,1.0195412064570943,0.6176016469377252,0.6906077348066298,0.8152645273200346,4.41696113074205,2.9875067897881586,2.827050997782705,1.9796380090497736,1.728395061728395,2.976190476190476,2.217741935483871,1.7627616599338967,2.1888567293777137,1.6215220195319697,2.5829596412556057,1.834862385321101,2.4748923959827835,2.415254237288136,1.5278838808250574,2.4352828379674016,2.32163080407701,1.6653290529695024,2.035672741372625,2.2630309775551845,1.8974566007266855,2.0202020202020203,2.6779422128259336,1.9450800915331807,7.118385991625428,2.74765003615329,3.5239361702127656,2.5525525525525525,2.183850604492631,7.118385991625428
ema_bike_split_pct_5,1.627019748653501,0.5764307081172519,1.561439239646979,0.5097706032285472,0.343112026076514,0.7941988950276244,1.092801387684302,2.3557126030624262,4.780010863661054,3.325942350332594,4.015837104072398,2.1604938271604937,2.5974025974025974,3.225806451612903,1.4138817480719794,1.3567293777134588,1.6030956329463792,1.4349775784753362,2.2842164388691257,1.9548063127690098,1.4406779661016949,2.1199388846447667,1.3806327900287632,1.8120045300113252,1.6051364365971106,2.1132221791392016,2.5412724911890185,2.5030278562777553,2.7417027417027415,2.466525722339676,3.1273836765827614,2.7027027027027026,2.3138105567606653,3.55718085106383,2.8528528528528527,2.1226216495022667,4.780010863661054
ema_t2_sec_5,1.2679533213644523,0.3846534822464665,1.052274270196877,0.8156329651656755,0.686224052153028,0.7941988950276244,1.1621856027753685,3.53356890459364,2.2813688212927756,1.7184035476718404,2.6018099547511313,3.7037037037037033,4.058441558441558,1.9153225806451613,1.8912963643040763,2.1526772793053546,2.0637552975861433,2.1524663677130045,2.4714472945141357,2.2058823529411766,2.1610169491525424,1.9098548510313216,2.722914669223394,2.0385050962627407,2.768860353130016,2.2295463357890655,2.207382674828418,2.6645135244247076,2.1645021645021645,2.2198731501057085,2.822273073989321,2.398172820708032,2.2415039768618943,1.5957446808510638,2.4774774774774775,2.1010116689923155,4.058441558441558
swim_form_trend,1.851436265709156,0.4599075838303247,1.5784114052953158,0.40781648258283776,0.3774232286841654,0.4143646408839779,0.6071118820468344,1.6489988221436984,2.552960347637154,1.9401330376940134,2.092760180995475,1.728395061728395,3.2467532467532463,4.737903225806452,1.138450238707308,1.2120115774240232,1.5478164731896076,1.5605381165919283,1.6850777008050926,2.9053084648493543,1.6101694915254237,1.9289533995416348,1.4573346116970278,2.1140052850132123,2.0064205457463884,1.7254749903063205,2.6525690966425524,1.6148566814695196,1.948051948051948,2.8893587033121917,3.8901601830663615,3.0072325846973733,2.7838033261026753,2.7925531914893615,3.078078078078078,1.9769314314313837,4.737903225806452
ema_total_sec_5,0.8752244165170557,0.5108743522433402,0.6788866259334692,2.548853016142736,1.9214273460284783,2.330801104972376,2.0641803989592367,1.0011778563015312,0.8690928843020097,2.2172949002217295,1.4705882352941175,1.728395061728395,1.2987012987012987,4.334677419354839,2.754315093646713,2.279305354558611,2.9113690805233094,1.811659192825112,2.714847406852649,1.7037302725968435,6.694915254237288,2.6165011459129106,2.070949185043145,2.246130615326538,1.9261637239165328,2.055060100814269,1.335559265442404,3.673798950343157,1.046176046176046,0.7399577167019027,0.9916094584286803,0.4567948229920061,0.7592190889370932,1.795212765957447,1.7267267267267266,1.9474336052759997,6.694915254237288
avg_bike_gap_leader,1.088420107719928,0.5544792949825226,0.7298031228784794,0.6966864910790145,0.686224052153028,1.2430939226519337,0.9540329575021683,3.239104829210836,3.09614340032591,3.1042128603104215,3.6764705882352944,3.0246913580246915,2.1103896103896105,0.6048387096774194,1.7994858611825193,1.4652677279305355,2.450709415883545,1.5964125560538116,2.6961243212881483,2.5107604017216643,1.2711864406779663,1.566080977845684,1.5340364333652923,1.868629671574179,1.6653290529695024,2.016285381930981,1.4839547393804489,1.3322567622123538,2.922077922077922,2.1846370683579983,3.3562166285278416,1.674914350970689,2.458423716558207,3.7566489361702127,1.4264264264264264,1.9384130313784913,3.7566489361702127
ema_swim_to_t1_pos_change_5,1.5821364452423696,0.4400583986109191,1.2219959266802443,0.4587935429056924,0.39457882998799104,0.5179558011049723,0.6938421509106678,2.7679623085983507,2.8245518739815316,2.827050997782705,2.2058823529411766,2.5925925925925926,3.4090909090909087,1.0080645161290323,1.6158648549394052,1.410998552821997,1.7689331122166942,1.3811659192825112,1.834862385321101,2.2417503586800573,2.2033898305084745,1.7188693659281895,1.3806327900287632,1.5100037750094375,1.4245585874799358,2.384645211322218,2.337228714524207,1.6552280985062575,2.922077922077922,2.9245947850599014,1.9832189168573606,3.730491054434716,2.458423716558207,3.490691489361702,2.1021021021021022,1.9264082339880098,3.730491054434716
ema_t2_rank_pct_5,1.436265709156194,0.4407816171678555,1.3238289205702647,0.5947323704333051,0.2916452221650369,0.5006906077348067,0.9540329575021683,2.4734982332155475,2.1727322107550244,1.7184035476718404,2.997737556561086,4.074074074074074,2.380952380952381,1.2096774193548387,1.3037091443261108,1.248191027496382,1.4925373134328357,2.1704035874439462,2.115708668788616,2.187948350071736,1.1864406779661016,1.3368983957219251,1.2272291466922338,2.1706304265760665,2.909309791332263,2.3070957735556417,2.559821925431274,1.1707710940654017,2.380952380952381,3.347427766032417,2.593440122044241,3.197563760944042,1.8799710773680405,3.956117021276596,1.5765765765765765,1.91107991015455,4.074074074074074
ema_t1_rank_pct_5,1.4138240574506284,0.45641908224041494,1.1371350984385609,0.44180118946474084,0.514668039114771,0.3453038674033149,0.849956634865568,2.4146054181389873,2.9875067897881586,1.7184035476718404,2.3755656108597285,3.45679012345679,2.326839826839827,1.2096774193548387,1.4138817480719794,1.6823444283646887,1.658374792703151,1.5246636771300448,2.1718779254821197,2.259684361549498,0.8050847457627118,1.5087853323147442,2.1860019175455414,1.5855039637599093,2.106741573033708,2.1907716169057774,1.7807456872565388,1.0496568429551878,3.2106782106782106,3.629316420014094,2.402745995423341,2.6646364674533687,2.74765003615329,3.6901595744680855,2.7027027027027026,1.9034429921376248,3.6901595744680855
ema_perf_ratio_5,1.1333034111310594,0.4801710679037039,1.0353021045485404,0.6117247238742566,0.514668039114771,0.6388121546961326,0.5203816131830009,1.2956419316843346,2.009777294948398,2.9379157427937916,1.6402714932126699,2.8395061728395063,1.461038961038961,2.4193548387096775,1.3955196474476679,1.248191027496382,1.5662428597751983,1.2914798206278029,1.891031642014604,1.883070301291248,1.4830508474576272,1.241405653170359,1.2272291466922338,1.793129482823707,1.3443017656500804,1.996898022489337,2.207382674828418,1.6955995155429955,3.318903318903319,2.854122621564482,4.919908466819222,2.436239055957366,4.3022415039768624,3.856382978723404,3.078078078078078,1.9019507994574054,4.919908466819222
ema_bike_sec_5,0.763016157989228,0.415116555207186,0.8995247793618466,1.2064570943075617,1.4410705095213587,1.571132596685083,1.2489158716392021,2.4734982332155475,1.4122759369907658,2.549889135254989,3.0542986425339365,1.6049382716049383,1.6774891774891776,2.82258064516129,2.350348879911862,1.8451519536903038,2.837663534180947,2.2242152466367715,2.3403856955626288,1.6499282639885222,3.855932203389831,1.8143621084797557,1.821668264621285,2.2838807097017746,1.5248796147672552,1.8030244280728964,1.7992951214987944,2.5030278562777553,1.046176046176046,1.127554615926709,1.9450800915331807,1.3703844689760183,1.2653651482284887,1.6289893617021278,0.45045045045045046,1.789370504878158,3.855932203389831
ema_swim_split_pct_12,0.7517953321364452,0.4016562429522818,0.5261371350984385,0.6457094307561597,0.9778692743180649,0.3453038674033149,1.023417172593235,3.121319199057715,1.3579576317218904,3.159645232815964,2.6018099547511313,2.345679012345679,3.3008658008658007,1.6129032258064515,1.9831068674256336,0.759768451519537,0.9950248756218906,1.2197309417040358,1.5540161018535856,2.3672883787661405,0.7203389830508474,1.8907563025210083,0.9012464046021093,1.3023782559456398,1.3242375601926164,1.7642497091896086,2.5412724911890185,1.9781994348001615,2.1645021645021645,1.7618040873854828,2.517162471395881,1.598781880472021,1.735357917570499,2.6595744680851063,2.7777777777777777,1.6768184010912381,3.3008658008658007
ema_t1t2_sec_5,0.9874326750448833,0.39278134403329173,1.1880515953835709,0.713678844519966,0.8063132612798078,0.36256906077348067,0.7458803122289679,2.8268551236749118,2.2813688212927756,1.6075388026607538,2.771493212669683,1.2962962962962963,1.5692640692640691,1.5120967741935485,1.2853470437017995,1.4290882778581766,1.7136539524599224,1.5426008968609866,1.6663546152405915,1.6499282639885222,2.330508474576271,1.757066462948816,1.955896452540748,1.7176292940732352,2.166934189406099,1.7254749903063205,1.5581524763494714,1.8570851836899476,1.2987012987012987,1.9027484143763214,1.8306636155606408,2.893033878949372,2.8199566160520604,1.7619680851063828,2.177177177177177,1.6600454243782903,2.893033878949372
ema_swim_behind_sec_5,0.8752244165170557,0.5849823449653997,1.001357773251867,0.3738317757009346,0.514668039114771,0.4488950276243094,0.5377276669557676,4.7114252061248525,1.6838674633351438,2.161862527716186,1.3009049773755657,1.6666666666666667,2.813852813852814,2.318548387096774,1.2486228424531767,0.9044862518089725,1.1792887414777962,1.1659192825112108,1.9284778131436062,1.4526542324246772,0.9745762711864407,1.2987012987012987,1.3039309683604985,1.2835032087580218,1.4044943820224718,1.5122140364482357,2.058987200890373,1.5744852644327816,1.8037518037518037,2.149400986610289,2.0213577421815407,1.4845831747240197,2.5668835864063633,3.324468085106383,4.2792792792792795,1.654682329685067,4.7114252061248525
seed_total_gap_to_best,1.05475763016158,0.38762088556444296,0.7298031228784794,0.32285471537807986,0.3774232286841654,0.3798342541436464,0.572419774501301,2.65017667844523,1.9554589896795218,3.159645232815964,1.0746606334841629,3.950617283950617,1.6233766233766231,1.5120967741935485,1.6158648549394052,1.1034732272069465,1.400405380504883,1.7219730941704037,1.6289084441115895,1.6319942611190816,2.288135593220339,0.9931245225362872,1.476510067114094,1.2646281615704038,2.3675762439807384,1.3377278014734393,1.7065479502875163,1.6552280985062575,2.5613275613275612,1.656095842142354,1.792524790236461,2.1317091739626948,2.1691973969631237,2.5265957446808507,2.1021021021021022,1.6252113182689683,3.950617283950617
ema_swim_split_pct_5,0.8864452423698383,0.3450512941480939,0.6788866259334692,0.3058623619371283,0.8063132612798078,0.3453038674033149,0.7285342584562012,3.9458186101295647,1.249321021184139,3.7694013303769403,1.6402714932126699,1.2345679012345678,3.67965367965368,1.1088709677419355,1.432243848696291,0.9044862518089725,1.0687304219642528,1.1838565022421526,1.7038007863695939,2.1341463414634148,1.5254237288135595,1.566080977845684,0.4793863854266539,1.3212533031332578,1.2640449438202246,1.3377278014734393,1.9847894639213504,0.8881711748082357,2.7417027417027415,1.4094432699083863,1.8306636155606408,2.360106585458698,1.5907447577729574,2.6595744680851063,2.3273273273273274,1.5553716175046939,3.9458186101295647
ema_finish_pct_sprint,0.9986535008976661,0.4054319644288173,1.4256619144602851,0.44180118946474084,0.3602676273803397,0.4316298342541437,0.7805724197745013,0.9422850412249705,0.8690928843020097,0.720620842572062,0.7918552036199095,0.30864197530864196,2.380952380952381,1.7137096774193548,0.8630187293426368,0.7054992764109985,0.7002026902524415,0.8251121076233183,0.7489234225800412,1.3450502152080344,1.1016949152542372,1.413292589763178,1.4189837008628956,1.1702529256323142,1.4446227929373996,2.481582008530438,2.337228714524207,1.9378280177634235,1.948051948051948,2.9245947850599014,4.004576659038902,3.46402740768938,4.0491684743311644,2.559840425531915,3.978978978978979,1.5426773497550736,4.0491684743311644
avg_swim_gap_leader,0.5498204667863554,0.6702837176270728,0.7637474541751528,0.356839422259983,0.8749356664951106,0.2762430939226519,0.7111882046834346,1.0011778563015312,1.9554589896795218,1.0532150776053215,1.9796380090497736,0.49382716049382713,1.6774891774891776,4.737903225806452,1.2118986412045538,1.0672937771345874,1.2529942878201585,0.7174887892376681,0.8987081070960493,1.6140602582496413,2.2457627118644066,1.2796027501909855,0.9012464046021093,0.9626274065685164,1.063402889245586,1.1050794881737107,2.2630309775551845,1.4129995962858295,3.1385281385281383,2.466525722339676,3.1655225019069415,1.865245527217358,1.8799710773680405,2.892287234042553,3.453453453453453,1.5416999217845861,4.737903225806452
p90_swim_gap_leader,0.9649910233393177,0.5308664489141165,0.7807196198234895,0.44180118946474084,0.9778692743180649,0.5179558011049723,0.4163052905464007,3.0035335689045937,1.520912547528517,0.9977827050997782,1.8665158371040724,0.8641975308641975,2.0562770562770565,1.411290322580645,1.6525890561880279,1.1034732272069465,1.3819789939192924,1.399103139013453,1.5165699307245835,1.5781922525107603,1.0169491525423728,1.9289533995416348,0.9395973154362416,1.0758776896942241,1.2239165329052968,1.3765025203567274,1.632350213318494,1.4937424303593057,2.886002886002886,1.3037350246652573,2.9748283752860414,2.5504377617053673,1.8076644974692697,2.127659574468085,1.5015015015015014,1.4520755340195923,3.0035335689045937
ema_swim_behind_sec_12,0.9649910233393177,0.42409785773203523,0.45824847250509165,0.3738317757009346,0.7548464573683308,0.31077348066298344,0.797918473547268,2.65017667844523,0.8690928843020097,1.8292682926829267,1.0180995475113122,1.1111111111111112,2.218614718614719,2.1169354838709675,1.6342269555637163,0.9044862518089725,1.3451262207481112,0.8071748878923767,1.1046620483055607,1.488522238163558,0.9322033898305085,1.566080977845684,1.2655800575263663,1.0192525481313703,1.2038523274478332,1.589763474214812,1.8734928584678168,1.7763423496164714,2.236652236652237,1.0570824524312896,2.593440122044241,2.436239055957366,1.735357917570499,2.393617021276596,2.1021021021021022,1.398950392885478,2.65017667844523
min_swim_gap_sec_24m,0.5947037701974865,0.3851344870809185,0.5770536320434487,0.3908241291418862,0.7033796534568536,0.20718232044198895,0.8326105810928014,1.8256772673733805,1.249321021184139,1.164079822616408,1.244343891402715,1.4197530864197532,1.461038961038961,1.310483870967742,2.258538376790305,0.6693198263386397,1.3635526073337019,0.9865470852017937,1.4978468451600824,1.058106169296987,1.3559322033898304,1.145912910618793,0.9971236816874401,0.8305020762551907,1.5048154093097914,1.7642497091896086,0.9089222778705249,1.6955995155429955,2.4891774891774894,0.8809020436927414,2.402745995423341,2.0936429387133613,2.0607375271149677,2.7260638297872344,1.7267267267267266,1.3080729068308579,2.7260638297872344
std_swim_gap_sec_24m,1.0435368043087971,0.5962210803151258,0.8146639511201629,0.356839422259983,0.8920912677989364,0.4316298342541437,0.7111882046834346,1.6489988221436984,1.3579576317218904,1.385809312638581,0.5090497737556561,1.1111111111111112,1.83982683982684,0.0,1.524054351817848,1.2301013024602026,1.3451262207481112,1.2197309417040358,1.7599700430630967,2.4210903873744622,0.38135593220338987,1.3750954927425516,1.0546500479386385,1.3967534918837297,1.6051364365971106,2.055060100814269,1.6508996475607491,0.7670569236980218,1.8037518037518037,2.5017618040873857,1.0678871090770405,1.865245527217358,2.1330441070137383,2.859042553191489,0.0,1.277592522310954,2.859042553191489
bike_pack_rate,1.200628366247756,0.48363712461920494,0.7467752885268161,0.3058623619371283,0.27448962086121115,0.2935082872928177,0.4509973980919341,0.7656065959952886,2.009777294948398,2.383592017738359,0.7918552036199095,1.4197530864197532,1.5151515151515151,1.5120967741935485,0.7895703268453911,0.6512301013024602,1.0503040353786623,1.0224215246636772,1.3855083317730763,1.5064562410329985,2.415254237288136,0.5538579067990833,0.7861936720997122,0.9248773121932804,0.9028892455858748,1.182628925940287,1.7065479502875163,2.1800565199838515,1.2265512265512266,2.1141649048625792,1.2585812356979404,2.0555767034640273,1.3376717281272594,1.8949468085106385,1.5015015015015014,1.217157753586652,2.415254237288136
ema_finish_pct_tier34,1.425044883303411,0.861959638883177,0.8486082824168364,0.2548853016142736,0.2401784182535598,0.25897790055248615,0.5030355594102341,1.5901060070671376,0.7604562737642585,2.0509977827051,1.8665158371040724,1.4197530864197532,2.002164502164502,0.9072580645161291,0.6793977230995226,0.6693198263386397,0.9397457158651189,0.968609865470852,1.1046620483055607,1.5064562410329985,0.1694915254237288,1.4514896867838043,0.977948226270374,1.1702529256323142,1.0232744783306582,1.221403644823575,1.5210536078649601,1.0496568429551878,1.8037518037518037,1.4799154334038054,0.5339435545385203,2.1317091739626948,1.4461315979754157,1.8284574468085106,0.0,1.1047603687660854,2.1317091739626948
std_run_sec_24m,1.200628366247756,0.5154652138164033,1.120162932790224,0.7646559048428208,0.3088008234688626,0.6560773480662984,1.3183000867302688,1.5312131919905771,0.32590983161325365,1.662971175166297,1.0746606334841629,0.6790123456790124,0.7034632034632035,1.5120967741935485,1.138450238707308,0.7416787264833574,1.0687304219642528,1.1659192825112108,1.8161392997566002,1.7754662840746054,2.0338983050847457,1.2032085561497325,0.5944391179290508,1.1136277840694602,1.6051364365971106,2.404032570763862,2.2630309775551845,2.583770690351231,0.4329004329004329,0.6694855532064834,0.19069412662090007,0.11419870574800152,0.4699927693420101,0.39893617021276595,0.0,1.0616329794737427,2.583770690351231
std_t1t2_sec_24m,1.3240574506283662,0.5438558844677304,0.8995247793618466,0.5437553101104503,0.2230228169497341,0.5006906077348067,0.6591500433651344,0.8244994110718492,0.8147745790331342,0.5543237250554324,0.5656108597285068,0.6790123456790124,1.461038961038961,1.6129032258064515,1.2669849430774882,1.3748191027496381,1.4372581536760642,1.7937219730941705,1.6101853585470887,1.5064562410329985,1.694915254237288,1.2987012987012987,1.5532118887823587,1.2835032087580218,1.5850722311396468,1.8999612252811167,2.392877017250974,1.2515139281388776,0.3246753246753247,0.5285412262156448,0.5720823798627002,0.49486105824133997,0.32537960954446854,0.2992021276595745,0.6006006006006006,1.0371641186085172,2.392877017250974
ema_finish_pct_standard,1.2455116696588868,0.5365795076414911,1.120162932790224,0.3058623619371283,0.2401784182535598,0.36256906077348067,0.6418039895923677,0.47114252061248524,0.5431830526887561,0.4434589800443459,1.1877828054298643,0.5555555555555556,1.1363636363636365,0.5040322580645161,0.7161219243481455,0.9587554269175109,0.8844665561083471,0.7892376681614349,1.4229545029020783,2.4210903873744622,0.6779661016949152,0.5920550038197097,0.8437200383509109,0.7738769346923368,0.7423756019261638,0.9693679720822024,0.7790762381747357,1.2515139281388776,1.3708513708513708,3.241719520789288,1.1060259344012204,2.322040350209364,1.7715112075198842,1.6289893617021278,1.5015015015015014,1.0302686937449392,3.241719520789288
ema_run_split_pct_tier12_5,1.2118491921005385,0.6219056534840469,1.0183299389002036,0.3738317757009346,0.3602676273803397,0.4488950276243094,0.4163052905464007,0.5889281507656066,1.4122759369907658,0.8869179600886918,1.583710407239819,0.8641975308641975,1.2445887445887447,0.3024193548387097,0.3672420124862284,0.41606367583212733,0.6264971439100793,0.6098654708520179,1.1233851338700618,1.362984218077475,0.8898305084745763,1.050420168067227,0.8053691275167786,0.9060022650056626,0.6219903691813804,1.4540519581233036,1.4654053051381934,1.0900282599919258,1.5512265512265513,3.8054968287526427,0.38138825324180015,0.6851922344880091,1.4461315979754157,1.6954787234042552,1.6516516516516515,1.0097178299537335,3.8054968287526427
std_swim_sec_24m,1.2230700179533214,0.6059891641636501,1.0862186014935504,0.7646559048428208,0.5661348430262481,0.5870165745856354,0.6938421509106678,0.88339222614841,0.6518196632265073,0.720620842572062,1.0180995475113122,0.12345679012345678,1.2987012987012987,0.8064516129032258,0.9731913330885054,1.0672937771345874,1.6030956329463792,1.452914798206278,1.7225238719340947,2.0624103299856524,1.059322033898305,1.413292589763178,1.0738255033557047,1.698754246885617,1.5650080256821832,1.6479255525397443,1.8363939899833055,1.6955995155429955,0.18037518037518038,0.3171247357293869,0.6483600305110603,0.7613247049866768,0.28922631959508316,0.5319148936170213,0.45045045045045046,1.0022799072678157,2.0624103299856524
ema_finish_pct_3,0.48249551166965887,0.6826470250037137,0.9504412763068567,0.356839422259983,0.1029336078229542,0.2762430939226519,0.5377276669557676,0.9422850412249705,0.5431830526887561,1.2195121951219512,0.9615384615384616,1.3580246913580247,1.893939393939394,1.310483870967742,0.8630187293426368,0.6331403762662807,0.7186290768380321,0.6457399103139014,1.160831304999064,1.058106169296987,1.3983050847457628,0.7257448433919022,0.7094918504314478,0.7738769346923368,0.9229534510433388,1.3183404420317952,1.3541086996846596,1.0900282599919258,1.0101010101010102,1.127554615926709,1.9832189168573606,1.674914350970689,0.7953723788864787,0.964095744680851,1.8018018018018018,0.9813619503735959,1.9832189168573606
ema_bike_split_pct_tier12_5,1.1333034111310594,0.5005857987656305,0.7976917854718262,0.15293118096856415,0.1200892091267799,0.5870165745856354,0.6938421509106678,0.7656065959952886,0.48886474741988045,1.0532150776053215,0.7918552036199095,5.493827160493827,1.1363636363636365,1.0080645161290323,0.3856041131105398,0.30752532561505064,0.5712179841533075,0.6098654708520179,0.6178618236285339,1.16571018651363,0.5932203389830508,0.878533231474408,0.8437200383509109,1.0381275953189883,0.9831460674157303,1.1632415664986429,1.613800779076238,1.0496568429551878,1.0822510822510822,1.4799154334038054,0.38138825324180015,0.723258469737343,1.3376717281272594,0.8976063829787235,1.4264264264264264,0.9678001768199924,5.493827160493827
form_trend,0.8191202872531419,0.441253378625606,1.238968092328581,0.3738317757009346,0.2401784182535598,0.20718232044198895,0.6591500433651344,0.5300353356890459,1.6295491580662684,1.662971175166297,0.7352941176470588,1.1111111111111112,1.2987012987012987,0.8064516129032258,0.6610356224752112,0.9406657018813315,0.9397457158651189,1.0762331838565022,1.4042314173375772,1.5423242467718794,1.059322033898305,1.145912910618793,0.7094918504314478,1.0758776896942241,0.7223113964686998,1.8417991469561845,2.1517343721016506,1.6148566814695196,0.5050505050505051,0.9866102889358703,0.38138825324180015,0.8374571754853445,0.9399855386840202,0.8643617021276596,0.5255255255255256,0.962277688118012,2.1517343721016506
n_races_at_tier,0.52737881508079,0.47695027499216824,0.4243041412084182,0.10195412064570944,0.0514668039114771,0.13812154696132595,0.10407632263660017,2.8268551236749118,2.9875067897881586,3.2150776053215075,2.48868778280543,1.1111111111111112,1.461038961038961,0.10080645161290322,0.7344840249724568,1.248191027496382,1.4372581536760642,1.1659192825112108,0.9548773637895525,1.9727403156384504,0.7203389830508474,0.53475935828877,0.8437200383509109,0.8305020762551907,1.043338683788122,0.8142690965490499,1.1686143572621035,1.0496568429551878,0.2886002886002886,0.4580690627202256,0.5720823798627002,0.34259611724400457,0.5422993492407809,0.13297872340425532,0.15015015015015015,0.9434509007598909,3.2150776053215075
ema_finish_pct_12,0.9762118491921006,0.5202222233394471,0.8316361167684997,0.356839422259983,0.514668039114771,0.3970994475138122,0.6591500433651344,0.47114252061248524,0.7061379684953829,1.441241685144124,1.8665158371040724,2.2839506172839505,0.5952380952380952,0.8064516129032258,0.9731913330885054,0.41606367583212733,0.7370554634236226,0.46636771300448426,0.9548773637895525,0.9505021520803443,0.7203389830508474,0.6493506493506493,0.6711409395973155,1.20800302000755,1.1235955056179776,1.0275300504071345,1.1871637915043591,1.6148566814695196,0.7936507936507936,1.4094432699083863,0.8390541571319604,0.6851922344880091,0.6507592190889371,1.4295212765957446,1.3513513513513513,0.922443288650693,2.2839506172839505
temperature_air,0.0,0.34782162960611573,0.7467752885268161,8.00339847068819,9.126779893635272,8.83977900552486,4.700780572419775,0.0,0.0,0.0,0.0,0.0,0.0,0.0,0.0,0.0,0.0,0.0,0.0,0.0,0.0,0.0,0.0,0.0,0.0,0.0,0.0,0.0,0.0,0.0,0.0,0.0,0.0,0.0,0.0,0.9075809960114579,9.126779893635272
std_bike_sec_24m,1.2567324955116697,0.5062221165116239,1.001357773251867,0.356839422259983,0.3602676273803397,0.3970994475138122,0.9193408499566349,0.4122497055359246,1.1950027159152634,0.3880266075388027,0.3393665158371041,0.9259259259259258,0.6493506493506493,0.7056451612903225,0.8630187293426368,0.9044862518089725,1.1608623548922055,1.3273542600896862,1.5165699307245835,1.883070301291248,1.4830508474576272,1.1268143621084799,0.7861936720997122,1.2835032087580218,1.3041733547351524,1.3958898797983714,1.3912075681691707,1.9781994348001615,0.468975468975469,0.7751937984496124,0.34324942791762014,0.4567948229920061,0.6507592190889371,0.2992021276595745,0.7507507507507507,0.9017927653054262,1.9781994348001615
ema_swim_split_pct_tier12_5,1.0098743267504489,0.5205057179357145,0.6449422946367956,0.13593882752761258,0.2573340195573855,0.5006906077348067,0.398959236773634,0.4122497055359246,0.9234111895708854,1.164079822616408,1.583710407239819,1.5432098765432098,1.461038961038961,0.4032258064516129,0.6977598237238339,0.2894356005788712,0.44223327805417356,0.5022421524663677,0.8238157648380453,1.6319942611190816,0.6779661016949152,1.2605042016806722,0.4602109300095877,1.6798791996979991,1.2640449438202246,0.9693679720822024,1.5210536078649601,1.0900282599919258,1.3347763347763348,1.5151515151515151,0.38138825324180015,0.5709935287400076,0.6507592190889371,1.5957446808510638,0.8258258258258258,0.889838464434616,1.6798791996979991
std_total_sec_24m,1.2118491921005385,0.4911142480296276,1.0183299389002036,0.5097706032285472,0.4117344312918168,0.6215469613259669,1.144839549002602,0.23557126030624262,0.38022813688212925,0.720620842572062,0.16968325791855204,0.5555555555555556,0.6493506493506493,1.0080645161290323,0.7712082262210797,1.1215629522431259,1.5109637000184264,1.3094170403587444,1.4416775884665793,1.488522238163558,0.9745762711864407,1.050420168067227,0.862895493767977,1.2646281615704038,1.2640449438202246,1.3958898797983714,1.5952513448339825,1.5341138473960436,0.7215007215007215,0.7399577167019027,0.6864988558352403,0.5329272934906737,0.3615328994938539,0.19946808510638298,0.3003003003003003,0.864446196312422,1.5952513448339825
form_momentum,1.2342908438061042,0.4139239500651025,1.3917175831636117,0.4927782497875956,0.46320123520329387,0.3453038674033149,0.6418039895923677,1.1189634864546525,1.6295491580662684,0.3880266075388027,0.16968325791855204,0.8024691358024691,1.406926406926407,0.0,0.8630187293426368,0.8140376266280752,1.0503040353786623,0.8968609865470852,0.9548773637895525,2.223816355810617,0.0423728813559322,1.3941940412528648,0.5752636625119847,1.1136277840694602,1.1637239165329054,1.8224117875145405,2.2815804117974405,0.20185708518368994,0.10822510822510822,0.810429880197322,0.4195270785659802,0.1903311762466692,0.9038322487346349,0.7313829787234043,0.0,0.830294654575346,2.2815804117974405
athlete_t1t2_rate,0.8191202872531419,0.738142489206938,0.8825526137135099,0.27187765505522515,0.1544004117344313,0.24171270718232044,0.5203816131830009,0.6478209658421673,0.8147745790331342,0.5543237250554324,0.9615384615384616,1.4197530864197532,1.6233766233766231,1.1088709677419355,0.44069041498347417,0.7416787264833574,0.8844665561083471,0.8251121076233183,0.5429694813705299,1.093974175035868,0.3389830508474576,1.0122230710466005,1.1697027804410354,0.8305020762551907,1.043338683788122,1.2795657231485071,1.4839547393804489,1.0092854259184496,0.5772005772005772,2.431289640591966,0.03813882532418002,0.6471259992386753,0.39768618944323936,0.5319148936170213,0.07507507507507508,0.8043864114073577,2.431289640591966
n_swim_results,1.0435368043087971,0.5331044170968712,0.8316361167684997,0.4587935429056924,0.4288900325956425,0.6042817679558011,0.5897658282740676,0.7067137809187279,2.9875067897881586,0.720620842572062,1.244343891402715,1.2962962962962963,1.7316017316017316,1.6129032258064515,0.4957767168564084,0.6874095513748191,1.0503040353786623,0.5919282511210763,1.1046620483055607,0.6994261119081779,0.7203389830508474,0.5729564553093965,0.5177372962607862,0.6606266515666289,0.6420545746388443,0.9499806126405583,0.7419773696902244,0.7266855066612838,0.18037518037518038,0.5990133897110641,0.19069412662090007,0.4567948229920061,0.39768618944323936,0.2992021276595745,0.45045045045045046,0.7864593005802057,2.9875067897881586
wetsuit,0.0,0.2461223669774931,0.03394433129667345,0.5097706032285472,0.7376908560645051,0.5179558011049723,0.24284475281873374,0.0,0.0,0.0,0.0,0.0,0.0,0.7056451612903225,2.313624678663239,3.1657018813314037,1.7136539524599224,1.5605381165919283,0.8612619359670474,0.3586800573888092,1.0169491525423728,1.0122230710466005,1.6682646212847554,1.1702529256323142,0.5818619582664527,0.31019775106630476,0.20404377666481174,1.0900282599919258,1.1183261183261184,1.937984496124031,0.11441647597254005,1.180053292729349,0.5061460592913956,0.03324468085106383,2.3273273273273274,0.7782501274943131,3.1657018813314037
wbgt,0.0,0.3456580973813331,1.0692464358452138,6.525063721325404,8.148910619317206,6.94060773480663,4.163052905464007,0.0,0.0,0.0,0.0,0.0,0.0,0.0,0.0,0.0,0.0,0.0,0.0,0.0,0.0,0.0,0.0,0.0,0.0,0.0,0.0,0.0,0.0,0.0,0.0,0.0,0.0,0.0,0.0,0.776929700403994,8.148910619317206
std_bike_pct_24m,0.49371633752244165,0.5268416452109984,1.0183299389002036,0.47578589634664403,0.27448962086121115,0.5524861878453038,0.4509973980919341,0.9422850412249705,1.0320478001086366,0.3880266075388027,0.7352941176470588,0.3703703703703704,1.461038961038961,0.5040322580645161,0.6426735218508998,0.9949348769898697,0.8107610097659849,0.9327354260089685,0.8425388504025463,1.0760401721664277,0.7627118644067797,0.6302521008403361,1.4189837008628956,1.226878067195168,1.5048154093097914,1.0663047692904226,1.1129660545353366,1.7359709325797335,0.10822510822510822,0.035236081747709654,0.0,0.49486105824133997,0.0,0.2327127659574468,0.0,0.7101526843185378,1.7359709325797335
h2h_avg_position_gap,2.3563734290843805,19.28644062270513,1.2729124236252547,0.5097706032285472,0.1887116143420827,0.5697513812154696,0.572419774501301,0.0,0.0,0.0,0.0,0.0,0.0,0.0,0.0,0.0,0.0,0.0,0.0,0.0,0.0,0.0,0.0,0.0,0.0,0.0,0.0,0.0,0.0,0.0,0.0,0.0,0.0,0.0,0.0,0.7073251385343475,19.28644062270513
humidity,0.0,0.4778699560493759,1.0692464358452138,5.72642310960068,7.068107737176188,6.457182320441988,3.694709453599306,0.0,0.0,0.0,0.0,0.0,0.0,0.0,0.0,0.0,0.0,0.0,0.0,0.0,0.0,0.0,0.0,0.0,0.0,0.0,0.0,0.0,0.0,0.0,0.0,0.0,0.0,0.0,0.0,0.6998154003632214,7.068107737176188
n_entrants,0.0,1.8607553393561669,1.5444670739986421,5.760407816482583,6.090238462858124,5.749309392265194,3.2263660017346054,0.0,0.0,0.0,0.0,0.0,0.0,0.0,0.0,0.0,0.0,0.0,0.0,0.0,0.0,0.0,0.0,0.0,0.0,0.0,0.0,0.0,0.0,0.0,0.0,0.0,0.0,0.0,0.0,0.6923298310484375,6.090238462858124
ema_finish_pct_5,0.4263913824057451,0.5695432050382907,0.7637474541751528,0.3738317757009346,0.1544004117344313,0.4316298342541437,0.43365134431916735,1.2367491166077738,0.38022813688212925,1.2195121951219512,0.8484162895927602,0.8024691358024691,0.7575757575757576,0.3024193548387097,0.4039662137348513,0.5065123010130246,0.6264971439100793,0.8251121076233183,0.7302003370155402,0.6456241032998565,0.211864406779661,0.6111535523300229,0.38350910834132307,0.8116270290675727,0.4815409309791332,0.6591702210158976,0.8347245409015025,1.2515139281388776,1.1544011544011543,0.5990133897110641,0.6864988558352403,1.1419870574800153,0.9038322487346349,0.49867021276595747,1.3513513513513513,0.686266731099414,1.3513513513513513
front_pack_rate,0.52737881508079,0.5171167747306306,0.5091649694501018,0.22090059473237042,0.1029336078229542,0.17265193370165746,0.3469210754553339,0.11778563015312131,0.38022813688212925,0.22172949002217296,0.3393665158371041,0.3703703703703704,0.16233766233766234,1.411290322580645,0.45905251560778554,0.45224312590448623,0.4975124378109453,0.3766816143497758,0.7863695937090431,1.058106169296987,1.4406779661016949,0.2482811306340718,0.28763183125599234,0.3020007550018875,0.34109149277688605,0.5622334238076774,0.8903728436282694,1.5341138473960436,0.6854256854256854,0.8809020436927414,0.4576659038901602,1.1419870574800153,0.6507592190889371,0.8976063829787235,3.6036036036036037,0.6558427012170986,3.6036036036036037
n_matched_races,0.5834829443447037,0.6340406471278529,0.30549898167006106,0.3058623619371283,0.2230228169497341,0.15538674033149172,0.43365134431916735,0.2944640753828033,0.16295491580662683,0.1662971175166297,0.056561085972850686,0.0,0.05411255411255411,0.6048387096774194,0.14689680499449137,0.21707670043415342,0.20269025244149622,0.16143497757847536,0.1310615989515072,0.2869440459110474,5.0423728813559325,0.4965622612681436,0.24928092042186004,0.3020007550018875,0.8426966292134831,0.4459092671578131,0.5379335930254127,4.400484457004441,0.0,0.035236081747709654,0.0,0.0,0.0,0.0,4.87987987987988,0.6388181543296216,5.0423728813559325
h2h_win_rate,2.277827648114901,15.16655260848164,1.8839103869653768,0.6627017841971113,0.27448962086121115,0.6733425414364641,0.9540329575021683,0.0,0.0,0.0,0.0,0.0,0.0,0.0,0.0,0.0,0.0,0.0,0.0,0.0,0.0,0.0,0.0,0.0,0.0,0.0,0.0,0.0,0.0,0.0,0.0,0.0,0.0,0.0,0.0,0.6255102156445392,15.16655260848164
ema_finish_pct_tier1,0.49371633752244165,0.6716940194244699,1.2729124236252547,0.20390824129141888,0.1200892091267799,0.1899171270718232,0.22549869904596706,0.058892815076560655,1.1406844106463878,0.3880266075388027,0.3393665158371041,0.9876543209876543,0.10822510822510822,1.310483870967742,0.22034520749173708,0.23516642547033287,0.31324857195503963,0.26905829596412556,0.1872308556450103,1.0401721664275465,3.305084745762712,0.28647822765469827,0.30680728667305845,0.4341260853152133,0.5016051364365971,0.6397828615742536,1.4839547393804489,1.8570851836899476,0.468975468975469,1.2684989429175475,0.0,0.0,0.18076644974692696,0.03324468085106383,0.7507507507507507,0.608384336830571,3.305084745762712
distance_category_encoded,0.0,0.3439462333294307,0.15274949083503053,5.267629566694987,4.134499914221994,4.678867403314917,5.273200346921075,0.0,0.0,0.0,0.0,0.0,0.0,0.0,0.0,0.0,0.0,0.0,0.0,0.0,0.0,0.0,0.0,0.0,0.0,0.0,0.0,0.0,0.0,0.0,0.0,0.0,0.0,0.0,0.0,0.5671683701519268,5.273200346921075
ema_finish_pct_tier2,0.7966786355475763,0.48568030668234946,0.9843856076035303,0.3908241291418862,0.1200892091267799,0.3970994475138122,0.398959236773634,0.058892815076560655,0.38022813688212925,0.0,0.0,0.5555555555555556,0.05411255411255411,1.411290322580645,0.44069041498347417,0.6693198263386397,0.9397457158651189,0.7533632286995516,1.1421082194345629,1.4167862266857962,0.38135593220338987,0.53475935828877,0.74784276126558,0.7361268403171007,0.5617977528089888,0.7754943776657619,1.5025041736227045,0.4844570044408559,0.5050505050505051,0.3875968992248062,0.0,0.15226494099733537,0.6507592190889371,0.5651595744680852,0.07507507507507508,0.5558872572320587,1.5025041736227045
std_run_pct_24m,0.6620287253141831,0.492942899934263,1.1031907671418872,0.32285471537807986,0.2058672156459084,0.3280386740331492,0.6764960971379012,0.058892815076560655,0.6518196632265073,0.7760532150776054,0.904977375565611,0.8024691358024691,0.3246753246753247,0.7056451612903225,0.4039662137348513,0.47033285094066574,0.3869541182974019,0.5022421524663677,0.7863695937090431,1.0043041606886656,0.8898305084745763,0.7639419404125287,0.74784276126558,0.8682521706304266,0.9028892455858748,1.1438542070569988,0.8532739751437581,0.8477997577714977,0.0,0.035236081747709654,0.07627765064836003,0.15226494099733537,0.0,0.06648936170212766,0.0,0.5405163850449584,1.1438542070569988
freshness_curve,0.3478456014362657,0.355302990534321,0.22063815342837748,0.13593882752761258,0.1887116143420827,0.36256906077348067,0.398959236773634,0.0,0.0,0.0,0.0,0.0,0.0,1.310483870967742,0.4039662137348513,0.9044862518089725,0.7923346231803944,0.8609865470852018,0.8799850215315483,0.23314203730272595,0.5084745762711864,0.6111535523300229,1.1505273250239694,1.0192525481313703,0.9831460674157303,0.4846839860411012,0.5008347245409015,1.2111425111021397,0.03607503607503607,0.07047216349541931,0.4576659038901602,2.398172820708032,0.39768618944323936,0.16622340425531915,1.4264264264264264,0.5376367795879219,2.398172820708032
std_swim_pct_24m,0.5498204667863554,0.6541978207276318,0.8486082824168364,0.2888700084961767,0.39457882998799104,0.20718232044198895,0.4856895056374675,0.7067137809187279,0.8690928843020097,0.6651884700665188,0.4524886877828055,0.7407407407407408,0.7034632034632035,0.5040322580645161,0.4774146162320969,0.5065123010130246,0.7002026902524415,0.5381165919282511,0.5429694813705299,1.1477761836441895,0.5508474576271186,0.7257448433919022,0.6903163950143816,0.5285013212533031,0.7022471910112359,0.8142690965490499,1.3541086996846596,0.6459426725878078,0.0,0.0,0.19069412662090007,0.34259611724400457,0.0,0.09973404255319149,0.0,0.5322474596517445,1.3541086996846596
ema_distance_match,0.11220825852782765,0.5609823946626357,0.0678886625933469,0.713678844519966,0.4460456338994682,0.3798342541436464,0.7285342584562012,0.9422850412249705,0.32590983161325365,0.22172949002217296,0.5090497737556561,0.3703703703703704,0.0,2.0161290322580645,0.29379360998898274,0.0,0.2579694121982679,0.017937219730941704,0.4868002246770268,0.0,1.9491525423728815,0.19098548510313218,0.07670182166826461,0.13212533031332577,0.020064205457463884,0.2520356727413726,0.24114264514932293,1.8167137666532096,0.10822510822510822,0.28188865398167723,0.03813882532418002,0.0,0.07230657989877079,0.0,3.903903903903904,0.5009865958124404,3.903903903903904
field_elo_gap_to_top3,3.197935368043088,3.8910482703899802,2.4100475220638153,1.8861512319456244,1.7498713329902211,1.7955801104972375,2.0641803989592367,0.0,0.0,0.0,0.0,0.0,0.0,0.0,0.0,0.0,0.0,0.0,0.0,0.0,0.0,0.0,0.0,0.0,0.0,0.0,0.0,0.0,0.0,0.0,0.0,0.0,0.0,0.0,0.0,0.48556612099683444,3.8910482703899802
races_12m,0.4039497307001795,0.32293969352795715,0.28852681602172436,0.1869158878504673,0.171556013038257,0.3280386740331492,0.22549869904596706,0.5889281507656066,0.9777294948397609,0.22172949002217296,0.4524886877828055,0.1851851851851852,0.5411255411255411,0.20161290322580644,0.9548292324641938,0.41606367583212733,0.7554818500092132,0.7354260089686099,0.5242463958060288,0.7173601147776184,0.423728813559322,0.38197097020626436,0.21093000958772773,0.3586258965647414,0.7423756019261638,0.5428460643660333,0.5379335930254127,0.44408558740411785,0.2886002886002886,0.9161381254404511,0.0,0.34259611724400457,0.32537960954446854,0.4321808510638298,0.15015015015015015,0.437062112105867,0.9777294948397609
field_elo_gap_to_top10,3.3999102333931774,4.503412617076065,2.5797691785471826,0.9685641461342397,0.857780065191285,0.7078729281767956,1.0060711188204683,0.0,0.0,0.0,0.0,0.0,0.0,0.0,0.0,0.0,0.0,0.0,0.0,0.0,0.0,0.0,0.0,0.0,0.0,0.0,0.0,0.0,0.0,0.0,0.0,0.0,0.0,0.0,0.0,0.40066800820969184,4.503412617076065
elo_rating,1.05475763016158,0.8323371544087453,2.8343516632722334,2.582837723024639,1.6297821238634416,2.054558011049724,2.671292281006071,0.0,0.0,0.0,0.0,0.0,0.0,0.0,0.0,0.0,0.0,0.0,0.0,0.0,0.0,0.0,0.0,0.0,0.0,0.0,0.0,0.0,0.0,0.0,0.0,0.0,0.0,0.0,0.0,0.39028333105104096,2.8343516632722334
races_tier1_24m,0.056104129263913824,0.7961866573749294,0.2715546503733876,0.016992353440951572,0.13724481043060557,0.06906077348066297,0.17346053772766695,0.0,0.0,0.11086474501108648,0.0,0.0,0.0,3.7298387096774195,0.12853470437017994,0.3256150506512301,0.20269025244149622,0.17937219730941703,0.16850777008050927,0.5380200860832138,1.1864406779661016,0.17188693659281895,0.19175455417066153,0.11325028312570783,0.20064205457463882,0.23264831329972857,0.6863290669634576,1.2918853451756156,0.18037518037518038,0.42283298097251587,0.0,0.07613247049866768,0.14461315979754158,0.06648936170212766,1.7267267267267266,0.3884587011330902,3.7298387096774195
bike_laps,0.0,0.5819037650132924,0.8146639511201629,2.565845369583687,2.864985417738892,2.848756906077348,1.699913269731136,0.0,0.0,0.0,0.0,0.0,0.0,0.0,0.0,0.0,0.0,0.0,0.0,0.0,0.0,0.0,0.0,0.0,0.0,0.0,0.0,0.0,0.0,0.0,0.0,0.0,0.0,0.0,0.0,0.32503053369327195,2.864985417738892
elo_races,1.3913824057450628,0.5346896678427204,1.8499660556687034,2.0560747663551404,1.6126265225596157,1.4157458563535912,1.3876843018213356,0.0,0.0,0.0,0.0,0.0,0.0,0.0,0.0,0.0,0.0,0.0,0.0,0.0,0.0,0.0,0.0,0.0,0.0,0.0,0.0,0.0,0.0,0.0,0.0,0.0,0.0,0.0,0.0,0.292804845038462,2.0560747663551404
wt_rank_position,2.614452423698384,1.6862746599020788,2.6306856754921926,0.832625318606627,0.1887116143420827,0.48342541436464087,0.9366869037294014,0.0,0.0,0.0,0.0,0.0,0.0,0.0,0.0,0.0,0.0,0.0,0.0,0.0,0.0,0.0,0.0,0.0,0.0,0.0,0.0,0.0,0.0,0.0,0.0,0.0,0.0,0.0,0.0,0.26779605743244017,2.6306856754921926
elo_peak,3.1642728904847393,1.360297969975639,1.5444670739986421,0.9345794392523363,0.4975124378109453,0.7424033149171271,1.092801387684302,0.0,0.0,0.0,0.0,0.0,0.0,0.0,0.0,0.0,0.0,0.0,0.0,0.0,0.0,0.0,0.0,0.0,0.0,0.0,0.0,0.0,0.0,0.0,0.0,0.0,0.0,0.0,0.0,0.2667524146892495,3.1642728904847393
h2h_n_unknown_field_athletes,1.5148114901256733,0.9911560612706859,1.5105227427019687,1.3084112149532712,1.423914908217533,1.087707182320442,0.9366869037294014,0.0,0.0,0.0,0.0,0.0,0.0,0.0,0.0,0.0,0.0,0.0,0.0,0.0,0.0,0.0,0.0,0.0,0.0,0.0,0.0,0.0,0.0,0.0,0.0,0.0,0.0,0.0,0.0,0.25066315723768506,1.5148114901256733
best_swim_pct_12m,0.10098743267504487,1.025800702809414,0.23761031907671418,0.11894647408666101,0.1029336078229542,0.2244475138121547,0.31222896790980054,0.0,0.0,0.05543237250554324,0.0,0.12345679012345678,0.0,0.20161290322580644,0.05508630187293427,0.19898697539797394,0.552791597567717,0.34080717488789236,0.3744617112900206,0.3048780487804878,0.38135593220338987,0.2291825821237586,0.5752636625119847,0.2453756134390336,0.44141252006420545,0.5428460643660333,0.4451864218141347,0.28259991925716593,0.0,0.0,0.0,0.0,0.0,0.0,0.0,0.21353404598926523,1.025800702809414
run_laps,0.0,0.46840105958275335,0.1357773251866938,1.6482582837723025,2.110138960370561,1.8128453038674033,1.1968777103209018,0.0,0.0,0.0,0.0,0.0,0.0,0.0,0.0,0.0,0.0,0.0,0.0,0.0,0.0,0.0,0.0,0.0,0.0,0.0,0.0,0.0,0.0,0.0,0.0,0.0,0.0,0.0,0.0,0.21063710408858902,2.110138960370561
tier_delta,1.716786355475763,0.7805179464294898,1.306856754921928,0.9345794392523363,0.857780065191285,0.9323204419889504,0.7458803122289679,0.0,0.0,0.0,0.0,0.0,0.0,0.0,0.0,0.0,0.0,0.0,0.0,0.0,0.0,0.0,0.0,0.0,0.0,0.0,0.0,0.0,0.0,0.0,0.0,0.0,0.0,0.0,0.0,0.20784918044253486,1.716786355475763
h2h_n_opponents_faced,1.3240574506283662,0.8392318286716464,0.6958587915818059,1.1045029736618521,1.0979584834448446,0.8459944751381214,0.9887250650477016,0.0,0.0,0.0,0.0,0.0,0.0,0.0,0.0,0.0,0.0,0.0,0.0,0.0,0.0,0.0,0.0,0.0,0.0,0.0,0.0,0.0,0.0,0.0,0.0,0.0,0.0,0.0,0.0,0.19703797337640966,1.3240574506283662
wt_total_points,2.289048473967684,1.4479311415709668,1.2050237610319077,0.33984706881903143,0.39457882998799104,0.2935082872928177,0.5897658282740676,0.0,0.0,0.0,0.0,0.0,0.0,0.0,0.0,0.0,0.0,0.0,0.0,0.0,0.0,0.0,0.0,0.0,0.0,0.0,0.0,0.0,0.0,0.0,0.0,0.0,0.0,0.0,0.0,0.1874200968841276,2.289048473967684
n_athletes_within_100_elo,0.7742369838420108,0.6462468869497616,1.7820773930753562,0.8156329651656755,0.857780065191285,0.8287292817679558,0.797918473547268,0.0,0.0,0.0,0.0,0.0,0.0,0.0,0.0,0.0,0.0,0.0,0.0,0.0,0.0,0.0,0.0,0.0,0.0,0.0,0.0,0.0,0.0,0.0,0.0,0.0,0.0,0.0,0.0,0.18578920141540894,1.7820773930753562
event_tier,0.0,0.9657113036685809,0.4243041412084182,1.070518266779949,1.2352032938754505,1.2603591160220995,1.0754553339115351,0.0,0.0,0.0,0.0,0.0,0.0,0.0,0.0,0.0,0.0,0.0,0.0,0.0,0.0,0.0,0.0,0.0,0.0,0.0,0.0,0.0,0.0,0.0,0.0,0.0,0.0,0.0,0.0,0.1723300415847438,1.2603591160220995
ema_bike_gap_sec_7,1.4138240574506284,0.6006690304368183,1.052274270196877,0.7646559048428208,0.39457882998799104,0.5524861878453038,0.7458803122289679,0.0,0.0,0.0,0.0,0.0,0.0,0.0,0.0,0.0,0.0,0.0,0.0,0.0,0.0,0.0,0.0,0.0,0.0,0.0,0.0,0.0,0.0,0.0,0.0,0.0,0.0,0.0,0.0,0.1578391026568402,1.4138240574506284
field_finish_pct_gap_to_top10,1.2455116696588868,0.4479060952797347,0.7298031228784794,0.7646559048428208,0.3774232286841654,0.7424033149171271,1.2142237640936688,0.0,0.0,0.0,0.0,0.0,0.0,0.0,0.0,0.0,0.0,0.0,0.0,0.0,0.0,0.0,0.0,0.0,0.0,0.0,0.0,0.0,0.0,0.0,0.0,0.0,0.0,0.0,0.0,0.15776934572442525,1.2455116696588868
h2h_win_rate_vs_field_top10,1.660682226211849,0.8961268844624877,1.3408010862186015,0.40781648258283776,0.2058672156459084,0.48342541436464087,0.4683434518647007,0.0,0.0,0.0,0.0,0.0,0.0,0.0,0.0,0.0,0.0,0.0,0.0,0.0,0.0,0.0,0.0,0.0,0.0,0.0,0.0,0.0,0.0,0.0,0.0,0.0,0.0,0.0,0.0,0.15608750746717215,1.660682226211849
best_swim_behind_12m,0.190754039497307,1.0272408069296777,0.1357773251866938,0.1869158878504673,0.017155601303825697,0.15538674033149172,0.05203816131830009,0.17667844522968199,0.0,0.0,0.0,0.0,0.0,0.0,0.05508630187293427,0.0361794500723589,0.0,0.053811659192825115,0.33701554016101853,0.41248206599713055,0.0,0.09549274255156609,0.24928092042186004,0.3775009437523594,0.8426966292134831,0.34897246994959286,0.3153403821183454,0.3633427533306419,0.0,0.0,0.0,0.0,0.0,0.0,0.0,0.15511853903661604,1.0272408069296777
n_athletes_within_50_elo,0.763016157989228,0.35100894147055617,1.3917175831636117,0.6287170773152081,0.7891576599759821,0.6560773480662984,0.797918473547268,0.0,0.0,0.0,0.0,0.0,0.0,0.0,0.0,0.0,0.0,0.0,0.0,0.0,0.0,0.0,0.0,0.0,0.0,0.0,0.0,0.0,0.0,0.0,0.0,0.0,0.0,0.0,0.0,0.15364609261509007,1.3917175831636117
h2h_avg_position_gap_vs_field_top10,1.189407540394973,0.5888698717188139,1.3408010862186015,0.5267629566694987,0.39457882998799104,0.6042817679558011,0.7285342584562012,0.0,0.0,0.0,0.0,0.0,0.0,0.0,0.0,0.0,0.0,0.0,0.0,0.0,0.0,0.0,0.0,0.0,0.0,0.0,0.0,0.0,0.0,0.0,0.0,0.0,0.0,0.0,0.0,0.1535210374686252,1.3408010862186015
races_tier2_24m,0.37028725314183125,0.5658036654443603,0.47522063815342835,0.016992353440951572,0.03431120260765139,0.03453038674033149,0.17346053772766695,0.0,0.0,0.0,0.0,0.0,0.0,0.0,0.14689680499449137,0.16280752532561504,0.40538050488299243,0.3228699551569507,0.1872308556450103,0.5200860832137733,0.0,0.2291825821237586,0.11505273250239692,0.13212533031332577,0.2407704654895666,0.17448623497479643,0.3709886848451122,0.24222850222042794,0.0,0.28188865398167723,0.0,0.0,0.0,0.03324468085106383,0.07507507507507508,0.15174059168149298,0.5658036654443603
ema_bike_pack_7,1.3240574506283662,0.5709409339807286,1.052274270196877,0.4927782497875956,0.32595642477268827,0.6042817679558011,0.849956634865568,0.0,0.0,0.0,0.0,0.0,0.0,0.0,0.0,0.0,0.0,0.0,0.0,0.0,0.0,0.0,0.0,0.0,0.0,0.0,0.0,0.0,0.0,0.0,0.0,0.0,0.0,0.0,0.0,0.14914987806250357,1.3240574506283662
ema_swim_pos_pct_7,1.1669658886894074,0.528537863043396,0.8316361167684997,0.6796941376380629,0.5489792417224223,0.6560773480662984,0.7285342584562012,0.0,0.0,0.0,0.0,0.0,0.0,0.0,0.0,0.0,0.0,0.0,0.0,0.0,0.0,0.0,0.0,0.0,0.0,0.0,0.0,0.0,0.0,0.0,0.0,0.0,0.0,0.0,0.0,0.1468692815538368,1.1669658886894074
ema_bike_pos_pct_7,1.05475763016158,0.44323551249300375,1.3238289205702647,0.4927782497875956,0.514668039114771,0.48342541436464087,0.7285342584562012,0.0,0.0,0.0,0.0,0.0,0.0,0.0,0.0,0.0,0.0,0.0,0.0,0.0,0.0,0.0,0.0,0.0,0.0,0.0,0.0,0.0,0.0,0.0,0.0,0.0,0.0,0.0,0.0,0.14403508642708734,1.3238289205702647
ema_swim_pack_7,0.9313285457809694,0.6246066752583396,0.8995247793618466,0.6627017841971113,0.5661348430262481,0.7078729281767956,0.43365134431916735,0.0,0.0,0.0,0.0,0.0,0.0,0.0,0.0,0.0,0.0,0.0,0.0,0.0,0.0,0.0,0.0,0.0,0.0,0.0,0.0,0.0,0.0,0.0,0.0,0.0,0.0,0.0,0.0,0.13788059714629938,0.9313285457809694
field_perf_ratio_gap_to_top10,1.144524236983842,0.46240725366075064,0.9674134419551934,0.713678844519966,0.4288900325956425,0.6042817679558011,0.5030355594102341,0.0,0.0,0.0,0.0,0.0,0.0,0.0,0.0,0.0,0.0,0.0,0.0,0.0,0.0,0.0,0.0,0.0,0.0,0.0,0.0,0.0,0.0,0.0,0.0,0.0,0.0,0.0,0.0,0.13783517534518372,1.144524236983842
h2h_n_shared_races,0.807899461400359,0.5227503916411141,0.8486082824168364,0.5437553101104503,0.7548464573683308,0.4488950276243094,0.5377276669557676,0.0,0.0,0.0,0.0,0.0,0.0,0.0,0.0,0.0,0.0,0.0,0.0,0.0,0.0,0.0,0.0,0.0,0.0,0.0,0.0,0.0,0.0,0.0,0.0,0.0,0.0,0.0,0.0,0.12755664564334765,0.8486082824168364
h2h_win_rate_recent_180d,1.1333034111310594,0.6604309299890264,1.0692464358452138,0.4587935429056924,0.13724481043060557,0.3280386740331492,0.6244579358196011,0.0,0.0,0.0,0.0,0.0,0.0,0.0,0.0,0.0,0.0,0.0,0.0,0.0,0.0,0.0,0.0,0.0,0.0,0.0,0.0,0.0,0.0,0.0,0.0,0.0,0.0,0.0,0.0,0.1260433068615528,1.1333034111310594
ema_swim_gap_sec_7,0.7854578096947935,0.6401303327104526,0.8146639511201629,0.356839422259983,0.9778692743180649,0.2935082872928177,0.43365134431916735,0.0,0.0,0.0,0.0,0.0,0.0,0.0,0.0,0.0,0.0,0.0,0.0,0.0,0.0,0.0,0.0,0.0,0.0,0.0,0.0,0.0,0.0,0.0,0.0,0.0,0.0,0.0,0.0,0.1229177263347269,0.9778692743180649
h2h_n_shared_races_vs_field_top10,0.7293536804308798,0.5882320554433418,1.2219959266802443,0.4587935429056924,0.3088008234688626,0.36256906077348067,0.5550737207285342,0.0,0.0,0.0,0.0,0.0,0.0,0.0,0.0,0.0,0.0,0.0,0.0,0.0,0.0,0.0,0.0,0.0,0.0,0.0,0.0,0.0,0.0,0.0,0.0,0.0,0.0,0.0,0.0,0.12070910886945814,1.2219959266802443
seed_total_rank,0.4712746858168761,0.3311297443807014,0.9164969450101833,0.6796941376380629,0.46320123520329387,0.5697513812154696,0.7285342584562012,0.0,0.0,0.0,0.0,0.0,0.0,0.0,0.0,0.0,0.0,0.0,0.0,0.0,0.0,0.0,0.0,0.0,0.0,0.0,0.0,0.0,0.0,0.0,0.0,0.0,0.0,0.0,0.0,0.11885949679202251,0.9164969450101833
log1p_days_since,0.0,0.0,0.0,0.0,0.0,0.0,0.0,0.0,0.05431830526887561,0.1662971175166297,0.5656108597285068,0.0,0.21645021645021645,0.5040322580645161,0.03672420124862284,0.01808972503617945,0.018426386585590565,0.017937219730941704,0.0,0.01793400286944046,0.847457627118644,0.07639419404125286,0.019175455417066153,0.01887504718761797,0.020064205457463884,0.019387359441644048,0.01854943424225561,0.4844570044408559,0.03607503607503607,0.0,0.0,0.03806623524933384,0.14461315979754158,0.09973404255319149,0.3003003003003003,0.10682769696633494,0.847457627118644
h2h_dominance_count,0.6395870736086176,0.6588416745560419,0.7128309572301426,0.20390824129141888,0.171556013038257,0.13812154696132595,0.2775368603642671,0.0,0.0,0.0,0.0,0.0,0.0,0.0,0.0,0.0,0.0,0.0,0.0,0.0,0.0,0.0,0.0,0.0,0.0,0.0,0.0,0.0,0.0,0.0,0.0,0.0,0.0,0.0,0.0,0.08006806763000203,0.7128309572301426
races_tier34_24m,0.24685816876122083,0.41689486912585466,0.30549898167006106,0.15293118096856415,0.1029336078229542,0.15538674033149172,0.17346053772766695,0.0,0.0,0.0,0.0,0.0,0.0,0.0,0.0,0.0,0.0,0.0,0.0,0.0,0.0,0.0,0.0,0.0,0.0,0.0,0.0,0.0,0.0,0.0,0.0,0.0,0.0,0.0,0.0,0.0443989738973661,0.41689486912585466
is_cold_start,0.0,0.0,0.0,0.0,0.0,0.0,0.0,0.0,0.05431830526887561,0.0,0.0,0.06172839506172839,0.0,0.0,0.0,0.01808972503617945,0.0,0.0,0.01872308556450103,0.0,0.0423728813559322,0.0,0.0,0.0,0.0,0.0,0.0,0.0,0.0,0.0,0.0,0.0,0.0,0.0,0.0,0.005578068351063333,0.06172839506172839
cloud_cover_pct,0.0,0.0,0.0,0.0,0.0,0.0,0.0,0.0,0.0,0.0,0.0,0.0,0.0,0.0,0.0,0.0,0.0,0.0,0.0,0.0,0.0,0.0,0.0,0.0,0.0,0.0,0.0,0.0,0.0,0.0,0.0,0.0,0.0,0.0,0.0,0.0,0.0
apparent_temp,0.0,0.0,0.0,0.0,0.0,0.0,0.0,0.0,0.0,0.0,0.0,0.0,0.0,0.0,0.0,0.0,0.0,0.0,0.0,0.0,0.0,0.0,0.0,0.0,0.0,0.0,0.0,0.0,0.0,0.0,0.0,0.0,0.0,0.0,0.0,0.0,0.0
precipitation_mm,0.0,0.0,0.0,0.0,0.0,0.0,0.0,0.0,0.0,0.0,0.0,0.0,0.0,0.0,0.0,0.0,0.0,0.0,0.0,0.0,0.0,0.0,0.0,0.0,0.0,0.0,0.0,0.0,0.0,0.0,0.0,0.0,0.0,0.0,0.0,0.0,0.0
wind_speed_kmh,0.0,0.0,0.0,0.0,0.0,0.0,0.0,0.0,0.0,0.0,0.0,0.0,0.0,0.0,0.0,0.0,0.0,0.0,0.0,0.0,0.0,0.0,0.0,0.0,0.0,0.0,0.0,0.0,0.0,0.0,0.0,0.0,0.0,0.0,0.0,0.0,0.0
wind_gust_kmh,0.0,0.0,0.0,0.0,0.0,0.0,0.0,0.0,0.0,0.0,0.0,0.0,0.0,0.0,0.0,0.0,0.0,0.0,0.0,0.0,0.0,0.0,0.0,0.0,0.0,0.0,0.0,0.0,0.0,0.0,0.0,0.0,0.0,0.0,0.0,0.0,0.0
